symbol,yf_symbol,akshare_symbol,name,market,sector_tags,market_cap,pe,float_pct,tags,is_loss,is_low_cap
600941.SH,600941.SH,600941,中国移动,CN,"数据中心,算力概念",20927.58,17.83,4.17,【低PE】【低流通】,0,0
300750.SZ,300750.SZ,300750,宁德时代,CN,华为概念,20171.51,24.32,92.01,【高流通】,0,0
601138.SH,601138.SH,601138,工业富联,CN,"CPO概念,人工智能,机器人概念,液冷概念,算力概念",12477.97,29.44,100.0,【高流通】,0,0
300308.SZ,300308.SZ,300308,中际旭创,CN,"CPO概念,无人驾驶,算力概念",9549.12,41.63,99.52,【高流通】,0,0
688981.SH,688981.SH,688981,中芯国际,CN,"国产芯片,存储芯片",9513.98,188.74,24.95,【低流通】,0,0
002594.SZ,002594.SZ,002594,比亚迪,CN,"华为概念,国产芯片,无人驾驶,机器人概念",9388.89,57.47,38.24,,0,0
688256.SH,688256.SH,688256,寒武纪,CN,"AI芯片,人工智能,国产芯片,数据中心,算力概念",7168.48,176.87,100.0,【高流通】,0,0
688041.SH,688041.SH,688041,海光信息,CN,"AI芯片,人工智能,信创,国产芯片,算力概念",6885.85,250.54,100.0,【高流通】,0,0
000333.SZ,000333.SZ,000333,美的集团,CN,"人形机器人,国产芯片,数据中心,液冷概念,鸿蒙概念",6168.82,12.17,90.12,【低PE】【高流通】,0,0
601728.SH,601728.SH,601728,中国电信,CN,"人工智能,数据中心,算力概念",5517.88,18.77,84.83,【低PE】【高流通】,0,0
300502.SZ,300502.SZ,300502,新易盛,CN,"CPO概念,算力概念",5226.4,47.0,89.07,【高流通】,0,0
002475.SZ,002475.SZ,002475,立讯精密,CN,"AI眼镜,CPO概念,华为概念,数据中心,机器人概念,液冷概念",4881.61,33.35,99.77,【高流通】,0,0
600030.SH,600030.SH,600030,中信证券,CN,华为概念,4034.15,9.87,82.16,【低PE】【高流通】,0,0
002371.SZ,002371.SZ,002371,北方华创,CN,"华为概念,华为海思,国产芯片,存储芯片",3892.28,59.52,99.92,【高流通】,0,0
002384.SZ,002384.SZ,002384,东山精密,CN,"PCB,华为概念",3420.16,77.04,75.69,,0,0
688795.SH,688795.SH,688795,摩尔线程-U,CN,"AI芯片,国产芯片,算力概念",3363.99,2864.51,6.25,【低流通】,0,0
002415.SZ,002415.SZ,002415,海康威视,CN,"AI应用,人工智能,存储芯片,无人驾驶,机器人概念",3325.93,29.9,98.71,【高流通】,0,0
300476.SZ,300476.SZ,300476,胜宏科技,CN,"PCB,人形机器人,机器人概念",3228.35,62.64,88.04,【高流通】,0,0
300059.SZ,300059.SZ,300059,东方财富,CN,"AIGC概念,AI应用,人工智能,虚拟机器人,鸿蒙概念",3217.7,21.52,84.39,【高流通】,0,0
688802.SH,688802.SH,688802,沐曦股份-U,CN,"AI芯片,国产芯片,算力概念",3032.88,-767.1,4.53,【亏损】【低流通】,1,0
000338.SZ,000338.SZ,000338,潍柴动力,CN,"数据中心,无人驾驶",2718.27,22.02,57.43,,0,0
688347.SH,688347.SH,688347,华虹公司,CN,存储芯片,2450.06,650.55,23.47,【低流通】,0,0
300394.SZ,300394.SZ,300394,天孚通信,CN,"CPO概念,华为概念,算力概念",2395.92,121.69,99.8,【高流通】,0,0
688012.SH,688012.SH,688012,中微公司,CN,"国产芯片,存储芯片",2359.09,63.38,100.0,【高流通】,0,0
000651.SZ,000651.SZ,000651,格力电器,CN,"国产芯片,机器人概念",2243.36,9.22,98.58,【低PE】【高流通】,0,0
603986.SH,603986.SH,603986,兆易创新,CN,"AI眼镜,人工智能,国产芯片,存储芯片,汽车芯片",2194.38,37.54,95.26,【高流通】,0,0
002916.SZ,002916.SZ,002916,深南电路,CN,"PCB,华为概念,国产芯片,存储芯片",2128.65,62.59,97.6,【高流通】,0,0
688008.SH,688008.SH,688008,澜起科技,CN,"AIPC,AI芯片,人工智能,国产芯片,存储芯片,算力概念",2118.07,62.49,93.8,【高流通】,0,0
600406.SH,600406.SH,600406,国电南瑞,CN,"国产芯片,数据中心",2085.85,72.3,99.71,【高流通】,0,0
002050.SZ,002050.SZ,002050,三花智控,CN,"华为汽车,机器人执行器,机器人概念",1974.4,53.21,87.55,【高流通】,0,0
002463.SZ,002463.SZ,002463,沪电股份,CN,"PCB,华为概念,国产芯片,无人驾驶",1973.82,39.73,99.92,【高流通】,0,0
002352.SZ,002352.SZ,002352,顺丰控股,CN,人工智能,1869.63,18.51,94.65,【低PE】【高流通】,0,0
002460.SZ,002460.SZ,002460,赣锋锂业,CN,人形机器人,1859.35,25.3,57.77,,0,0
600183.SH,600183.SH,600183,生益科技,CN,"PCB,华为概念,存储芯片",1858.52,40.12,98.57,【高流通】,0,0
300124.SZ,300124.SZ,300124,汇川技术,CN,"人形机器人,机器人概念",1857.31,45.82,89.02,【高流通】,0,0
302132.SZ,302132.SZ,302132,中航成飞,CN,人形机器人,1792.71,232.53,21.93,【低流通】,0,0
300033.SZ,300033.SZ,300033,同花顺,CN,"AIGC概念,AI应用,人工智能,虚拟机器人,鸿蒙概念",1768.7,172.77,58.25,,0,0
000063.SZ,000063.SZ,000063,中兴通讯,CN,"AI手机,人工智能,信创,国产芯片,数据中心,液冷概念,算力概念",1755.56,33.49,84.2,【高流通】,0,0
601766.SH,601766.SH,601766,中国中车,CN,无人驾驶,1713.32,12.68,84.77,【低PE】【高流通】,0,0
601633.SH,601633.SH,601633,长城汽车,CN,"人工智能,华为概念,无人驾驶",1702.16,45.01,72.56,,0,0
301308.SZ,301308.SZ,301308,江波龙,CN,"AIPC,AI手机,AI眼镜,信创,国产芯片,存储芯片,机器人概念",1681.28,10.88,65.47,【低PE】,0,0
002938.SZ,002938.SZ,002938,鹏鼎控股,CN,"AIPC,AI手机,AI眼镜,PCB,华为概念",1670.16,90.23,99.63,【高流通】,0,0
300408.SZ,300408.SZ,300408,三环集团,CN,华为概念,1642.44,51.92,97.56,【高流通】,0,0
600487.SH,600487.SH,600487,亨通光电,CN,"CPO概念,华为概念,机器人概念,液冷概念",1620.42,36.65,99.14,【高流通】,0,0
600104.SH,600104.SH,600104,上汽集团,CN,"华为汽车,无人驾驶",1584.05,13.09,100.0,【低PE】【高流通】,0,0
300014.SZ,300014.SZ,300014,亿纬锂能,CN,机器人概念,1562.38,27.01,97.17,【高流通】,0,0
601127.SH,601127.SH,601127,赛力斯,CN,"人工智能,华为概念,华为汽车,无人驾驶",1546.01,51.23,89.39,【高流通】,0,0
000725.SZ,000725.SZ,000725,京东方Ａ,CN,"人工智能,华为概念,国产芯片",1511.41,22.13,98.1,【高流通】,0,0
688521.SH,688521.SH,688521,芯原股份,CN,"AI眼镜,人工智能,国产芯片,无人驾驶",1477.19,-108.35,100.0,【亏损】【高流通】,1,0
300442.SZ,300442.SZ,300442,润泽科技,CN,"数据中心,机器人概念,液冷概念,算力概念",1455.55,62.5,99.72,【高流通】,0,0
600050.SH,600050.SH,600050,中国联通,CN,"华为概念,数据中心,算力概念",1413.15,16.53,99.12,【低PE】【高流通】,0,0
301666.SZ,301666.SZ,301666,大普微-UW,CN,"国产芯片,存储芯片,数据中心",1387.17,93.75,6.08,【低流通】,0,0
600176.SH,600176.SH,600176,中国巨石,CN,PCB,1381.08,27.25,100.0,【高流通】,0,0
605117.SH,605117.SH,605117,德业股份,CN,国产芯片,1369.73,28.83,100.0,【高流通】,0,0
603019.SH,603019.SH,603019,中科曙光,CN,"人工智能,信创,国产芯片,数据中心,液冷概念,算力概念",1360.11,149.24,99.97,【高流通】,0,0
300433.SZ,300433.SZ,300433,蓝思科技,CN,"AIPC,AI眼镜,人形机器人,华为概念,机器人概念,液冷概念",1356.11,-226.62,94.15,【亏损】【高流通】,1,0
600089.SH,600089.SH,600089,特变电工,CN,数据中心,1355.16,18.67,100.0,【低PE】【高流通】,0,0
688498.SH,688498.SH,688498,源杰科技,CN,国产芯片,1350.24,188.12,98.71,【高流通】,0,0
000657.SZ,000657.SZ,000657,中钨高新,CN,PCB,1325.92,35.99,63.76,,0,0
688702.SH,688702.SH,688702,盛科通信-U,CN,"国产芯片,数据中心",1320.86,-1939.05,49.51,【亏损】,1,0
300857.SZ,300857.SZ,300857,协创数据,CN,"AIGC概念,AI应用,AI眼镜,CPO概念,人工智能,国产芯片,存储芯片,算力概念",1258.43,41.93,99.48,【高流通】,0,0
601727.SH,601727.SH,601727,上海电气,CN,"人形机器人,机器人概念",1255.64,82.51,81.18,【高流通】,0,0
601868.SH,601868.SH,601868,中国能建,CN,"华为概念,机器人概念",1252.0,21.52,73.3,,0,0
688525.SH,688525.SH,688525,佰维存储,CN,"AIPC,AI手机,AI眼镜,信创,国产芯片,存储芯片,数据中心,机器人概念,汽车芯片",1248.09,10.76,100.0,【低PE】【高流通】,0,0
603501.SH,603501.SH,603501,豪威集团,CN,"华为概念,国产芯片,无人驾驶,汽车芯片",1239.71,61.62,95.98,【高流通】,0,0
600010.SH,600010.SH,600010,包钢股份,CN,"华为概念,数据中心",1222.79,-66.07,69.29,【亏损】,1,0
600118.SH,600118.SH,600118,中国卫星,CN,国产芯片,1215.6,-711.87,100.0,【亏损】【高流通】,1,0
000988.SZ,000988.SZ,000988,华工科技,CN,"CPO概念,华为概念,机器人概念",1201.88,47.06,99.95,【高流通】,0,0
688818.SH,688818.SH,688818,电科蓝天,CN,"人形机器人,机器人概念",1191.53,1998.76,7.6,【低流通】,0,0
001309.SZ,001309.SZ,001309,德明利,CN,"AIPC,信创,国产芯片,存储芯片",1190.51,8.89,71.12,【低PE】,0,0
002602.SZ,002602.SZ,002602,世纪华通,CN,"AIGC概念,AI应用,人工智能,华为概念,数据中心,算力概念",1180.05,14.55,92.21,【低PE】【高流通】,0,0
000425.SZ,000425.SZ,000425,徐工机械,CN,"人工智能,机器人概念",1168.99,14.21,76.68,【低PE】,0,0
688111.SH,688111.SH,688111,金山办公,CN,"AI应用,人工智能,信创",1167.42,13.3,100.0,【低PE】【高流通】,0,0
002281.SZ,002281.SZ,002281,光迅科技,CN,"CPO概念,华为概念,国产芯片,液冷概念",1163.87,121.27,96.63,【高流通】,0,0
002230.SZ,002230.SZ,002230,科大讯飞,CN,"AIGC概念,AI应用,人工智能,人形机器人,信创,华为概念,多模态AI,无人驾驶,机器人概念",1147.95,-169.09,91.14,【亏损】【高流通】,1,0
600522.SH,600522.SH,600522,中天科技,CN,"CPO概念,华为概念,数据中心,液冷概念",1130.37,30.75,100.0,【高流通】,0,0
603296.SH,603296.SH,603296,华勤技术,CN,"AIPC,AI眼镜,华为概念,机器人概念",1113.06,26.24,53.1,,0,0
300604.SZ,300604.SZ,300604,长川科技,CN,"国产芯片,存储芯片",1105.16,78.37,77.15,,0,0
300498.SZ,300498.SZ,300498,温氏股份,CN,华为概念,1093.91,-25.56,89.41,【亏损】【高流通】,1,0
603256.SH,603256.SH,603256,宏和科技,CN,"PCB,华为概念",1077.36,192.07,97.25,【高流通】,0,0
600418.SH,600418.SH,600418,江淮汽车,CN,"华为概念,华为汽车,无人驾驶",1067.13,-44.02,96.89,【亏损】【高流通】,1,0
600673.SH,600673.SH,600673,东阳光,CN,"人形机器人,华为概念,数据中心,机器人概念,液冷概念",1065.38,223.3,99.73,【高流通】,0,0
688808.SH,688808.SH,688808,C联讯,CN,CPO概念,1060.89,223.06,18.79,【低流通】,0,0
601689.SH,601689.SH,601689,拓普集团,CN,"华为汽车,无人驾驶,机器人执行器,机器人概念,液冷概念",1045.13,47.35,100.0,【高流通】,0,0
002008.SZ,002008.SZ,002008,大族激光,CN,"PCB,华为概念,机器人执行器,机器人概念",1037.02,73.22,92.92,【高流通】,0,0
002600.SZ,002600.SZ,002600,领益智造,CN,"AIPC,AI手机,AI眼镜,人工智能,人形机器人,华为概念,机器人概念,液冷概念",1027.51,65.59,98.52,【高流通】,0,0
000977.SZ,000977.SZ,000977,浪潮信息,CN,"人工智能,信创,国产芯片,数据中心,液冷概念,算力概念",1024.26,42.33,99.89,【高流通】,0,0
002648.SZ,002648.SZ,002648,卫星化学,CN,液冷概念,997.12,11.78,99.94,【低PE】【高流通】,0,0
600160.SH,600160.SH,600160,巨化股份,CN,"国产芯片,液冷概念",988.92,21.08,100.0,【高流通】,0,0
600029.SH,600029.SH,600029,南方航空,CN,华为概念,980.34,16.55,74.37,【低PE】,0,0
301377.SZ,301377.SZ,301377,鼎泰高科,CN,PCB,962.11,92.31,17.32,【低流通】,0,0
688783.SH,688783.SH,688783,西安奕材-U,CN,存储芯片,956.96,-151.11,4.59,【亏损】【低流通】,1,0
000625.SZ,000625.SZ,000625,长安汽车,CN,"人工智能,人形机器人,华为概念,华为汽车,无人驾驶",944.7,67.38,83.4,【高流通】,0,0
002080.SZ,002080.SZ,002080,中材科技,CN,PCB,925.82,45.61,100.0,【高流通】,0,0
002837.SZ,002837.SZ,002837,英维克,CN,"华为概念,数据中心,液冷概念",924.66,2670.08,88.68,【高流通】,0,0
300450.SZ,300450.SZ,300450,先导智能,CN,人工智能,924.51,57.01,93.14,【高流通】,0,0
300390.SZ,300390.SZ,300390,天华新能,CN,华为概念,917.98,23.69,80.92,【高流通】,0,0
600549.SH,600549.SH,600549,厦门钨业,CN,机器人概念,917.31,20.72,97.88,【高流通】,0,0
000938.SZ,000938.SZ,000938,紫光股份,CN,"CPO概念,人工智能,国产芯片,液冷概念,算力概念",914.94,29.03,100.0,【高流通】,0,0
688183.SH,688183.SH,688183,生益电子,CN,"AIPC,PCB,华为概念,无人驾驶",911.68,51.25,100.0,【高流通】,0,0
301638.SZ,301638.SZ,301638,南网数字,CN,"人工智能,国产芯片,多模态AI,鸿蒙概念",908.43,294.21,7.39,【低流通】,0,0
601231.SH,601231.SH,601231,环旭电子,CN,AI眼镜,903.08,54.11,100.0,【高流通】,0,0
000100.SZ,000100.SZ,000100,TCL科技,CN,"AI眼镜,AI芯片,华为概念",888.2,14.27,91.98,【低PE】【高流通】,0,0
300136.SZ,300136.SZ,300136,信维通信,CN,华为概念,883.39,210.55,85.29,【高流通】,0,0
301200.SZ,301200.SZ,301200,大族数控,CN,PCB,882.87,68.35,87.15,【高流通】,0,0
002241.SZ,002241.SZ,002241,歌尔股份,CN,"AI眼镜,华为概念,国产芯片",869.69,43.23,88.53,【高流通】,0,0
601179.SH,601179.SH,601179,中国西电,CN,数据中心,867.3,62.56,100.0,【高流通】,0,0
002625.SZ,002625.SZ,002625,光启技术,CN,"人工智能,人形机器人",844.17,119.81,100.0,【高流通】,0,0
600584.SH,600584.SH,600584,长电科技,CN,"CPO概念,华为海思,国产芯片,存储芯片,汽车芯片",815.26,70.21,100.0,【高流通】,0,0
300475.SZ,300475.SZ,300475,香农芯创,CN,存储芯片,812.16,15.3,95.8,【低PE】【高流通】,0,0
603195.SH,603195.SH,603195,公牛集团,CN,华为概念,810.85,19.16,99.6,【低PE】【高流通】,0,0
300757.SZ,300757.SZ,300757,罗博特科,CN,"CPO概念,华为海思",808.04,-520.4,89.88,【亏损】【高流通】,1,0
600879.SH,600879.SH,600879,航天电子,CN,国产芯片,790.84,632.11,100.0,【高流通】,0,0
002156.SZ,002156.SZ,002156,通富微电,CN,"AIPC,CPO概念,华为概念,华为海思,国产芯片,存储芯片",785.66,59.69,99.99,【高流通】,0,0
600066.SH,600066.SH,600066,宇通客车,CN,无人驾驶,783.96,29.73,100.0,【高流通】,0,0
601360.SH,601360.SH,601360,三六零,CN,"AI应用,AI智能体,人工智能,信创,多模态AI",781.85,178.89,100.0,【高流通】,0,0
002179.SZ,002179.SZ,002179,中航光电,CN,"CPO概念,华为概念,机器人概念,液冷概念",774.13,48.59,99.01,【高流通】,0,0
001389.SZ,001389.SZ,001389,广合科技,CN,"PCB,人工智能,华为概念,存储芯片",771.34,49.12,32.17,,0,0
603893.SH,603893.SH,603893,瑞芯微,CN,"AI眼镜,AI芯片,人工智能,人形机器人,华为概念,国产芯片,机器人概念",770.0,58.48,99.97,【高流通】,0,0
688396.SH,688396.SH,688396,华润微,CN,"国产芯片,存储芯片,机器人概念,汽车芯片",752.43,57.0,100.0,【高流通】,0,0
300548.SZ,300548.SZ,300548,长芯博创,CN,"CPO概念,华为概念,国产芯片",748.44,143.86,92.35,【高流通】,0,0
301165.SZ,301165.SZ,301165,锐捷网络,CN,"AIGC概念,AI智能体,CPO概念,数据中心,液冷概念,算力概念",739.14,150.32,100.0,【高流通】,0,0
688375.SH,688375.SH,688375,国博电子,CN,国产芯片,730.18,21317.68,100.0,【高流通】,0,0
600415.SH,600415.SH,600415,小商品城,CN,"人工智能,数据中心",726.57,18.34,100.0,【低PE】【高流通】,0,0
601238.SH,601238.SH,601238,广汽集团,CN,"人形机器人,华为概念,华为汽车,无人驾驶,机器人概念",716.85,-27.31,72.41,【亏损】,1,0
002851.SZ,002851.SZ,002851,麦格米特,CN,国产芯片,699.17,152.41,78.76,,0,0
688120.SH,688120.SH,688120,华海清科,CN,存储芯片,698.22,70.58,100.0,【高流通】,0,0
603228.SH,603228.SH,603228,景旺电子,CN,"CPO概念,PCB,华为概念,无人驾驶",691.05,74.25,99.08,【高流通】,0,0
000157.SZ,000157.SZ,000157,中联重科,CN,"人工智能,人形机器人,算力概念",687.56,19.44,81.74,【低PE】【高流通】,0,0
600703.SH,600703.SH,600703,三安光电,CN,"AI眼镜,国产芯片,数据中心,汽车芯片",682.0,252.62,100.0,【高流通】,0,0
688126.SH,688126.SH,688126,沪硅产业,CN,"国产芯片,存储芯片",681.17,-35.25,82.65,【亏损】【高流通】,1,0
688002.SH,688002.SH,688002,睿创微纳,CN,"人工智能,国产芯片,无人驾驶,机器人概念",680.02,35.51,100.0,【高流通】,0,0
300866.SZ,300866.SZ,300866,安克创新,CN,"人工智能,国产芯片",672.56,35.65,57.36,,0,0
688387.SH,688387.SH,688387,信科移动-U,CN,人工智能,669.39,-130.58,58.99,【亏损】,1,0
688047.SH,688047.SH,688047,龙芯中科,CN,"信创,国产芯片,算力概念",666.58,-146.22,100.0,【亏损】【高流通】,1,0
002074.SZ,002074.SZ,002074,国轩高科,CN,"华为概念,数据中心",666.54,790.0,95.7,【高流通】,0,0
688036.SH,688036.SH,688036,传音控股,CN,"AIPC,AI手机,AI智能体,AI眼镜",664.81,23.73,100.0,【高流通】,0,0
600196.SH,600196.SH,600196,复星医药,CN,机器人概念,664.67,19.08,79.33,【低PE】,0,0
300919.SZ,300919.SZ,300919,中伟新材,CN,"华为概念,机器人概念",664.23,29.9,87.55,【高流通】,0,0
688187.SH,688187.SH,688187,时代电气,CN,机器人概念,657.52,25.55,63.99,,0,0
002049.SZ,002049.SZ,002049,紫光国微,CN,"AI芯片,人工智能,国产芯片,存储芯片,汽车芯片,算力概念",656.93,49.13,99.99,【高流通】,0,0
600845.SH,600845.SH,600845,宝信软件,CN,"AI应用,人形机器人,华为概念,数据中心,机器人概念",651.09,42.69,74.34,,0,0
301217.SZ,301217.SZ,301217,铜冠铜箔,CN,PCB,649.45,152.67,100.0,【高流通】,0,0
000066.SZ,000066.SZ,000066,中国长城,CN,"信创,华为概念,国产芯片,数据中心,液冷概念",639.35,-191.16,99.99,【亏损】【高流通】,1,0
688110.SH,688110.SH,688110,东芯股份,CN,"国产芯片,存储芯片,汽车芯片",635.82,114.95,100.0,【高流通】,0,0
001391.SZ,001391.SZ,001391,国货航,CN,华为概念,634.86,33.62,12.44,【低流通】,0,0
600498.SH,600498.SH,600498,烽火通信,CN,"CPO概念,国产芯片,液冷概念,算力概念",633.99,412.84,93.63,【高流通】,0,0
002414.SZ,002414.SZ,002414,高德红外,CN,"人工智能,华为昇腾,华为概念,国产芯片,无人驾驶",633.35,43.27,79.58,,0,0
688629.SH,688629.SH,688629,华丰科技,CN,华为概念,627.87,149.33,39.43,,0,0
688777.SH,688777.SH,688777,中控技术,CN,"AI应用,AI智能体,人形机器人,机器人概念",627.33,210.0,99.5,【高流通】,0,0
002558.SZ,002558.SZ,002558,巨人网络,CN,"AIGC概念,AI应用,人工智能,华为概念,鸿蒙概念",623.76,14.43,100.0,【低PE】【高流通】,0,0
688048.SH,688048.SH,688048,长光华芯,CN,"国产芯片,数据中心,无人驾驶",620.56,3463.22,100.0,【高流通】,0,0
600105.SH,600105.SH,600105,永鼎股份,CN,"CPO概念,华为概念,国产芯片,数据中心",620.03,97.6,100.0,【高流通】,0,0
603083.SH,603083.SH,603083,剑桥科技,CN,"CPO概念,信创,华为概念,液冷概念",617.03,130.36,78.15,,0,0
002920.SZ,002920.SZ,002920,德赛西威,CN,"华为概念,华为汽车,无人驾驶,机器人概念",615.13,33.32,99.97,【高流通】,0,0
300058.SZ,300058.SZ,300058,蓝色光标,CN,"AIGC概念,AI应用,AI智能体,人工智能,智谱AI概念,机器人概念",614.65,121.85,96.87,【高流通】,0,0
300418.SZ,300418.SZ,300418,昆仑万维,CN,"AIGC概念,AI应用,AI智能体,AI芯片,AI语料,人工智能,国产芯片,多模态AI,无人驾驶,算力概念",613.37,-17.29,99.93,【亏损】【高流通】,1,0
301526.SZ,301526.SZ,301526,国际复材,CN,"PCB,华为概念",606.36,56.1,37.24,,0,0
002236.SZ,002236.SZ,002236,大华股份,CN,"AI应用,AI智能体,人工智能,信创,多模态AI,无人驾驶,机器人概念,算力概念,鸿蒙概念",604.49,21.66,73.14,,0,0
300803.SZ,300803.SZ,300803,指南针,CN,"人工智能,鸿蒙概念",599.97,134.87,99.27,【高流通】,0,0
300223.SZ,300223.SZ,300223,北京君正,CN,"人工智能,国产芯片,存储芯片,机器人概念,汽车芯片",599.22,46.96,87.16,【高流通】,0,0
688313.SH,688313.SH,688313,仕佳光子,CN,"CPO概念,国产芯片,数据中心",595.81,128.21,100.0,【高流通】,0,0
300620.SZ,300620.SZ,300620,光库科技,CN,"CPO概念,国产芯片,无人驾驶",592.95,331.36,99.17,【高流通】,0,0
600580.SH,600580.SH,600580,XD卧龙电,CN,"人形机器人,华为概念,机器人概念",591.26,53.56,99.71,【高流通】,0,0
300054.SZ,300054.SZ,300054,鼎龙股份,CN,国产芯片,591.22,58.9,77.86,,0,0
688027.SH,688027.SH,688027,国盾量子,CN,国产芯片,588.56,-773.87,78.14,【亏损】,1,0
600741.SH,600741.SH,600741,华域汽车,CN,无人驾驶,588.3,11.82,100.0,【低PE】【高流通】,0,0
000963.SZ,000963.SZ,000963,华东医药,CN,人工智能,584.87,14.59,99.96,【低PE】【高流通】,0,0
688469.SH,688469.SH,688469,芯联集成-U,CN,"机器人概念,汽车芯片",577.57,-163.41,52.84,【亏损】,1,0
601298.SH,601298.SH,601298,青岛港,CN,华为概念,574.46,10.45,83.07,【低PE】【高流通】,0,0
300782.SZ,300782.SZ,300782,卓胜微,CN,"华为概念,国产芯片",572.8,-99.23,77.96,【亏损】,1,0
300661.SZ,300661.SZ,300661,圣邦股份,CN,"人工智能,国产芯片,存储芯片",570.65,115.34,96.51,【高流通】,0,0
600895.SH,600895.SH,600895,张江高科,CN,"人工智能,国产芯片",567.13,169.77,100.0,【高流通】,0,0
601212.SH,601212.SH,601212,白银有色,CN,PCB,564.98,94.18,100.0,【高流通】,0,0
688385.SH,688385.SH,688385,复旦微电,CN,"AI芯片,国产芯片,存储芯片",560.71,94.52,65.48,,0,0
300316.SZ,300316.SZ,300316,晶盛机电,CN,"AI眼镜,国产芯片,存储芯片",558.12,136.07,94.05,【高流通】,0,0
003031.SZ,003031.SZ,003031,中瓷电子,CN,华为概念,557.14,72.06,75.41,,0,0
688009.SH,688009.SH,688009,中国通号,CN,"华为概念,国产芯片",543.26,26.05,81.41,【高流通】,0,0
300759.SZ,300759.SZ,300759,康龙化成,CN,"AI制药（医疗）,人工智能",538.51,40.14,77.29,,0,0
000559.SZ,000559.SZ,000559,万向钱潮,CN,"人形机器人,机器人概念",533.44,54.03,99.97,【高流通】,0,0
002850.SZ,002850.SZ,002850,科达利,CN,"人形机器人,机器人概念",525.17,28.47,72.2,,0,0
300037.SZ,300037.SZ,300037,新宙邦,CN,液冷概念,519.49,27.03,71.66,,0,0
601777.SH,601777.SH,601777,千里科技,CN,无人驾驶,507.72,262.41,100.0,【高流通】,0,0
600570.SH,600570.SH,600570,恒生电子,CN,"人工智能,信创,多模态AI",507.31,91.39,100.0,【高流通】,0,0
300207.SZ,300207.SZ,300207,欣旺达,CN,华为概念,506.76,111.12,92.77,【高流通】,0,0
300454.SZ,300454.SZ,300454,深信服,CN,"AI应用,人工智能,信创,算力概念",505.7,-196.0,66.74,【亏损】,1,0
002429.SZ,002429.SZ,002429,兆驰股份,CN,"AI应用,AI眼镜,PCB,汽车芯片",500.23,59.66,99.94,【高流通】,0,0
600601.SH,600601.SH,600601,方正科技,CN,"PCB,华为概念",498.75,53.83,97.58,【高流通】,0,0
603806.SH,603806.SH,603806,福斯特,CN,PCB,488.88,39.2,100.0,【高流通】,0,0
002195.SZ,002195.SZ,002195,岩山科技,CN,"AIGC概念,AIPC,AI制药（医疗）,AI应用,AI智能体,AI芯片,AI语料,人工智能,华为概念,多模态AI...",488.23,579.42,99.11,【高流通】,0,0
301396.SZ,301396.SZ,301396,宏景科技,CN,"AI智能体,人工智能,信创,算力概念",486.25,401.76,49.56,,0,0
301269.SZ,301269.SZ,301269,华大九天,CN,"人工智能,信创,国产芯片,存储芯片",484.46,-165.9,100.0,【亏损】【高流通】,1,0
688585.SH,688585.SH,688585,上纬新材,CN,"人形机器人,机器人概念",483.71,-294.45,100.0,【亏损】【高流通】,1,0
600885.SH,600885.SH,600885,宏发股份,CN,数据中心,481.92,24.88,100.0,【高流通】,0,0
600460.SH,600460.SH,600460,士兰微,CN,国产芯片,480.92,57.57,100.0,【高流通】,0,0
300432.SZ,300432.SZ,300432,富临精工,CN,"人形机器人,华为概念,华为汽车,机器人概念",480.78,59.27,98.89,【高流通】,0,0
300666.SZ,300666.SZ,300666,江丰电子,CN,"华为概念,国产芯片,存储芯片",476.81,56.83,83.34,【高流通】,0,0
300347.SZ,300347.SZ,300347,泰格医药,CN,人工智能,475.29,242.28,65.76,,0,0
002555.SZ,002555.SZ,002555,三七互娱,CN,"AI应用,华为概念,智谱AI概念",474.08,13.57,71.75,【低PE】,0,0
301511.SZ,301511.SZ,301511,德福科技,CN,PCB,474.0,80.49,59.43,,0,0
688200.SH,688200.SH,688200,华峰测控,CN,"华为概念,国产芯片",473.69,125.7,100.0,【高流通】,0,0
002436.SZ,002436.SZ,002436,兴森科技,CN,"PCB,华为概念,国产芯片,机器人概念",470.98,628.15,89.31,【高流通】,0,0
600378.SH,600378.SH,600378,昊华科技,CN,液冷概念,469.56,38.11,83.14,【高流通】,0,0
688037.SH,688037.SH,688037,芯源微,CN,"华为概念,国产芯片",468.0,3334.37,100.0,【高流通】,0,0
601126.SH,601126.SH,601126,四方股份,CN,人工智能,466.99,43.13,99.03,【高流通】,0,0
603459.SH,603459.SH,603459,红板科技,CN,"CPO概念,PCB,华为概念,存储芯片,无人驾驶",465.29,93.96,10.49,【低流通】,0,0
300628.SZ,300628.SZ,300628,亿联网络,CN,信创,462.76,17.64,57.29,【低PE】,0,0
000021.SZ,000021.SZ,000021,深科技,CN,"国产芯片,存储芯片",460.0,47.49,99.99,【高流通】,0,0
002273.SZ,002273.SZ,002273,水晶光电,CN,"AI手机,AI眼镜,人形机器人,无人驾驶",458.91,46.51,97.95,【高流通】,0,0
688568.SH,688568.SH,688568,中科星图,CN,"AI智能体,人工智能,华为概念,多模态AI,算力概念",457.78,-76.9,100.0,【亏损】【高流通】,1,0
002428.SZ,002428.SZ,002428,云南锗业,CN,华为概念,457.25,1255.2,99.99,【高流通】,0,0
300748.SZ,300748.SZ,300748,金力永磁,CN,"人形机器人,机器人概念",453.39,58.8,82.15,【高流通】,0,0
600733.SH,600733.SH,600733,北汽蓝谷,CN,"华为概念,华为汽车,无人驾驶,汽车芯片",452.7,-13.0,76.83,【亏损】,1,0
300115.SZ,300115.SZ,300115,长盈精密,CN,"AIPC,AI眼镜,人形机器人,国产芯片,机器人概念",452.64,90.36,99.71,【高流通】,0,0
600143.SH,600143.SH,600143,金发科技,CN,机器人概念,451.87,37.02,100.0,【高流通】,0,0
600968.SH,600968.SH,600968,海油发展,CN,机器人概念,450.31,17.66,100.0,【低PE】【高流通】,0,0
002261.SZ,002261.SZ,002261,拓维信息,CN,"人工智能,信创,华为昇腾,华为概念,华为欧拉,机器人概念,液冷概念,鸿蒙概念",446.53,181.65,90.96,【高流通】,0,0
688099.SH,688099.SH,688099,晶晨股份,CN,"AI芯片,人工智能,国产芯片",445.59,64.31,100.0,【高流通】,0,0
600699.SH,600699.SH,600699,均胜电子,CN,"人形机器人,华为概念,华为汽车,无人驾驶",442.28,27.5,87.38,【高流通】,0,0
300870.SZ,300870.SZ,300870,欧陆通,CN,"华为概念,液冷概念",440.48,-878.06,99.99,【亏损】【高流通】,1,0
688019.SH,688019.SH,688019,安集科技,CN,"国产芯片,存储芯片",437.84,52.71,100.0,【高流通】,0,0
000967.SZ,000967.SZ,000967,盈峰环境,CN,"无人驾驶,机器人概念,算力概念",437.09,50.99,99.95,【高流通】,0,0
002131.SZ,002131.SZ,002131,利欧股份,CN,"AIGC概念,AI智能体,AI语料,人工智能,华为概念,液冷概念",436.78,349.29,86.46,【高流通】,0,0
688195.SH,688195.SH,688195,腾景科技,CN,"华为概念,无人驾驶",429.44,743.81,100.0,【高流通】,0,0
002185.SZ,002185.SZ,002185,华天科技,CN,"CPO概念,人工智能,华为概念,华为海思,国产芯片,存储芯片",428.3,123.38,99.98,【高流通】,0,0
688220.SH,688220.SH,688220,翱捷科技-U,CN,"AI眼镜,人工智能,国产芯片,汽车芯片",424.41,-378.69,88.25,【亏损】【高流通】,1,0
001267.SZ,001267.SZ,001267,汇绿生态,CN,CPO概念,423.67,712.41,77.14,,0,0
603175.SH,603175.SH,603175,超颖电子,CN,PCB,420.33,-109.85,10.41,【亏损】【低流通】,1,0
688141.SH,688141.SH,688141,杰华特,CN,"人工智能,华为概念,无人驾驶,汽车芯片",418.26,-37.86,100.0,【亏损】【高流通】,1,0
300373.SZ,300373.SZ,300373,扬杰科技,CN,"华为概念,国产芯片,数据中心,汽车芯片",412.29,26.78,99.78,【高流通】,0,0
688017.SH,688017.SH,688017,绿的谐波,CN,"人形机器人,机器人执行器,机器人概念",410.88,314.76,100.0,【高流通】,0,0
688519.SH,688519.SH,688519,南亚新材,CN,"PCB,华为概念",408.95,68.1,100.0,【高流通】,0,0
002444.SZ,002444.SZ,002444,巨星科技,CN,"人工智能,无人驾驶,机器人概念",408.39,19.81,96.0,【低PE】【高流通】,0,0
301236.SZ,301236.SZ,301236,软通动力,CN,"AIPC,AI应用,人工智能,人形机器人,信创,华为昇腾,华为概念,华为欧拉,多模态AI,无人驾驶,液冷概念,算力...",408.28,-29.17,75.9,【亏损】,1,0
002222.SZ,002222.SZ,002222,福晶科技,CN,"华为概念,无人驾驶",408.27,156.45,99.55,【高流通】,0,0
300567.SZ,300567.SZ,300567,精测电子,CN,"华为概念,国产芯片,存储芯片",405.77,237.5,81.16,【高流通】,0,0
688781.SH,688781.SH,688781,视涯科技-UW,CN,AI眼镜,404.5,-222.17,4.08,【亏损】【低流通】,1,0
600839.SH,600839.SH,600839,四川长虹,CN,"人工智能,信创,华为概念,国产芯片,数据中心,机器人概念",403.46,102.42,99.97,【高流通】,0,0
002409.SZ,002409.SZ,002409,雅克科技,CN,"国产芯片,存储芯片",403.16,37.79,66.93,,0,0
603929.SH,603929.SH,603929,亚翔集成,CN,"华为概念,国产芯片",401.76,40.51,100.0,【高流通】,0,0
688766.SH,688766.SH,688766,普冉股份,CN,"华为概念,国产芯片,存储芯片,汽车芯片",401.35,39.96,100.0,【高流通】,0,0
002465.SZ,002465.SZ,002465,海格通信,CN,"人工智能,华为概念,国产芯片",399.58,1714.17,99.84,【高流通】,0,0
600588.SH,600588.SH,600588,用友网络,CN,"AI应用,AI智能体,信创,华为概念",399.11,-13.81,100.0,【亏损】【高流通】,1,0
688548.SH,688548.SH,688548,广钢气体,CN,华为概念,396.61,108.02,52.39,,0,0
601208.SH,601208.SH,601208,东材科技,CN,PCB,395.39,52.91,100.0,【高流通】,0,0
300017.SZ,300017.SZ,300017,网宿科技,CN,"AIGC概念,人工智能,华为概念,数据中心,液冷概念,算力概念",393.51,81.48,93.73,【高流通】,0,0
000547.SZ,000547.SZ,000547,航天发展,CN,"信创,国产芯片",392.9,-89.17,99.42,【亏损】【高流通】,1,0
002126.SZ,002126.SZ,002126,银轮股份,CN,"人形机器人,华为概念,华为汽车,无人驾驶,液冷概念",389.7,45.52,93.79,【高流通】,0,0
300672.SZ,300672.SZ,300672,国科微,CN,"AI芯片,人工智能,国产芯片,存储芯片,汽车芯片,鸿蒙概念",387.12,176.15,96.88,【高流通】,0,0
000062.SZ,000062.SZ,000062,深圳华强,CN,"华为昇腾,华为概念,华为海思",386.15,48.06,99.9,【高流通】,0,0
002517.SZ,002517.SZ,002517,恺英网络,CN,"AI应用,AI眼镜,华为概念",384.13,12.3,88.42,【低PE】【高流通】,0,0
000981.SZ,000981.SZ,000981,山子高科,CN,"华为汽车,无人驾驶",383.9,38.23,95.16,【高流通】,0,0
300953.SZ,300953.SZ,300953,震裕科技,CN,"人形机器人,机器人概念",382.69,33.95,71.8,,0,0
688205.SH,688205.SH,688205,德科立,CN,CPO概念,381.4,485.52,100.0,【高流通】,0,0
603920.SH,603920.SH,603920,世运电路,CN,"AI眼镜,PCB,人形机器人,机器人概念",379.39,258.92,100.0,【高流通】,0,0
603629.SH,603629.SH,603629,利通电子,CN,"人工智能,国产芯片,算力概念",378.82,34.91,97.92,【高流通】,0,0
301696.SZ,301696.SZ,301696,三瑞智能,CN,机器人概念,378.81,72.69,7.52,【低流通】,0,0
603486.SH,603486.SH,603486,科沃斯,CN,"人工智能,机器人概念",377.23,23.3,99.04,【高流通】,0,0
600869.SH,600869.SH,600869,远东股份,CN,"人形机器人,华为概念,数据中心,机器人概念,液冷概念",377.07,97.56,100.0,【高流通】,0,0
920045.BJ,920045.BJ,920045,蘅东光,CN,"CPO概念,数据中心",375.09,111.51,29.57,【低流通】,0,0
688536.SH,688536.SH,688536,思瑞浦,CN,"国产芯片,汽车芯片",370.18,87.8,98.24,【高流通】,0,0
301550.SZ,301550.SZ,301550,斯菱智驱,CN,"人形机器人,无人驾驶,机器人概念",369.92,235.72,61.0,,0,0
600499.SH,600499.SH,600499,科达制造,CN,机器人概念,369.19,15.73,100.0,【低PE】【高流通】,0,0
300413.SZ,300413.SZ,300413,芒果超媒,CN,"AIGC概念,AI应用,AI语料,人工智能,华为概念,多模态AI",363.67,45.6,54.62,,0,0
300339.SZ,300339.SZ,300339,润和软件,CN,"AI应用,AI智能体,人工智能,信创,华为昇腾,华为概念,华为欧拉,华为汽车,华为海思,国产芯片,无人驾驶,机器人...",360.06,116.51,97.65,【高流通】,0,0
688728.SH,688728.SH,688728,格科微,CN,国产芯片,358.62,6357.96,96.09,【高流通】,0,0
601615.SH,601615.SH,601615,明阳智能,CN,国产芯片,358.22,363.18,100.0,【高流通】,0,0
603298.SH,603298.SH,603298,杭叉集团,CN,机器人概念,355.88,18.87,100.0,【低PE】【高流通】,0,0
300458.SZ,300458.SZ,300458,全志科技,CN,"人工智能,华为概念,国产芯片,无人驾驶,机器人概念,汽车芯片,算力概念",354.6,43.66,79.95,,0,0
601799.SH,601799.SH,601799,星宇股份,CN,无人驾驶,354.47,24.95,100.0,【高流通】,0,0
688213.SH,688213.SH,688213,思特威-W,CN,"AI眼镜,AI芯片,人工智能,国产芯片,无人驾驶,机器人概念,汽车芯片",353.67,37.35,80.41,【高流通】,0,0
000959.SZ,000959.SZ,000959,首钢股份,CN,机器人概念,353.63,50.79,96.09,【高流通】,0,0
002497.SZ,002497.SZ,002497,雅化集团,CN,机器人概念,353.49,26.08,91.93,【高流通】,0,0
600536.SH,600536.SH,600536,中国软件,CN,"信创,华为欧拉",352.78,-119.64,90.35,【亏损】【高流通】,1,0
600745.SH,600745.SH,600745,闻泰科技,CN,"AIPC,华为概念,国产芯片,数据中心,汽车芯片",350.0,-46.23,100.0,【亏损】【高流通】,1,0
301536.SZ,301536.SZ,301536,星宸科技,CN,"AI眼镜,AI芯片,人工智能,国产芯片,无人驾驶,机器人概念,算力概念",347.7,39.47,44.39,,0,0
000661.SZ,000661.SZ,000661,长春高新,CN,"AI制药（医疗）,AI智能体",346.46,31.41,97.96,【高流通】,0,0
300474.SZ,300474.SZ,300474,景嘉微,CN,"AI芯片,人工智能,信创,国产芯片,算力概念",344.82,-153.7,77.78,【亏损】,1,0
600330.SH,600330.SH,600330,天通股份,CN,"CPO概念,PCB,国产芯片",344.0,-205.52,100.0,【亏损】【高流通】,1,0
002432.SZ,002432.SZ,002432,九安医疗,CN,多模态AI,341.86,29.12,91.87,【高流通】,0,0
600562.SH,600562.SH,600562,国睿科技,CN,"华为概念,无人驾驶",341.01,110.45,100.0,【高流通】,0,0
688630.SH,688630.SH,688630,芯碁微装,CN,PCB,339.56,78.32,100.0,【高流通】,0,0
688025.SH,688025.SH,688025,杰普特,CN,"CPO概念,华为概念,国产芯片",338.39,86.61,100.0,【高流通】,0,0
300806.SZ,300806.SZ,300806,斯迪克,CN,"PCB,华为概念",336.35,552.19,69.8,,0,0
600637.SH,600637.SH,600637,东方明珠,CN,"AI智能体,人工智能",335.52,136.08,100.0,【高流通】,0,0
300456.SZ,300456.SZ,300456,赛微电子,CN,"华为概念,国产芯片,无人驾驶",335.5,-170.83,81.59,【亏损】【高流通】,1,0
603306.SH,603306.SH,603306,华懋科技,CN,CPO概念,334.27,714.48,100.0,【高流通】,0,0
600060.SH,600060.SH,600060,海信视像,CN,"AI智能体,AI眼镜,人工智能,国产芯片,多模态AI,机器人概念",334.07,14.14,99.63,【低PE】【高流通】,0,0
002472.SZ,002472.SZ,002472,双环传动,CN,"机器人执行器,机器人概念",333.77,29.37,88.07,【高流通】,0,0
601717.SH,601717.SH,601717,中创智领,CN,华为汽车,333.33,9.34,86.38,【低PE】【高流通】,0,0
002025.SZ,002025.SZ,002025,航天电器,CN,"CPO概念,华为概念,数据中心",333.28,159.52,99.67,【高流通】,0,0
603650.SH,603650.SH,603650,彤程新材,CN,存储芯片,332.44,45.59,99.74,【高流通】,0,0
600282.SH,600282.SH,600282,南钢股份,CN,"人工智能,人形机器人",332.3,13.91,100.0,【低PE】【高流通】,0,0
000800.SZ,000800.SZ,000800,一汽解放,CN,"华为概念,无人驾驶",331.2,83.38,99.99,【高流通】,0,0
605589.SH,605589.SH,605589,圣泉集团,CN,PCB,330.77,46.63,99.67,【高流通】,0,0
002636.SZ,002636.SZ,002636,金安国纪,CN,PCB,326.87,40.49,99.49,【高流通】,0,0
002484.SZ,002484.SZ,002484,江海股份,CN,华为概念,326.18,50.33,96.47,【高流通】,0,0
300724.SZ,300724.SZ,300724,捷佳伟创,CN,PCB,324.75,30.04,82.61,【高流通】,0,0
688102.SH,688102.SH,688102,斯瑞新材,CN,CPO概念,324.65,188.41,100.0,【高流通】,0,0
300487.SZ,300487.SZ,300487,蓝晓科技,CN,存储芯片,324.57,44.6,60.5,,0,0
301626.SZ,301626.SZ,301626,苏州天脉,CN,华为概念,322.93,647.99,45.49,,0,0
688052.SH,688052.SH,688052,纳芯微,CN,"国产芯片,汽车芯片",321.99,-225.26,87.64,【亏损】【高流通】,1,0
688167.SH,688167.SH,688167,炬光科技,CN,"CPO概念,无人驾驶",321.68,-609.12,100.0,【亏损】【高流通】,1,0
688322.SH,688322.SH,688322,奥比中光-W,CN,"人工智能,人形机器人,国产芯片,机器人概念",319.23,257.47,79.44,,0,0
002130.SZ,002130.SZ,002130,沃尔核材,CN,华为概念,318.33,34.41,81.93,【高流通】,0,0
000932.SZ,000932.SZ,000932,华菱钢铁,CN,华为概念,317.96,40.2,100.0,【高流通】,0,0
688343.SH,688343.SH,688343,云天励飞-U,CN,"AI智能体,AI眼镜,AI芯片,人工智能,信创,华为昇腾,华为概念,多模态AI,机器人概念,算力概念",316.45,-59.04,100.0,【亏损】【高流通】,1,0
689009.SH,689009.SH,689009,九号公司-WD,CN,"人工智能,机器人概念",316.09,38.86,76.89,,0,0
002335.SZ,002335.SZ,002335,科华数据,CN,"华为概念,数据中心,液冷概念",313.84,100.58,88.21,【高流通】,0,0
688538.SH,688538.SH,688538,和辉光电-U,CN,华为概念,312.09,-16.6,41.65,【亏损】,1,0
688127.SH,688127.SH,688127,蓝特光学,CN,华为概念,311.73,60.16,100.0,【高流通】,0,0
300001.SZ,300001.SZ,300001,特锐德,CN,"人工智能,华为概念,数据中心,机器人概念",311.38,108.22,98.04,【高流通】,0,0
301018.SZ,301018.SZ,301018,申菱环境,CN,"华为概念,液冷概念",310.78,274.48,74.33,,0,0
688248.SH,688248.SH,688248,南网科技,CN,机器人概念,310.08,157.19,100.0,【高流通】,0,0
688297.SH,688297.SH,688297,中无人机,CN,人工智能,309.96,459.49,100.0,【高流通】,0,0
300570.SZ,300570.SZ,300570,太辰光,CN,"CPO概念,国产芯片,算力概念",308.71,117.33,84.62,【高流通】,0,0
002056.SZ,002056.SZ,002056,横店东磁,CN,华为概念,308.1,19.96,99.9,【低PE】【高流通】,0,0
688668.SH,688668.SH,688668,鼎通科技,CN,液冷概念,306.4,95.36,100.0,【高流通】,0,0
301205.SZ,301205.SZ,301205,联特科技,CN,CPO概念,305.42,2506.85,64.28,,0,0
603160.SH,603160.SH,603160,汇顶科技,CN,"AI手机,AI眼镜,人工智能,华为概念,国产芯片,汽车芯片",302.24,64.48,100.0,【高流通】,0,0
300102.SZ,300102.SZ,300102,乾照光电,CN,"CPO概念,国产芯片",302.05,254.76,99.52,【高流通】,0,0
603119.SH,603119.SH,603119,浙江荣泰,CN,"人形机器人,机器人概念",300.12,104.51,56.05,,0,0
688169.SH,688169.SH,688169,石头科技,CN,机器人概念,300.05,23.21,100.0,【高流通】,0,0
603688.SH,603688.SH,603688,石英股份,CN,"国产芯片,存储芯片",298.9,203.22,100.0,【高流通】,0,0
688692.SH,688692.SH,688692,达梦数据,CN,"人工智能,信创",298.65,49.31,64.59,,0,0
600312.SH,600312.SH,600312,平高电气,CN,机器人概念,297.98,17.96,100.0,【低PE】【高流通】,0,0
600602.SH,600602.SH,600602,云赛智联,CN,"信创,数据中心,算力概念",297.74,167.08,78.55,,0,0
300236.SZ,300236.SZ,300236,上海新阳,CN,"国产芯片,存储芯片",296.99,71.61,88.89,【高流通】,0,0
600126.SH,600126.SH,600126,杭钢股份,CN,数据中心,295.17,768.05,100.0,【高流通】,0,0
002624.SZ,002624.SZ,002624,完美世界,CN,"AIGC概念,鸿蒙概念",295.07,71.84,94.21,【高流通】,0,0
300496.SZ,300496.SZ,300496,中科创达,CN,"AIPC,AI应用,AI手机,AI智能体,AI眼镜,人工智能,华为概念,多模态AI,无人驾驶,机器人概念,鸿蒙概念",294.48,71.91,80.0,【高流通】,0,0
301345.SZ,301345.SZ,301345,涛涛车业,CN,"人形机器人,机器人概念",294.44,41.75,32.12,,0,0
002402.SZ,002402.SZ,002402,和而泰,CN,"人工智能,华为海思,国产芯片,机器人概念",292.74,43.06,87.99,【高流通】,0,0
002456.SZ,002456.SZ,002456,欧菲光,CN,"AI眼镜,人形机器人,华为概念,无人驾驶",292.49,-29.55,98.79,【亏损】【高流通】,1,0
300342.SZ,300342.SZ,300342,天银机电,CN,"华为概念,华为汽车,无人驾驶",290.34,705.59,98.53,【高流通】,0,0
000636.SZ,000636.SZ,000636,风华高科,CN,"华为概念,机器人概念,虚拟机器人",290.29,81.95,100.0,【高流通】,0,0
002152.SZ,002152.SZ,002152,广电运通,CN,"AI应用,人工智能,信创,华为昇腾,华为概念,数据中心",289.56,31.99,99.95,【高流通】,0,0
002085.SZ,002085.SZ,002085,万丰奥威,CN,华为汽车,289.41,29.77,100.0,【高流通】,0,0
001270.SZ,001270.SZ,001270,*ST铖昌,CN,国产芯片,289.28,161.7,98.73,【高流通】,0,0
603516.SH,603516.SH,603516,淳中科技,CN,国产芯片,289.15,4227.72,100.0,【高流通】,0,0
002015.SZ,002015.SZ,002015,协鑫能科,CN,"人工智能,华为概念,数据中心,算力概念",288.14,25.02,100.0,【高流通】,0,0
688018.SH,688018.SH,688018,乐鑫科技,CN,"人工智能,国产芯片",287.69,53.02,100.0,【高流通】,0,0
688608.SH,688608.SH,688608,恒玄科技,CN,"AI眼镜,华为概念,国产芯片",286.16,80.34,100.0,【高流通】,0,0
300383.SZ,300383.SZ,300383,光环新网,CN,"数据中心,算力概念",285.82,318.07,99.82,【高流通】,0,0
600320.SH,600320.SH,600320,振华重工,CN,机器人概念,285.54,18.97,63.06,【低PE】,0,0
688318.SH,688318.SH,688318,财富趋势,CN,人工智能,284.29,205.78,100.0,【高流通】,0,0
688400.SH,688400.SH,688400,凌云光,CN,"AIGC概念,人工智能,人形机器人,华为概念,智谱AI概念,机器人概念",284.28,35.58,96.19,【高流通】,0,0
300811.SZ,300811.SZ,300811,铂科新材,CN,"AI芯片,华为概念,华为汽车",280.06,79.1,82.0,【高流通】,0,0
002046.SZ,002046.SZ,002046,国机精工,CN,"国产芯片,机器人执行器,机器人概念",279.95,-770.71,98.62,【亏损】【高流通】,1,0
301486.SZ,301486.SZ,301486,致尚科技,CN,数据中心,279.62,-1151.3,56.3,【亏损】,1,0
600166.SH,600166.SH,600166,福田汽车,CN,"华为概念,华为汽车,无人驾驶",279.48,13.93,100.0,【低PE】【高流通】,0,0
603338.SH,603338.SH,603338,浙江鼎力,CN,机器人概念,279.1,15.41,100.0,【低PE】【高流通】,0,0
688270.SH,688270.SH,688270,ST臻镭,CN,国产芯片,279.08,176.27,100.0,【高流通】,0,0
603596.SH,603596.SH,603596,伯特利,CN,"人形机器人,无人驾驶",278.27,25.9,100.0,【高流通】,0,0
601608.SH,601608.SH,601608,中信重工,CN,"人形机器人,华为概念,机器人概念",277.06,72.85,100.0,【高流通】,0,0
605358.SH,605358.SH,605358,立昂微,CN,"人工智能,国产芯片,汽车芯片",275.67,953.92,100.0,【高流通】,0,0
688627.SH,688627.SH,688627,精智达,CN,"存储芯片,机器人概念",275.48,473.32,76.96,,0,0
002153.SZ,002153.SZ,002153,石基信息,CN,AI应用,275.1,290.9,58.62,,0,0
000158.SZ,000158.SZ,000158,常山北明,CN,"AI应用,人工智能,信创,华为昇腾,华为概念,数据中心,智谱AI概念,鸿蒙概念",274.96,-67.67,99.33,【亏损】【高流通】,1,0
002176.SZ,002176.SZ,002176,江特电机,CN,"人形机器人,机器人概念",273.87,-38.12,99.83,【亏损】【高流通】,1,0
002138.SZ,002138.SZ,002138,顺络电子,CN,华为概念,273.75,38.47,93.82,【高流通】,0,0
000034.SZ,000034.SZ,000034,神州数码,CN,"AI应用,人工智能,信创,华为昇腾,华为概念,华为海思,存储芯片,数据中心,无人驾驶,智谱AI概念,液冷概念",273.1,28.93,83.63,【高流通】,0,0
300762.SZ,300762.SZ,300762,上海瀚讯,CN,国产芯片,272.66,-154.17,100.0,【亏损】【高流通】,1,0
300277.SZ,300277.SZ,300277,汽轮科技,CN,"人工智能,华为概念",272.53,80.27,50.62,,0,0
002180.SZ,002180.SZ,002180,奔图科技,CN,"人形机器人,信创,国产芯片,汽车芯片",272.43,105.52,95.67,【高流通】,0,0
002518.SZ,002518.SZ,002518,科士达,CN,"数据中心,液冷概念",271.03,48.87,97.06,【高流通】,0,0
688615.SH,688615.SH,688615,合合信息,CN,"AI应用,人工智能",268.72,43.27,69.05,,0,0
600100.SH,600100.SH,600100,同方股份,CN,"AI语料,人工智能,信创,机器人概念,算力概念",267.35,-36.43,100.0,【亏损】【高流通】,1,0
600563.SH,600563.SH,600563,法拉电子,CN,数据中心,265.54,24.8,100.0,【高流通】,0,0
603881.SH,603881.SH,603881,数据港,CN,"数据中心,液冷概念,算力概念",265.15,148.04,100.0,【高流通】,0,0
600704.SH,600704.SH,600704,物产中大,CN,"人工智能,机器人概念",264.76,6.82,100.0,【低PE】【高流通】,0,0
300003.SZ,300003.SZ,300003,乐普医疗,CN,人工智能,264.53,26.79,85.65,【高流通】,0,0
002065.SZ,002065.SZ,002065,东华软件,CN,"AI智能体,人工智能,信创,华为概念,数据中心,无人驾驶,算力概念,鸿蒙概念",263.81,106.44,90.72,【高流通】,0,0
300085.SZ,300085.SZ,300085,银之杰,CN,"AI应用,人工智能,信创,华为概念",263.44,-305.0,92.27,【亏损】【高流通】,1,0
600641.SH,600641.SH,600641,先导基电,CN,国产芯片,261.52,-386.82,98.29,【亏损】【高流通】,1,0
600998.SH,600998.SH,600998,九州通,CN,"人工智能,机器人概念",260.7,8.89,100.0,【低PE】【高流通】,0,0
688563.SH,688563.SH,688563,航材股份,CN,机器人概念,258.44,53.7,26.0,【低流通】,0,0
003021.SZ,003021.SZ,003021,兆威机电,CN,"人形机器人,华为概念,华为汽车,机器人概念",258.36,157.72,77.5,,0,0
688097.SH,688097.SH,688097,博众精工,CN,"人工智能,人形机器人,华为概念,无人驾驶,机器人概念",258.07,226.55,99.63,【高流通】,0,0
600977.SH,600977.SH,600977,中国电影,CN,人工智能,257.27,-56.42,100.0,【亏损】【高流通】,1,0
002841.SZ,002841.SZ,002841,视源股份,CN,"AI应用,人工智能,机器人概念",256.9,26.01,74.62,,0,0
000951.SZ,000951.SZ,000951,中国重汽,CN,无人驾驶,255.43,14.04,100.0,【低PE】【高流通】,0,0
603667.SH,603667.SH,603667,五洲新春,CN,"人形机器人,机器人执行器,机器人概念",254.34,206.44,95.58,【高流通】,0,0
688372.SH,688372.SH,688372,伟测科技,CN,"汽车芯片,算力概念",253.98,89.61,100.0,【高流通】,0,0
688449.SH,688449.SH,688449,联芸科技,CN,存储芯片,253.23,714.51,63.74,,0,0
688425.SH,688425.SH,688425,铁建重工,CN,华为概念,252.27,25.39,100.0,【高流通】,0,0
688502.SH,688502.SH,688502,茂莱光学,CN,"AI眼镜,无人驾驶",250.54,-563.87,100.0,【亏损】【高流通】,1,0
300627.SZ,300627.SZ,300627,华测导航,CN,"国产芯片,无人驾驶",249.37,49.72,82.36,【高流通】,0,0
688503.SH,688503.SH,688503,聚和材料,CN,液冷概念,249.22,21.52,83.01,【高流通】,0,0
603290.SH,603290.SH,603290,斯达半导,CN,"国产芯片,数据中心",248.86,233.66,100.0,【高流通】,0,0
603728.SH,603728.SH,603728,鸣志电器,CN,"人形机器人,华为概念,无人驾驶,机器人执行器,机器人概念",248.61,449.82,100.0,【高流通】,0,0
000811.SZ,000811.SZ,000811,冰轮环境,CN,"数据中心,液冷概念",247.62,52.81,98.58,【高流通】,0,0
002506.SZ,002506.SZ,002506,协鑫集成,CN,华为概念,247.47,-33.11,99.9,【亏损】【高流通】,1,0
600835.SH,600835.SH,600835,上海机电,CN,机器人概念,246.99,34.6,78.86,,0,0
300738.SZ,300738.SZ,300738,奥飞数据,CN,"数据中心,算力概念",245.71,66.24,99.97,【高流通】,0,0
688475.SH,688475.SH,688475,萤石网络,CN,"AI智能体,机器人概念",245.54,33.61,100.0,【高流通】,0,0
600521.SH,600521.SH,600521,华海药业,CN,AI制药（医疗）,243.9,15.09,100.0,【低PE】【高流通】,0,0
601778.SH,601778.SH,601778,晶科科技,CN,算力概念,242.35,-47.03,100.0,【亏损】【高流通】,1,0
300623.SZ,300623.SZ,300623,捷捷微电,CN,"国产芯片,汽车芯片",240.89,60.08,92.22,【高流通】,0,0
600410.SH,600410.SH,600410,华胜天成,CN,"AI应用,人工智能,信创,华为概念,国产芯片,算力概念",240.35,-65.1,100.0,【亏损】【高流通】,1,0
688333.SH,688333.SH,688333,铂力特,CN,机器人概念,240.25,358.03,100.0,【高流通】,0,0
601928.SH,601928.SH,601928,凤凰传媒,CN,数据中心,239.98,14.18,100.0,【低PE】【高流通】,0,0
600967.SH,600967.SH,600967,内蒙一机,CN,"人工智能,人形机器人,机器人概念",239.95,43.38,100.0,【高流通】,0,0
600170.SH,600170.SH,600170,上海建工,CN,"人工智能,机器人概念",239.92,6037.1,100.0,【高流通】,0,0
688709.SH,688709.SH,688709,成都华微,CN,"AI芯片,人工智能,存储芯片,机器人概念",239.9,-89.38,34.82,【亏损】,1,0
002245.SZ,002245.SZ,002245,蔚蓝锂芯,CN,"人形机器人,国产芯片,机器人概念",238.38,30.44,94.08,【高流通】,0,0
000875.SZ,000875.SZ,000875,电投绿能,CN,华为概念,236.86,21.59,92.15,【高流通】,0,0
600388.SH,600388.SH,600388,龙净环保,CN,"华为概念,无人驾驶,机器人概念",236.48,24.21,100.0,【高流通】,0,0
000733.SZ,000733.SZ,000733,振华科技,CN,国产芯片,236.13,371.1,99.99,【高流通】,0,0
600582.SH,600582.SH,600582,天地科技,CN,"人工智能,机器人概念",235.49,13.6,100.0,【低PE】【高流通】,0,0
688001.SH,688001.SH,688001,华兴源创,CN,"人形机器人,国产芯片",235.18,2013.73,100.0,【高流通】,0,0
603730.SH,603730.SH,603730,岱美股份,CN,华为汽车,235.06,31.52,100.0,【高流通】,0,0
300024.SZ,300024.SZ,300024,机器人,CN,"人工智能,人形机器人,机器人概念",234.53,-63.39,99.97,【亏损】【高流通】,1,0
301005.SZ,301005.SZ,301005,超捷股份,CN,"人形机器人,华为汽车,机器人概念",234.42,411.87,98.59,【高流通】,0,0
000628.SZ,000628.SZ,000628,高新发展,CN,国产芯片,233.14,3256.25,54.57,,0,0
002265.SZ,002265.SZ,002265,建设工业,CN,"人工智能,无人驾驶,机器人概念",232.54,168.57,100.0,【高流通】,0,0
001896.SZ,001896.SZ,001896,豫能控股,CN,华为概念,232.53,198.54,100.0,【高流通】,0,0
600206.SH,600206.SH,600206,有研新材,CN,"华为概念,国产芯片,存储芯片",231.7,65.62,100.0,【高流通】,0,0
002249.SZ,002249.SZ,002249,大洋电机,CN,"AIGC概念,人形机器人,数据中心",231.27,19.34,75.51,【低PE】,0,0
002364.SZ,002364.SZ,002364,中恒电气,CN,"人工智能,华为概念,数据中心",229.88,230.47,99.03,【高流通】,0,0
000887.SZ,000887.SZ,000887,中鼎股份,CN,"人形机器人,华为汽车,机器人执行器,机器人概念,液冷概念",229.07,17.79,99.84,【低PE】【高流通】,0,0
002792.SZ,002792.SZ,002792,通宇通讯,CN,"人工智能,华为概念",228.71,-442.3,64.49,【亏损】,1,0
688388.SH,688388.SH,688388,嘉元科技,CN,PCB,228.66,47.43,100.0,【高流通】,0,0
688279.SH,688279.SH,688279,峰岹科技,CN,"国产芯片,汽车芯片",227.29,64.38,81.27,【高流通】,0,0
603906.SH,603906.SH,603906,龙蟠科技,CN,液冷概念,227.24,26.51,82.48,【高流通】,0,0
688208.SH,688208.SH,688208,道通科技,CN,"人工智能,无人驾驶,机器人概念",226.99,29.15,100.0,【高流通】,0,0
688727.SH,688727.SH,688727,恒坤新材,CN,存储芯片,226.73,221.64,11.18,【低流通】,0,0
001339.SZ,001339.SZ,001339,智微智能,CN,"AIPC,人工智能,人形机器人,信创,机器人概念,算力概念,鸿蒙概念",226.68,51.93,49.36,,0,0
002326.SZ,002326.SZ,002326,永太科技,CN,液冷概念,226.29,54.05,87.36,【高流通】,0,0
600535.SH,600535.SH,600535,天士力,CN,华为概念,226.03,15.26,100.0,【低PE】【高流通】,0,0
688368.SH,688368.SH,688368,晶丰明源,CN,国产芯片,224.84,152.91,60.74,,0,0
603171.SH,603171.SH,603171,税友股份,CN,"AI应用,AI智能体,人工智能,信创,华为概念,鸿蒙概念",224.67,179.58,99.89,【高流通】,0,0
600008.SH,600008.SH,600008,首创环保,CN,机器人概念,224.62,13.07,100.0,【低PE】【高流通】,0,0
000969.SZ,000969.SZ,000969,安泰科技,CN,华为概念,224.5,56.57,98.4,【高流通】,0,0
301301.SZ,301301.SZ,301301,川宁生物,CN,"AI制药（医疗）,人工智能",223.68,50.5,27.7,【低流通】,0,0
000009.SZ,000009.SZ,000009,中国宝安,CN,华为概念,223.1,319.4,99.88,【高流通】,0,0
002151.SZ,002151.SZ,002151,北斗星通,CN,"华为概念,无人驾驶,汽车芯片",222.05,409.52,81.56,【高流通】,0,0
300568.SZ,300568.SZ,300568,星源材质,CN,机器人概念,221.1,188.82,89.81,【高流通】,0,0
601677.SH,601677.SH,601677,明泰铝业,CN,机器人概念,220.73,7.86,97.95,【低PE】【高流通】,0,0
002859.SZ,002859.SZ,002859,洁美科技,CN,"PCB,华为概念,国产芯片,机器人概念",219.93,115.14,94.13,【高流通】,0,0
600246.SH,600246.SH,600246,万通发展,CN,国产芯片,219.17,-48.8,97.29,【亏损】【高流通】,1,0
600363.SH,600363.SH,600363,联创光电,CN,华为概念,216.43,65.45,100.0,【高流通】,0,0
300903.SZ,300903.SZ,300903,科翔股份,CN,"PCB,华为概念,存储芯片,机器人概念",216.26,-103.97,75.95,【亏损】,1,0
002217.SZ,002217.SZ,002217,合力泰,CN,算力概念,216.15,6529.35,97.32,【高流通】,0,0
688800.SH,688800.SH,688800,瑞可达,CN,人形机器人,215.96,91.65,100.0,【高流通】,0,0
600114.SH,600114.SH,600114,东睦股份,CN,"华为概念,机器人概念",215.18,42.74,97.62,【高流通】,0,0
002405.SZ,002405.SZ,002405,四维图新,CN,"人工智能,华为概念,华为汽车,国产芯片,无人驾驶,汽车芯片",214.07,-37.04,99.36,【亏损】【高流通】,1,0
301285.SZ,301285.SZ,301285,鸿日达,CN,华为概念,213.9,-309.0,100.0,【亏损】【高流通】,1,0
002044.SZ,002044.SZ,002044,美年健康,CN,"AIGC概念,AI制药（医疗）,AI应用,AI智能体,人工智能,华为概念,机器人概念",212.54,-20.83,98.98,【亏损】【高流通】,1,0
688114.SH,688114.SH,688114,华大智造,CN,"AI制药（医疗）,机器人概念",212.42,-50.49,99.48,【亏损】【高流通】,1,0
688150.SH,688150.SH,688150,莱特光电,CN,"PCB,华为概念",211.92,115.23,100.0,【高流通】,0,0
002048.SZ,002048.SZ,002048,宁波华翔,CN,"人形机器人,机器人概念",211.84,19.41,87.22,【低PE】【高流通】,0,0
002747.SZ,002747.SZ,002747,埃斯顿,CN,"人工智能,人形机器人,机器人概念",211.66,54.08,80.84,【高流通】,0,0
300260.SZ,300260.SZ,300260,新莱应材,CN,液冷概念,211.16,99.89,70.53,,0,0
688300.SH,688300.SH,688300,联瑞新材,CN,PCB,211.12,73.68,100.0,【高流通】,0,0
000032.SZ,000032.SZ,000032,深桑达Ａ,CN,"信创,数据中心,智谱AI概念,算力概念",210.71,-63.93,93.65,【亏损】【高流通】,1,0
300718.SZ,300718.SZ,300718,长盛轴承,CN,机器人概念,210.7,86.29,65.82,,0,0
300409.SZ,300409.SZ,300409,道氏技术,CN,"AI芯片,人工智能,人形机器人,机器人概念",210.66,48.92,87.89,【高流通】,0,0
603000.SH,603000.SH,603000,人民网,CN,"AIGC概念,AI应用,AI语料,人工智能,华为概念,算力概念",209.86,-157.75,100.0,【亏损】【高流通】,1,0
300364.SZ,300364.SZ,300364,中文在线,CN,"AIGC概念,AI应用,AI语料,人工智能,华为概念,多模态AI",209.66,-114.37,90.66,【亏损】【高流通】,1,0
002611.SZ,002611.SZ,002611,东方精工,CN,"AI智能体,人工智能,人形机器人,华为概念,多模态AI,无人驾驶,机器人概念",209.37,-555.5,82.31,【亏损】【高流通】,1,0
300773.SZ,300773.SZ,300773,拉卡拉,CN,"人工智能,华为概念,鸿蒙概念",209.23,8.79,94.58,【低PE】【高流通】,0,0
002947.SZ,002947.SZ,002947,恒铭达,CN,"华为概念,数据中心",208.22,34.39,75.19,,0,0
603236.SH,603236.SH,603236,移远通信,CN,"AI眼镜,华为概念,无人驾驶,机器人概念",208.1,36.81,90.91,【高流通】,0,0
300602.SZ,300602.SZ,300602,飞荣达,CN,"AIPC,人形机器人,华为概念,华为海思,液冷概念",207.9,67.19,67.95,,0,0
300814.SZ,300814.SZ,300814,中富电路,CN,"CPO概念,PCB,华为概念,华为汽车,液冷概念",206.94,273.73,100.0,【高流通】,0,0
301338.SZ,301338.SZ,301338,凯格精机,CN,"PCB,华为概念",206.34,79.39,49.84,,0,0
002536.SZ,002536.SZ,002536,飞龙股份,CN,"国产芯片,机器人概念,液冷概念",206.23,89.15,94.71,【高流通】,0,0
301316.SZ,301316.SZ,301316,慧博云通,CN,"AI应用,人工智能,信创,华为概念,华为海思,多模态AI",205.84,671.45,96.84,【高流通】,0,0
688158.SH,688158.SH,688158,优刻得-W,CN,"人工智能,信创,数据中心,智谱AI概念,液冷概念,算力概念",205.47,1874.26,88.86,【高流通】,0,0
688561.SH,688561.SH,688561,奇安信-U,CN,"人工智能,信创",205.43,-13.23,100.0,【亏损】【高流通】,1,0
600131.SH,600131.SH,600131,国网信通,CN,"AI智能体,人工智能,信创,华为概念,数据中心,算力概念,鸿蒙概念",205.4,1199.15,99.8,【高流通】,0,0
301171.SZ,301171.SZ,301171,易点天下,CN,"AIGC概念,AI应用,人工智能,华为概念,多模态AI,虚拟机器人",205.25,-80.76,80.98,【亏损】【高流通】,1,0
601098.SH,601098.SH,601098,中南传媒,CN,华为概念,204.21,13.45,100.0,【低PE】【高流通】,0,0
688582.SH,688582.SH,688582,XD芯动联,CN,"无人驾驶,机器人概念",203.88,1996.25,62.28,,0,0
601519.SH,601519.SH,601519,大智慧,CN,"人工智能,华为概念,数据中心,虚拟机器人,鸿蒙概念",203.69,-172.12,100.0,【亏损】【高流通】,1,0
600171.SH,600171.SH,600171,上海贝岭,CN,"华为概念,国产芯片,存储芯片",203.46,226.89,100.0,【高流通】,0,0
688432.SH,688432.SH,688432,有研硅,CN,存储芯片,203.05,101.16,100.0,【高流通】,0,0
688652.SH,688652.SH,688652,京仪装备,CN,"国产芯片,存储芯片",202.94,109.24,71.88,,0,0
300170.SZ,300170.SZ,300170,汉得信息,CN,"AIGC概念,AI应用,AI智能体,人工智能,信创,华为概念,智谱AI概念",202.85,129.94,95.44,【高流通】,0,0
603005.SH,603005.SH,603005,晶方科技,CN,"华为概念,国产芯片,汽车芯片",202.83,77.49,100.0,【高流通】,0,0
300726.SZ,300726.SZ,300726,宏达电子,CN,"华为概念,华为海思",202.46,53.88,52.07,,0,0
300118.SZ,300118.SZ,300118,东方日升,CN,华为概念,202.24,-14.0,81.3,【亏损】【高流通】,1,0
300747.SZ,300747.SZ,300747,锐科激光,CN,国产芯片,202.18,120.81,92.94,【高流通】,0,0
688362.SH,688362.SH,688362,甬矽电子,CN,国产芯片,202.0,189.8,100.0,【高流通】,0,0
300638.SZ,300638.SZ,300638,广和通,CN,"AI智能体,机器人概念",201.89,522.14,58.99,,0,0
002290.SZ,002290.SZ,002290,禾盛新材,CN,"AI芯片,人工智能,国产芯片",201.67,116.96,99.63,【高流通】,0,0
002565.SZ,002565.SZ,002565,顺灏股份,CN,算力概念,201.61,252.22,100.0,【高流通】,0,0
000997.SZ,000997.SZ,000997,新 大 陆,CN,"AI应用,国产芯片,鸿蒙概念",201.51,17.92,99.44,【低PE】【高流通】,0,0
001287.SZ,001287.SZ,001287,中电港,CN,"人工智能,华为海思,国产芯片,存储芯片",201.07,31.73,100.0,【高流通】,0,0
600667.SH,600667.SH,600667,太极实业,CN,"国产芯片,存储芯片,数据中心",200.58,38.83,100.0,【高流通】,0,0
600380.SH,600380.SH,600380,健康元,CN,AI制药（医疗）,199.96,12.05,100.0,【低PE】【高流通】,0,0
688531.SH,688531.SH,688531,日联科技,CN,"PCB,人工智能",199.71,113.08,69.31,,0,0
001696.SZ,001696.SZ,001696,宗申动力,CN,机器人概念,198.78,28.95,77.85,,0,0
605118.SH,605118.SH,605118,力鼎光电,CN,"AI眼镜,无人驾驶",198.72,70.53,99.42,【高流通】,0,0
600629.SH,600629.SH,600629,华建集团,CN,"人工智能,华为概念",197.95,1205.28,98.75,【高流通】,0,0
000528.SZ,000528.SZ,000528,柳    工,CN,机器人概念,196.76,8.12,99.86,【低PE】【高流通】,0,0
000723.SZ,000723.SZ,000723,美锦能源,CN,"无人驾驶,机器人概念",196.4,-14.6,99.81,【亏损】【高流通】,1,0
300323.SZ,300323.SZ,300323,华灿光电,CN,"AI眼镜,华为概念,国产芯片",196.38,96.89,73.18,,0,0
000591.SZ,000591.SZ,000591,太阳能,CN,机器人概念,195.9,26.7,99.97,【高流通】,0,0
603613.SH,603613.SH,603613,国联股份,CN,"AI智能体,人工智能,华为概念,算力概念",195.48,17.84,100.0,【低PE】【高流通】,0,0
688123.SH,688123.SH,688123,聚辰股份,CN,"AIPC,AI眼镜,华为概念,国产芯片,存储芯片,无人驾驶,汽车芯片",195.45,158.42,100.0,【高流通】,0,0
002361.SZ,002361.SZ,002361,神剑股份,CN,机器人概念,195.44,-927.49,85.07,【亏损】【高流通】,1,0
600877.SH,600877.SH,600877,电科芯片,CN,国产芯片,194.78,-4029.31,100.0,【亏损】【高流通】,1,0
600959.SH,600959.SH,600959,江苏有线,CN,"AIGC概念,人工智能,数据中心,算力概念",194.03,76.61,100.0,【高流通】,0,0
601966.SH,601966.SH,601966,玲珑轮胎,CN,机器人概念,193.48,286.32,100.0,【高流通】,0,0
603638.SH,603638.SH,603638,艾迪精密,CN,机器人概念,193.15,31.88,100.0,【高流通】,0,0
300503.SZ,300503.SZ,300503,昊志机电,CN,"PCB,人形机器人,机器人执行器,机器人概念",193.1,53.09,78.18,,0,0
603341.SH,603341.SH,603341,龙旗科技,CN,"AIPC,AI眼镜,华为概念",192.37,312.11,50.94,,0,0
600186.SH,600186.SH,600186,莲花控股,CN,"AI智能体,算力概念",192.18,33.49,99.8,【高流通】,0,0
688380.SH,688380.SH,688380,中微半导,CN,"国产芯片,存储芯片,汽车芯片",191.73,93.53,100.0,【高流通】,0,0
000901.SZ,000901.SZ,000901,航天科技,CN,无人驾驶,191.57,318.66,100.0,【高流通】,0,0
002181.SZ,002181.SZ,002181,粤 传 媒,CN,"AIGC概念,AI应用",191.46,273.33,97.72,【高流通】,0,0
300002.SZ,300002.SZ,300002,神州泰岳,CN,"AI应用,AI智能体,人工智能,信创,华为概念,数据中心,算力概念",191.41,27.97,93.88,【高流通】,0,0
300679.SZ,300679.SZ,300679,电连技术,CN,"PCB,人形机器人,华为概念,无人驾驶,机器人概念",191.17,54.85,84.61,【高流通】,0,0
300253.SZ,300253.SZ,300253,卫宁健康,CN,"AI应用,AI智能体,人工智能,信创",190.19,338.88,82.25,【高流通】,0,0
300660.SZ,300660.SZ,300660,江苏雷利,CN,"人形机器人,机器人执行器,机器人概念,液冷概念",190.17,72.35,99.92,【高流通】,0,0
002439.SZ,002439.SZ,002439,启明星辰,CN,"人工智能,信创,华为概念,鸿蒙概念",189.22,97.11,60.15,,0,0
000581.SZ,000581.SZ,000581,威孚高科,CN,"国产芯片,机器人概念,汽车芯片",188.91,12.62,82.12,【低PE】【高流通】,0,0
688063.SH,688063.SH,688063,派能科技,CN,PCB,188.73,211.69,100.0,【高流通】,0,0
300455.SZ,300455.SZ,300455,航天智装,CN,"国产芯片,存储芯片,机器人概念",188.7,1554.3,98.73,【高流通】,0,0
603337.SH,603337.SH,603337,杰克科技,CN,"人工智能,人形机器人",188.37,18.35,99.44,【低PE】【高流通】,0,0
688772.SH,688772.SH,688772,珠海冠宇,CN,"人形机器人,华为概念",187.94,-55.46,100.0,【亏损】【高流通】,1,0
601636.SH,601636.SH,601636,旗滨集团,CN,国产芯片,187.28,357.02,100.0,【高流通】,0,0
000050.SZ,000050.SZ,000050,深天马Ａ,CN,"华为概念,国产芯片",187.28,-33.64,100.0,【亏损】【高流通】,1,0
600820.SH,600820.SH,600820,隧道股份,CN,国产芯片,186.76,15.71,100.0,【低PE】【高流通】,0,0
300065.SZ,300065.SZ,300065,海兰信,CN,"人工智能,数据中心,液冷概念,算力概念",186.73,2778.84,91.01,【高流通】,0,0
301489.SZ,301489.SZ,301489,思泉新材,CN,"AIPC,AI手机,液冷概念",185.38,174.73,58.95,,0,0
603124.SH,603124.SH,603124,江南新材,CN,PCB,185.24,59.25,53.25,,0,0
688661.SH,688661.SH,688661,和林微纳,CN,"华为概念,国产芯片",184.51,-359.62,100.0,【亏损】【高流通】,1,0
301128.SZ,301128.SZ,301128,强瑞技术,CN,"人形机器人,华为概念,数据中心,液冷概念",184.45,313.84,87.97,【高流通】,0,0
300131.SZ,300131.SZ,300131,英唐智控,CN,"AI眼镜,CPO概念,华为概念,国产芯片,存储芯片,无人驾驶,汽车芯片",184.44,1131.81,91.83,【高流通】,0,0
301291.SZ,301291.SZ,301291,明阳电气,CN,数据中心,184.01,186.95,51.67,,0,0
688100.SH,688100.SH,688100,威胜信息,CN,国产芯片,183.74,30.98,100.0,【高流通】,0,0
002171.SZ,002171.SZ,002171,楚江新材,CN,"PCB,机器人概念",183.55,32.74,99.43,【高流通】,0,0
002957.SZ,002957.SZ,002957,科瑞技术,CN,"华为概念,国产芯片,机器人概念",183.2,65.97,99.69,【高流通】,0,0
300199.SZ,300199.SZ,300199,翰宇药业,CN,"AI制药（医疗）,华为概念",183.18,35.83,84.37,【高流通】,0,0
603025.SH,603025.SH,603025,大豪科技,CN,"人工智能,机器人概念",182.68,19.2,99.33,【低PE】【高流通】,0,0
688700.SH,688700.SH,688700,东威科技,CN,PCB,182.32,102.85,100.0,【高流通】,0,0
002410.SZ,002410.SZ,002410,广联达,CN,"AI应用,AI智能体,人工智能",181.38,132.59,95.05,【高流通】,0,0
002583.SZ,002583.SZ,002583,海能达,CN,"人工智能,信创,国产芯片",180.77,-145.44,70.53,【亏损】,1,0
300913.SZ,300913.SZ,300913,兆龙互连,CN,"数据中心,机器人概念",180.27,92.83,74.62,,0,0
301029.SZ,301029.SZ,301029,怡合达,CN,"人形机器人,机器人概念",179.73,34.8,72.83,,0,0
002901.SZ,002901.SZ,002901,大博医疗,CN,机器人概念,179.68,30.65,69.67,,0,0
603305.SH,603305.SH,603305,旭升集团,CN,"人形机器人,机器人概念",178.09,35.57,100.0,【高流通】,0,0
002984.SZ,002984.SZ,002984,森麒麟,CN,人工智能,178.03,21.22,68.89,,0,0
301086.SZ,301086.SZ,301086,鸿富瀚,CN,液冷概念,177.35,114.19,52.13,,0,0
301389.SZ,301389.SZ,301389,隆扬电子,CN,AIPC,177.16,164.52,29.83,【低流通】,0,0
002975.SZ,002975.SZ,002975,博杰股份,CN,"AIPC,AI眼镜,人工智能,人形机器人,华为概念,存储芯片,机器人概念,液冷概念",176.94,67.12,66.04,,0,0
688028.SH,688028.SH,688028,沃尔德,CN,人形机器人,176.31,155.48,100.0,【高流通】,0,0
300166.SZ,300166.SZ,300166,东方国信,CN,"人工智能,信创,华为昇腾,华为概念,数据中心,算力概念,鸿蒙概念",175.82,-162.65,79.54,【亏损】,1,0
601609.SH,601609.SH,601609,金田股份,CN,"人工智能,人形机器人,机器人概念,液冷概念,算力概念",175.28,25.74,100.0,【高流通】,0,0
000682.SZ,000682.SZ,000682,东方电子,CN,华为概念,174.96,18.55,99.99,【低PE】【高流通】,0,0
600933.SH,600933.SH,600933,爱柯迪,CN,机器人概念,174.81,19.96,94.88,【低PE】【高流通】,0,0
600258.SH,600258.SH,600258,首旅酒店,CN,人工智能,174.75,25.83,100.0,【高流通】,0,0
301216.SZ,301216.SZ,301216,万凯新材,CN,"人形机器人,机器人概念",174.0,11.42,94.51,【低PE】【高流通】,0,0
002544.SZ,002544.SZ,002544,普天科技,CN,"PCB,华为概念,数据中心",173.67,-262.02,99.99,【亏损】【高流通】,1,0
002413.SZ,002413.SZ,002413,雷科防务,CN,"人工智能,华为概念,国产芯片,存储芯片,无人驾驶,算力概念",173.36,-271.88,98.19,【亏损】【高流通】,1,0
600528.SH,600528.SH,600528,中铁工业,CN,机器人概念,173.06,13.56,100.0,【低PE】【高流通】,0,0
600651.SH,600651.SH,600651,飞乐音响,CN,国产芯片,172.73,684.42,100.0,【高流通】,0,0
300296.SZ,300296.SZ,300296,利亚德,CN,"AI应用,AI眼镜,人工智能,人形机器人,华为概念,机器人概念",172.48,253.46,83.87,【高流通】,0,0
300657.SZ,300657.SZ,300657,弘信电子,CN,"AI手机,AI眼镜,PCB,华为概念,机器人概念,液冷概念,算力概念",172.41,113.67,97.17,【高流通】,0,0
300398.SZ,300398.SZ,300398,飞凯材料,CN,"国产芯片,存储芯片",172.41,32.85,99.45,【高流通】,0,0
002815.SZ,002815.SZ,002815,崇达技术,CN,"AIPC,PCB,机器人概念",171.55,132.28,62.97,,0,0
688088.SH,688088.SH,688088,虹软科技,CN,"AI应用,AI手机,AI眼镜,人工智能,华为概念,国产芯片,无人驾驶,机器人概念",170.9,79.0,100.0,【高流通】,0,0
002416.SZ,002416.SZ,002416,爱施德,CN,算力概念,170.65,33.34,98.76,【高流通】,0,0
300113.SZ,300113.SZ,300113,顺网科技,CN,"AI应用,AI智能体,人工智能,华为概念,多模态AI,算力概念",170.29,52.89,75.5,,0,0
688567.SH,688567.SH,688567,孚能科技,CN,人形机器人,170.12,-30.32,100.0,【亏损】【高流通】,1,0
300083.SZ,300083.SZ,300083,创世纪,CN,人形机器人,169.65,58.78,89.65,【高流通】,0,0
002929.SZ,002929.SZ,002929,润建股份,CN,"人工智能,信创,华为概念,多模态AI,数据中心,算力概念,虚拟机器人",169.54,336.34,74.6,,0,0
605111.SH,605111.SH,605111,新洁能,CN,"国产芯片,无人驾驶,机器人概念,汽车芯片,算力概念",168.96,44.68,100.0,【高流通】,0,0
600596.SH,600596.SH,600596,新安股份,CN,"机器人概念,液冷概念",168.56,43.77,100.0,【高流通】,0,0
688403.SH,688403.SH,688403,汇成股份,CN,"国产芯片,存储芯片",168.56,-328.98,100.0,【亏损】【高流通】,1,0
600764.SH,600764.SH,600764,中国海防,CN,国产芯片,167.85,162.14,100.0,【高流通】,0,0
301095.SZ,301095.SZ,301095,广立微,CN,"CPO概念,国产芯片",167.64,-391.06,86.39,【亏损】【高流通】,1,0
002922.SZ,002922.SZ,002922,伊戈尔,CN,"华为概念,数据中心",167.54,60.99,88.62,【高流通】,0,0
301039.SZ,301039.SZ,301039,中集车辆,CN,"华为概念,无人驾驶",167.36,26.67,77.5,,0,0
600633.SH,600633.SH,600633,浙数文化,CN,"AI应用,人工智能,数据中心",166.37,25.99,100.0,【高流通】,0,0
002913.SZ,002913.SZ,002913,奥士康,CN,"AIPC,PCB,华为概念",165.82,237.56,95.06,【高流通】,0,0
300133.SZ,300133.SZ,300133,华策影视,CN,"AIGC概念,AI智能体,AI语料,智谱AI概念,算力概念",165.03,50.77,88.78,【高流通】,0,0
000620.SZ,000620.SZ,000620,盈新发展,CN,存储芯片,164.41,-34.43,79.56,【亏损】,1,0
301362.SZ,301362.SZ,301362,民爆光电,CN,PCB,164.33,185.63,28.35,【低流通】,0,0
688484.SH,688484.SH,688484,南芯科技,CN,"AI眼镜,国产芯片,汽车芯片",164.27,1230.16,100.0,【高流通】,0,0
300088.SZ,300088.SZ,300088,长信科技,CN,"华为概念,华为汽车,算力概念",163.6,85.35,99.51,【高流通】,0,0
605289.SH,605289.SH,605289,罗曼股份,CN,算力概念,163.57,87.88,99.39,【高流通】,0,0
002607.SZ,002607.SZ,002607,中公教育,CN,"AIGC概念,AI应用,人工智能",163.44,86.33,89.88,【高流通】,0,0
000410.SZ,000410.SZ,000410,沈阳机床,CN,人工智能,163.18,-120.57,74.4,【亏损】,1,0
300100.SZ,300100.SZ,300100,双林股份,CN,"人形机器人,机器人概念",163.07,48.26,96.36,【高流通】,0,0
300684.SZ,300684.SZ,300684,中石科技,CN,"AI手机,华为概念,数据中心,液冷概念",162.87,62.86,68.21,,0,0
000070.SZ,000070.SZ,000070,特发信息,CN,"人工智能,华为概念,数据中心",162.78,-426.8,98.7,【亏损】【高流通】,1,0
002324.SZ,002324.SZ,002324,普利特,CN,机器人概念,162.73,85.56,69.79,,0,0
688227.SH,688227.SH,688227,品高股份,CN,"AI智能体,人工智能,信创,国产芯片,算力概念",162.29,-264.74,100.0,【亏损】【高流通】,1,0
300209.SZ,300209.SZ,300209,行云科技,CN,"人工智能,算力概念",162.23,-184.05,79.1,【亏损】,1,0
600201.SH,600201.SH,600201,生物股份,CN,人工智能,162.2,50.28,100.0,【高流通】,0,0
000550.SZ,000550.SZ,000550,江铃汽车,CN,"华为概念,华为汽车,无人驾驶",161.85,11.88,60.06,【低PE】,0,0
002645.SZ,002645.SZ,002645,华宏科技,CN,人工智能,161.73,18.68,89.06,【低PE】【高流通】,0,0
601965.SH,601965.SH,601965,中国汽研,CN,"华为概念,华为汽车,无人驾驶",161.49,24.53,99.54,【高流通】,0,0
002010.SZ,002010.SZ,002010,传化智联,CN,"华为概念,机器人概念",161.14,15.17,99.76,【低PE】【高流通】,0,0
601137.SH,601137.SH,601137,博威合金,CN,"AI手机,华为概念,机器人概念",160.83,-44.01,99.93,【亏损】【高流通】,1,0
000785.SZ,000785.SZ,000785,居然智家,CN,AI智能体,160.66,64.67,93.21,【高流通】,0,0
600226.SH,600226.SH,600226,亨通股份,CN,PCB,160.62,55.91,100.0,【高流通】,0,0
300446.SZ,300446.SZ,300446,航天智造,CN,"PCB,华为概念,华为汽车,无人驾驶",160.54,29.2,44.19,,0,0
600345.SH,600345.SH,600345,长江通信,CN,人工智能,160.39,223.47,64.18,,0,0
688031.SH,688031.SH,688031,星环科技-U,CN,"人工智能,信创",159.9,-71.39,100.0,【亏损】【高流通】,1,0
301150.SZ,301150.SZ,301150,中一科技,CN,PCB,159.81,56.4,95.44,【高流通】,0,0
300735.SZ,300735.SZ,300735,光弘科技,CN,"AI手机,华为概念,华为汽车,机器人概念",159.71,234.27,98.69,【高流通】,0,0
688062.SH,688062.SH,688062,迈威生物-U,CN,AI制药（医疗）,159.62,-16.49,45.7,【亏损】,1,0
603009.SH,603009.SH,603009,北特科技,CN,人形机器人,159.13,146.38,97.7,【高流通】,0,0
002768.SZ,002768.SZ,002768,国恩股份,CN,"华为概念,机器人概念",159.06,15.5,58.67,【低PE】,0,0
301031.SZ,301031.SZ,301031,中熔电气,CN,"华为概念,华为汽车,数据中心",158.54,34.81,78.63,,0,0
301589.SZ,301589.SZ,301589,诺瓦星云,CN,"人工智能,国产芯片",158.46,41.56,37.28,,0,0
688131.SH,688131.SH,688131,皓元医药,CN,"AI制药（医疗）,人工智能",158.14,58.28,100.0,【高流通】,0,0
002906.SZ,002906.SZ,002906,华阳集团,CN,"人形机器人,华为概念,华为汽车,无人驾驶",158.0,23.83,99.94,【高流通】,0,0
301123.SZ,301123.SZ,301123,奕东电子,CN,"PCB,液冷概念",157.87,415.88,70.34,,0,0
603662.SH,603662.SH,603662,柯力传感,CN,"人工智能,人形机器人,华为概念,机器人执行器",157.83,95.96,100.0,【高流通】,0,0
688798.SH,688798.SH,688798,艾为电子,CN,"AI手机,AI眼镜,国产芯片",157.62,77.18,58.23,,0,0
920808.BJ,920808.BJ,920808,曙光数创,CN,"数据中心,液冷概念",157.46,-82.71,97.29,【亏损】【高流通】,1,0
688116.SH,688116.SH,688116,天奈科技,CN,机器人概念,157.13,69.66,100.0,【高流通】,0,0
603002.SH,603002.SH,603002,宏昌电子,CN,PCB,156.73,8362.81,100.0,【高流通】,0,0
300077.SZ,300077.SZ,300077,国民技术,CN,"华为概念,国产芯片,机器人概念",156.31,-248.19,83.51,【亏损】【高流通】,1,0
002400.SZ,002400.SZ,002400,省广集团,CN,"AIGC概念,AI应用,数据中心",156.2,255.09,99.01,【高流通】,0,0
300229.SZ,300229.SZ,300229,拓尔思,CN,"AIGC概念,AI应用,AI智能体,AI语料,人工智能,信创,华为昇腾,华为概念,多模态AI,数据中心",156.12,-50.42,99.93,【亏损】【高流通】,1,0
301392.SZ,301392.SZ,301392,汇成真空,CN,"国产芯片,无人驾驶",156.11,141.95,40.8,,0,0
000035.SZ,000035.SZ,000035,中国天楹,CN,"人工智能,机器人概念",155.94,35.21,96.86,【高流通】,0,0
603773.SH,603773.SH,603773,沃格光电,CN,"CPO概念,华为概念",155.85,-76.25,99.97,【亏损】【高流通】,1,0
600271.SH,600271.SH,600271,航天信息,CN,"AI应用,人工智能,信创,国产芯片,鸿蒙概念",155.83,-14.84,100.0,【亏损】【高流通】,1,0
603619.SH,603619.SH,603619,中曼石油,CN,机器人概念,155.62,122.91,100.0,【高流通】,0,0
002182.SZ,002182.SZ,002182,宝武镁业,CN,"华为概念,华为汽车,机器人概念",155.61,764.44,87.27,【高流通】,0,0
601038.SH,601038.SH,601038,一拖股份,CN,无人驾驶,155.51,6.91,65.12,【低PE】,0,0
002396.SZ,002396.SZ,002396,星网锐捷,CN,"人工智能,信创,华为概念,数据中心",155.21,104.23,99.59,【高流通】,0,0
603031.SH,603031.SH,603031,安孚科技,CN,"AI芯片,国产芯片",155.15,29.02,84.1,【高流通】,0,0
300593.SZ,300593.SZ,300593,新雷能,CN,国产芯片,155.1,-90.03,83.0,【亏损】【高流通】,1,0
300655.SZ,300655.SZ,300655,晶瑞电材,CN,"国产芯片,存储芯片,无人驾驶",154.72,578.03,99.43,【高流通】,0,0
301510.SZ,301510.SZ,301510,固高科技,CN,机器人概念,154.64,175.23,69.79,,0,0
603505.SH,603505.SH,603505,金石资源,CN,液冷概念,154.36,62.99,100.0,【高流通】,0,0
688352.SH,688352.SH,688352,颀中科技,CN,国产芯片,154.22,-13.15,30.77,【亏损】,1,0
600022.SH,600022.SH,600022,山东钢铁,CN,"人工智能,机器人概念",154.06,-17.67,100.0,【亏损】【高流通】,1,0
300184.SZ,300184.SZ,300184,力源信息,CN,"AI芯片,华为概念,华为海思,国产芯片,存储芯片,液冷概念",153.66,27.97,91.57,【高流通】,0,0
600821.SH,600821.SH,600821,金开新能,CN,算力概念,153.45,-199.81,100.0,【亏损】【高流通】,1,0
603052.SH,603052.SH,603052,可川科技,CN,"AI眼镜,CPO概念",153.02,-330.11,100.0,【亏损】【高流通】,1,0
000681.SZ,000681.SZ,000681,视觉中国,CN,"AIGC概念,AI应用,AI智能体,AI语料,人工智能,华为概念,多模态AI,智谱AI概念",152.87,16.0,96.51,【低PE】【高流通】,0,0
600720.SH,600720.SH,600720,中交设计,CN,数据中心,152.82,53.48,43.98,,0,0
301682.SZ,301682.SZ,301682,宏明电子,CN,算力概念,152.7,27.38,21.13,【低流通】,0,0
301363.SZ,301363.SZ,301363,美好医疗,CN,机器人概念,152.23,67.14,65.6,,0,0
600268.SH,600268.SH,600268,国电南自,CN,"人工智能,华为概念,机器人概念",152.08,90.4,99.5,【高流通】,0,0
688308.SH,688308.SH,688308,欧科亿,CN,机器人概念,151.86,18.62,100.0,【低PE】【高流通】,0,0
603220.SH,603220.SH,603220,中贝通信,CN,"CPO概念,算力概念",151.57,-1331075.0,80.97,【亏损】【高流通】,1,0
002980.SZ,002980.SZ,002980,华盛昌,CN,"AI智能体,AI眼镜,人工智能,鸿蒙概念",151.41,213.13,53.48,,0,0
688593.SH,688593.SH,688593,新相微,CN,"AI眼镜,国产芯片,汽车芯片",151.37,704.86,70.22,,0,0
300468.SZ,300468.SZ,300468,四方精创,CN,"人工智能,信创,华为概念",151.08,356.11,99.84,【高流通】,0,0
600167.SH,600167.SH,600167,联美控股,CN,华为概念,150.93,7.08,100.0,【低PE】【高流通】,0,0
600589.SH,600589.SH,600589,大位科技,CN,"数据中心,算力概念",149.51,-117.3,99.58,【亏损】【高流通】,1,0
300182.SZ,300182.SZ,300182,捷成股份,CN,"AIGC概念,AI应用,AI智能体,AI语料,人工智能,华为昇腾,华为概念,多模态AI",149.17,33.03,84.82,【高流通】,0,0
600986.SH,600986.SH,600986,浙文互联,CN,"AIGC概念,AI应用,AI智能体,算力概念",148.59,-163.6,100.0,【亏损】【高流通】,1,0
301196.SZ,301196.SZ,301196,唯科科技,CN,机器人概念,148.5,52.03,65.41,,0,0
300459.SZ,300459.SZ,300459,汤姆猫,CN,"AI应用,人工智能,华为概念,多模态AI,数据中心",148.37,120.63,93.5,【高流通】,0,0
002925.SZ,002925.SZ,002925,盈趣科技,CN,"人工智能,机器人概念",148.24,39.74,94.74,【高流通】,0,0
300045.SZ,300045.SZ,300045,华力创通,CN,"人工智能,国产芯片",148.17,-309.81,77.91,【亏损】,1,0
300469.SZ,300469.SZ,300469,信息发展,CN,"人工智能,信创",148.12,-117.95,99.95,【亏损】【高流通】,1,0
688206.SH,688206.SH,688206,概伦电子,CN,"信创,国产芯片,存储芯片",148.0,-301.03,100.0,【亏损】【高流通】,1,0
605365.SH,605365.SH,605365,立达信,CN,"国产芯片,鸿蒙概念",147.94,186.04,100.0,【高流通】,0,0
002779.SZ,002779.SZ,002779,中坚科技,CN,"人形机器人,机器人概念",147.93,129.09,89.72,【高流通】,0,0
603738.SH,603738.SH,603738,泰晶科技,CN,"CPO概念,人形机器人,华为概念,华为海思,机器人概念",147.87,160.42,100.0,【高流通】,0,0
300009.SZ,300009.SZ,300009,安科生物,CN,"AI制药（医疗）,人工智能",147.74,22.04,73.61,,0,0
002158.SZ,002158.SZ,002158,汉钟精机,CN,数据中心,147.64,30.36,99.78,【高流通】,0,0
688691.SH,688691.SH,688691,灿芯股份,CN,国产芯片,147.36,-129.13,60.8,【亏损】,1,0
300005.SZ,300005.SZ,300005,探路者,CN,国产芯片,147.22,65.21,99.19,【高流通】,0,0
300682.SZ,300682.SZ,300682,朗新科技,CN,人工智能,147.07,-73.96,95.65,【亏损】【高流通】,1,0
000970.SZ,000970.SZ,000970,中科三环,CN,机器人概念,146.86,223.93,100.0,【高流通】,0,0
002617.SZ,002617.SZ,002617,露笑科技,CN,机器人概念,146.82,51.76,98.35,【高流通】,0,0
600552.SH,600552.SH,600552,凯盛科技,CN,华为概念,146.79,131.45,100.0,【高流通】,0,0
002338.SZ,002338.SZ,002338,奥普光电,CN,国产芯片,146.54,117.81,100.0,【高流通】,0,0
300428.SZ,300428.SZ,300428,立中集团,CN,人形机器人,146.3,18.41,87.04,【低PE】【高流通】,0,0
688698.SH,688698.SH,688698,伟创电气,CN,"人形机器人,机器人概念",146.05,75.59,100.0,【高流通】,0,0
603283.SH,603283.SH,603283,赛腾股份,CN,"PCB,存储芯片",145.97,40.07,100.0,【高流通】,0,0
000810.SZ,000810.SZ,000810,创维数字,CN,"AIGC概念,AI眼镜,人工智能,华为概念,华为海思",145.96,44.03,96.56,【高流通】,0,0
688258.SH,688258.SH,688258,卓易信息,CN,"AIPC,AI应用,华为概念,华为海思",145.87,61.32,100.0,【高流通】,0,0
600366.SH,600366.SH,600366,宁波韵升,CN,"人形机器人,机器人概念",145.84,31.29,100.0,【高流通】,0,0
300900.SZ,300900.SZ,300900,广联航空,CN,人形机器人,145.67,345.66,78.35,,0,0
300580.SZ,300580.SZ,300580,贝斯特,CN,"PCB,人形机器人,华为汽车",145.42,49.78,94.08,【高流通】,0,0
300693.SZ,300693.SZ,300693,盛弘股份,CN,数据中心,145.36,42.66,85.95,【高流通】,0,0
688559.SH,688559.SH,688559,海目星,CN,华为概念,145.21,144.0,100.0,【高流通】,0,0
002183.SZ,002183.SZ,002183,怡 亚 通,CN,"信创,国产芯片,存储芯片,算力概念,鸿蒙概念",145.17,215.85,100.0,【高流通】,0,0
301183.SZ,301183.SZ,301183,东田微,CN,"华为概念,无人驾驶",144.93,129.1,73.3,,0,0
300139.SZ,300139.SZ,300139,晓程科技,CN,国产芯片,144.89,80.67,85.28,【高流通】,0,0
600666.SH,600666.SH,600666,奥瑞德,CN,"AI智能体,人工智能,算力概念",144.18,-371.82,90.94,【亏损】【高流通】,1,0
000880.SZ,000880.SZ,000880,潍柴重机,CN,数据中心,143.33,65.63,48.94,,0,0
001308.SZ,001308.SZ,001308,康冠科技,CN,"AI眼镜,人工智能,华为概念",143.21,23.05,69.2,,0,0
688327.SH,688327.SH,688327,云从科技-UW,CN,"AI应用,AI智能体,人工智能,信创,华为昇腾,华为概念,多模态AI,算力概念",143.11,-274.88,80.25,【亏损】【高流通】,1,0
600353.SH,600353.SH,600353,旭光电子,CN,"华为概念,国产芯片",143.0,107.13,99.86,【高流通】,0,0
002226.SZ,002226.SZ,002226,江南化工,CN,"人工智能,机器人概念",142.25,26.47,100.0,【高流通】,0,0
688059.SH,688059.SH,688059,华锐精密,CN,机器人概念,142.22,20.3,93.59,【高流通】,0,0
688790.SH,688790.SH,688790,昂瑞微-UW,CN,"国产芯片,汽车芯片",142.14,-52.94,12.11,【亏损】【低流通】,1,0
002943.SZ,002943.SZ,002943,宇晶股份,CN,AI眼镜,141.49,-181.45,70.87,【亏损】,1,0
002373.SZ,002373.SZ,002373,千方科技,CN,"AIGC概念,AI智能体,人工智能,华为概念,无人驾驶",141.43,946.41,87.18,【高流通】,0,0
603992.SH,603992.SH,603992,松霖科技,CN,机器人概念,141.33,37.03,100.0,【高流通】,0,0
002990.SZ,002990.SZ,002990,盛视科技,CN,"人工智能,人形机器人,信创,华为概念,多模态AI,机器人概念",140.96,925.03,52.71,,0,0
002745.SZ,002745.SZ,002745,木林森,CN,PCB,140.85,8.41,71.7,【低PE】,0,0
605060.SH,605060.SH,605060,联德股份,CN,数据中心,140.84,56.47,99.31,【高流通】,0,0
300007.SZ,300007.SZ,300007,汉威科技,CN,"人形机器人,华为概念,国产芯片,机器人概念",140.64,142.11,86.41,【高流通】,0,0
300975.SZ,300975.SZ,300975,商络电子,CN,"存储芯片,机器人概念",140.56,13.69,71.63,【低PE】,0,0
300969.SZ,300969.SZ,300969,恒帅股份,CN,机器人概念,140.3,87.35,46.51,,0,0
301093.SZ,301093.SZ,301093,华兰股份,CN,"AI制药（医疗）,人工智能",140.21,5749.7,95.61,【高流通】,0,0
002703.SZ,002703.SZ,002703,浙江世宝,CN,无人驾驶,140.09,83.65,71.24,,0,0
688003.SH,688003.SH,688003,天准科技,CN,"PCB,人工智能,无人驾驶,机器人概念",140.07,745.87,100.0,【高流通】,0,0
301306.SZ,301306.SZ,301306,西测测试,CN,存储芯片,139.87,-89.9,69.03,【亏损】,1,0
603194.SH,603194.SH,603194,中力股份,CN,机器人概念,139.83,19.19,39.41,【低PE】,0,0
603626.SH,603626.SH,603626,科森科技,CN,"华为概念,机器人概念",139.61,9.05,100.0,【低PE】【高流通】,0,0
301312.SZ,301312.SZ,301312,智立方,CN,"AIPC,AI眼镜,CPO概念,华为海思,国产芯片,机器人概念",139.45,241.99,49.97,,0,0
300607.SZ,300607.SZ,300607,拓斯达,CN,"人形机器人,华为概念,机器人概念",139.18,72.36,70.76,,0,0
300322.SZ,300322.SZ,300322,硕贝德,CN,"AI眼镜,华为概念,无人驾驶,机器人概念,液冷概念",138.98,333.17,95.74,【高流通】,0,0
300938.SZ,300938.SZ,300938,信测标准,CN,华为概念,138.43,77.21,86.8,【高流通】,0,0
003018.SZ,003018.SZ,003018,金富科技,CN,液冷概念,138.32,167.83,91.3,【高流通】,0,0
002979.SZ,002979.SZ,002979,雷赛智能,CN,"人工智能,人形机器人,华为概念,机器人执行器,机器人概念",138.28,47.93,70.12,,0,0
002896.SZ,002896.SZ,002896,中大力德,CN,"人形机器人,机器人执行器,机器人概念",138.12,312.14,100.0,【高流通】,0,0
688515.SH,688515.SH,688515,裕太微-U,CN,"华为概念,国产芯片,机器人概念,汽车芯片",138.08,-79.8,62.27,【亏损】,1,0
688153.SH,688153.SH,688153,唯捷创芯,CN,"AI手机,国产芯片,汽车芯片",137.66,-71.5,95.1,【亏损】【高流通】,1,0
300331.SZ,300331.SZ,300331,苏大维格,CN,"AI眼镜,华为概念",137.65,114.6,85.55,【高流通】,0,0
688612.SH,688612.SH,688612,威迈斯,CN,华为概念,137.58,26.23,60.25,,0,0
300613.SZ,300613.SZ,300613,富瀚微,CN,"AI眼镜,人工智能,国产芯片,鸿蒙概念",137.47,40.4,94.33,【高流通】,0,0
605020.SH,605020.SH,605020,永和股份,CN,液冷概念,137.41,19.06,98.45,【低PE】【高流通】,0,0
000719.SZ,000719.SZ,000719,中原传媒,CN,AI语料,137.31,30.89,65.2,,0,0
000156.SZ,000156.SZ,000156,华数传媒,CN,华为概念,137.3,30.48,91.74,【高流通】,0,0
300990.SZ,300990.SZ,300990,同飞股份,CN,液冷概念,137.13,57.35,45.21,,0,0
000099.SZ,000099.SZ,000099,中信海直,CN,华为概念,137.08,36.8,100.0,【高流通】,0,0
300674.SZ,300674.SZ,300674,宇信科技,CN,"AI应用,AI智能体,人工智能,信创,华为概念,华为欧拉,数据中心,智谱AI概念,机器人概念,鸿蒙概念",137.08,75.14,99.85,【高流通】,0,0
002639.SZ,002639.SZ,002639,雪人集团,CN,"华为概念,数据中心,液冷概念",136.91,954.72,84.56,【高流通】,0,0
688332.SH,688332.SH,688332,中科蓝讯,CN,"AI眼镜,国产芯片",136.88,-583.05,100.0,【亏损】【高流通】,1,0
603927.SH,603927.SH,603927,中科软,CN,"信创,华为概念,鸿蒙概念",136.62,-215.6,100.0,【亏损】【高流通】,1,0
002967.SZ,002967.SZ,002967,广电计量,CN,"华为概念,华为海思",136.19,201.09,85.87,【高流通】,0,0
300576.SZ,300576.SZ,300576,容大感光,CN,PCB,135.74,126.39,62.88,,0,0
000672.SZ,000672.SZ,000672,上峰水泥,CN,国产芯片,135.72,106.34,100.0,【高流通】,0,0
600267.SH,600267.SH,600267,海正药业,CN,AI制药（医疗）,135.7,9.54,100.0,【低PE】【高流通】,0,0
300315.SZ,300315.SZ,300315,掌趣科技,CN,AIGC概念,135.65,62.7,93.86,【高流通】,0,0
603888.SH,603888.SH,603888,新华网,CN,"AIGC概念,AI应用,AI语料,人工智能,多模态AI",135.55,86.07,100.0,【高流通】,0,0
300376.SZ,300376.SZ,300376,易事特,CN,"华为概念,数据中心",135.5,227.35,99.97,【高流通】,0,0
000599.SZ,000599.SZ,000599,青岛双星,CN,"华为概念,机器人概念",135.24,79.96,35.99,,0,0
688107.SH,688107.SH,688107,安路科技,CN,"AI芯片,人形机器人,国产芯片,机器人概念",134.97,-82.68,100.0,【亏损】【高流通】,1,0
300843.SZ,300843.SZ,300843,胜蓝股份,CN,"人形机器人,液冷概念",134.8,93.45,98.04,【高流通】,0,0
300489.SZ,300489.SZ,300489,光智科技,CN,无人驾驶,134.7,218.92,99.63,【高流通】,0,0
688055.SH,688055.SH,688055,龙腾光电,CN,国产芯片,134.67,-48.31,100.0,【亏损】【高流通】,1,0
600507.SH,600507.SH,600507,方大特钢,CN,华为概念,134.63,31.19,100.0,【高流通】,0,0
300846.SZ,300846.SZ,300846,首都在线,CN,"AI智能体,信创,华为概念,数据中心,智谱AI概念,算力概念",134.52,-156.26,77.95,【亏损】,1,0
600006.SH,600006.SH,600006,东风股份,CN,"人工智能,无人驾驶,汽车芯片",134.2,16.32,100.0,【低PE】【高流通】,0,0
002541.SZ,002541.SZ,002541,鸿路钢构,CN,机器人概念,133.93,22.68,71.91,,0,0
600590.SH,600590.SH,600590,泰豪科技,CN,"华为概念,机器人概念",133.82,67.81,98.91,【高流通】,0,0
000555.SZ,000555.SZ,000555,神州信息,CN,"AIGC概念,AI应用,AI智能体,人工智能,信创,华为概念,鸿蒙概念",133.78,-36.17,99.88,【亏损】【高流通】,1,0
301326.SZ,301326.SZ,301326,捷邦科技,CN,液冷概念,133.76,-223.97,99.1,【亏损】【高流通】,1,0
688686.SH,688686.SH,688686,奥普特,CN,机器人概念,133.62,52.29,100.0,【高流通】,0,0
002139.SZ,002139.SZ,002139,拓邦股份,CN,"人工智能,人形机器人,华为概念,华为汽车,无人驾驶,机器人概念,鸿蒙概念",133.54,64.34,85.9,【高流通】,0,0
300357.SZ,300357.SZ,300357,我武生物,CN,人工智能,132.99,27.88,92.42,【高流通】,0,0
300302.SZ,300302.SZ,300302,同有科技,CN,"信创,国产芯片,存储芯片,数据中心",132.85,38.1,76.95,,0,0
300480.SZ,300480.SZ,300480,光力科技,CN,华为概念,132.8,105.3,72.97,,0,0
002268.SZ,002268.SZ,002268,电科网安,CN,"人工智能,信创,华为概念,国产芯片,汽车芯片,鸿蒙概念",132.6,-21.27,99.95,【亏损】【高流通】,1,0
002204.SZ,002204.SZ,002204,大连重工,CN,"无人驾驶,机器人概念",132.3,15.87,100.0,【低PE】【高流通】,0,0
000815.SZ,000815.SZ,000815,美利云,CN,数据中心,132.24,148.93,100.0,【高流通】,0,0
300842.SZ,300842.SZ,300842,帝科股份,CN,"国产芯片,存储芯片",132.04,227.63,88.88,【高流通】,0,0
600850.SH,600850.SH,600850,电科数字,CN,"AI制药（医疗）,人工智能,信创,华为昇腾,华为概念,数据中心,机器人概念,液冷概念",131.55,130.32,100.0,【高流通】,0,0
301603.SZ,301603.SZ,301603,乔锋智能,CN,"人形机器人,机器人概念,液冷概念",131.45,31.04,31.25,,0,0
603300.SH,603300.SH,603300,海南华铁,CN,算力概念,131.24,30.13,100.0,【高流通】,0,0
002993.SZ,002993.SZ,002993,奥海科技,CN,华为概念,131.09,70.25,86.38,【高流通】,0,0
301248.SZ,301248.SZ,301248,杰创智能,CN,"人工智能,信创,华为概念,数据中心,机器人概念,液冷概念,算力概念",130.96,-230.15,73.08,【亏损】,1,0
688155.SH,688155.SH,688155,先惠技术,CN,"人工智能,机器人概念",130.95,21.32,100.0,【高流通】,0,0
688262.SH,688262.SH,688262,国芯科技,CN,"AI芯片,人工智能,国产芯片,存储芯片,无人驾驶,汽车芯片",130.94,-67.27,100.0,【亏损】【高流通】,1,0
002698.SZ,002698.SZ,002698,博实股份,CN,"人工智能,人形机器人,机器人概念",130.68,41.67,82.17,【高流通】,0,0
002276.SZ,002276.SZ,002276,万马股份,CN,"人形机器人,机器人概念",130.43,51.57,99.61,【高流通】,0,0
002987.SZ,002987.SZ,002987,京北方,CN,"AI应用,AI智能体,人工智能,信创,鸿蒙概念",129.95,129.11,97.24,【高流通】,0,0
002706.SZ,002706.SZ,002706,良信股份,CN,华为概念,129.95,57.5,81.41,【高流通】,0,0
000801.SZ,000801.SZ,000801,四川九洲,CN,"人工智能,华为概念",129.89,219.12,99.96,【高流通】,0,0
603319.SH,603319.SH,603319,美湖股份,CN,"人形机器人,华为概念,无人驾驶,机器人概念",129.59,146.17,100.0,【高流通】,0,0
301015.SZ,301015.SZ,301015,百洋医药,CN,机器人概念,129.57,26.13,99.99,【高流通】,0,0
300595.SZ,300595.SZ,300595,欧普康视,CN,AI眼镜,129.1,22.08,74.67,,0,0
002309.SZ,002309.SZ,002309,中利集团,CN,华为概念,129.03,206.57,80.0,【高流通】,0,0
600446.SH,600446.SH,600446,金证股份,CN,"人工智能,信创,华为概念,虚拟机器人",128.77,-65.76,100.0,【亏损】【高流通】,1,0
002283.SZ,002283.SZ,002283,天润工业,CN,机器人概念,127.96,21.99,88.01,【高流通】,0,0
300377.SZ,300377.SZ,300377,赢时胜,CN,"AI应用,人工智能,信创,华为昇腾,华为概念,虚拟机器人",127.6,-36.38,92.0,【亏损】【高流通】,1,0
002970.SZ,002970.SZ,002970,锐明技术,CN,"人工智能,华为概念,无人驾驶",127.5,73.34,68.51,,0,0
600184.SH,600184.SH,600184,光电股份,CN,机器人概念,127.44,2840.56,100.0,【高流通】,0,0
301629.SZ,301629.SZ,301629,矽电股份,CN,华为概念,127.32,-306.1,46.0,【亏损】,1,0
603297.SH,603297.SH,603297,永新光学,CN,无人驾驶,127.31,68.99,99.81,【高流通】,0,0
000980.SZ,000980.SZ,000980,众泰汽车,CN,无人驾驶,127.07,-38.74,100.0,【亏损】【高流通】,1,0
002426.SZ,002426.SZ,002426,胜利精密,CN,"AIPC,AI眼镜,华为概念",126.58,-41.92,100.0,【亏损】【高流通】,1,0
603882.SH,603882.SH,603882,金域医学,CN,"AI制药（医疗）,华为概念",126.47,73.89,99.33,【高流通】,0,0
688401.SH,688401.SH,688401,路维光电,CN,"PCB,国产芯片",126.22,46.25,100.0,【高流通】,0,0
300303.SZ,300303.SZ,300303,聚飞光电,CN,"华为概念,国产芯片",125.95,61.62,93.78,【高流通】,0,0
300444.SZ,300444.SZ,300444,双杰电气,CN,"华为概念,数据中心,机器人概念",125.94,11.19,77.81,【低PE】,0,0
301382.SZ,301382.SZ,301382,蜂助手,CN,"华为概念,鸿蒙概念",125.66,86.63,61.82,,0,0
002031.SZ,002031.SZ,002031,巨轮智能,CN,"人工智能,人形机器人,机器人概念",125.59,-87.59,87.01,【亏损】【高流通】,1,0
002315.SZ,002315.SZ,002315,焦点科技,CN,"AIGC概念,AI应用,AI智能体,人工智能,信创",125.54,32.04,63.75,,0,0
002011.SZ,002011.SZ,002011,盾安环境,CN,"华为概念,数据中心,液冷概念",125.52,16.01,98.59,【低PE】【高流通】,0,0
600481.SH,600481.SH,600481,双良节能,CN,液冷概念,125.5,-7.95,100.0,【亏损】【高流通】,1,0
300130.SZ,300130.SZ,300130,新国都,CN,"AIGC概念,AI应用,AI智能体,人工智能,信创,鸿蒙概念",125.49,29.41,76.53,,0,0
002931.SZ,002931.SZ,002931,锋龙股份,CN,机器人概念,125.38,946.02,92.1,【高流通】,0,0
002051.SZ,002051.SZ,002051,中工国际,CN,"华为概念,数据中心,算力概念",125.23,40.07,99.99,【高流通】,0,0
300053.SZ,300053.SZ,300053,航宇微,CN,"AI芯片,人工智能,国产芯片,存储芯片,数据中心,机器人概念,汽车芯片,算力概念",124.74,-166.67,93.39,【亏损】【高流通】,1,0
002580.SZ,002580.SZ,002580,圣阳股份,CN,"数据中心,液冷概念,鸿蒙概念",124.72,51.16,99.66,【高流通】,0,0
300328.SZ,300328.SZ,300328,宜安科技,CN,"AI眼镜,人形机器人,华为概念",124.69,-162.54,99.51,【亏损】【高流通】,1,0
301571.SZ,301571.SZ,301571,国科天成,CN,国产芯片,124.38,124.77,66.42,,0,0
002024.SZ,002024.SZ,002024,ST易购,CN,"AI智能体,人工智能",124.15,107.38,99.88,【高流通】,0,0
603186.SH,603186.SH,603186,华正新材,CN,"PCB,华为概念",124.15,100.37,100.0,【高流通】,0,0
601222.SH,601222.SH,601222,林洋能源,CN,华为概念,124.11,51.53,100.0,【高流通】,0,0
002488.SZ,002488.SZ,002488,金固股份,CN,"人形机器人,机器人概念",123.93,133.51,92.43,【高流通】,0,0
000917.SZ,000917.SZ,000917,电广传媒,CN,"华为概念,智谱AI概念",123.89,-33.43,99.99,【亏损】【高流通】,1,0
300624.SZ,300624.SZ,300624,万兴科技,CN,"AIGC概念,AI应用,AI智能体,人工智能,信创,华为概念,鸿蒙概念",123.58,-64.39,88.57,【亏损】【高流通】,1,0
600480.SH,600480.SH,600480,凌云股份,CN,"华为汽车,液冷概念",123.57,20.14,99.23,【高流通】,0,0
300224.SZ,300224.SZ,300224,正海磁材,CN,人形机器人,123.04,65.38,99.63,【高流通】,0,0
002292.SZ,002292.SZ,002292,奥飞娱乐,CN,人工智能,123.03,56.21,68.84,,0,0
002705.SZ,002705.SZ,002705,新宝股份,CN,机器人概念,122.84,38.98,99.48,【高流通】,0,0
002654.SZ,002654.SZ,002654,万润科技,CN,"人工智能,华为概念,存储芯片",122.74,-571.39,99.99,【亏损】【高流通】,1,0
001208.SZ,001208.SZ,001208,华菱线缆,CN,"人形机器人,机器人概念",122.31,100.44,49.93,,0,0
002730.SZ,002730.SZ,002730,电光科技,CN,"人工智能,算力概念,鸿蒙概念",121.88,139.39,95.57,【高流通】,0,0
002713.SZ,002713.SZ,002713,*ST东易,CN,"人工智能,算力概念",121.59,-178.56,55.34,【亏损】,1,0
688020.SH,688020.SH,688020,方邦股份,CN,华为概念,121.54,-175.51,100.0,【亏损】【高流通】,1,0
688182.SH,688182.SH,688182,灿勤科技,CN,华为概念,121.44,1859.79,100.0,【高流通】,0,0
688233.SH,688233.SH,688233,神工股份,CN,国产芯片,121.39,119.55,100.0,【高流通】,0,0
603376.SH,603376.SH,603376,大明电子,CN,无人驾驶,121.08,223.72,7.76,【低流通】,0,0
600645.SH,600645.SH,600645,中源协和,CN,人工智能,121.06,124.83,99.96,【高流通】,0,0
300244.SZ,300244.SZ,300244,迪安诊断,CN,"AI制药（医疗）,AI应用,人工智能,华为概念",120.87,46.94,80.24,【高流通】,0,0
601133.SH,601133.SH,601133,柏诚股份,CN,存储芯片,120.28,96.75,99.31,【高流通】,0,0
002063.SZ,002063.SZ,002063,远光软件,CN,"AI应用,人工智能,信创,华为概念",120.27,277.84,92.36,【高流通】,0,0
301421.SZ,301421.SZ,301421,波长光电,CN,"AI眼镜,PCB,无人驾驶",120.09,463.81,40.02,,0,0
000727.SZ,000727.SZ,000727,冠捷科技,CN,"人工智能,华为概念",120.03,-10.61,100.0,【亏损】【高流通】,1,0
000829.SZ,000829.SZ,000829,天音控股,CN,"华为概念,华为汽车,鸿蒙概念",119.94,-118.14,99.91,【亏损】【高流通】,1,0
300201.SZ,300201.SZ,300201,海伦哲,CN,机器人概念,119.47,69.46,99.47,【高流通】,0,0
603203.SH,603203.SH,603203,快克智能,CN,"AI眼镜,PCB,人工智能,华为概念,存储芯片,机器人概念,液冷概念",118.92,38.57,98.22,【高流通】,0,0
601801.SH,601801.SH,601801,皖新传媒,CN,"人工智能,智谱AI概念,鸿蒙概念",118.26,8.84,100.0,【低PE】【高流通】,0,0
002985.SZ,002985.SZ,002985,北摩高科,CN,国产芯片,118.24,43.97,99.72,【高流通】,0,0
002881.SZ,002881.SZ,002881,美格智能,CN,"AI智能体,AI眼镜,人形机器人,华为概念,华为海思,无人驾驶,机器人概念,算力概念",117.99,63.23,60.24,,0,0
300499.SZ,300499.SZ,300499,高澜股份,CN,液冷概念,117.37,193.79,88.91,【高流通】,0,0
002115.SZ,002115.SZ,002115,三维通信,CN,人工智能,116.86,135.2,92.75,【高流通】,0,0
603039.SH,603039.SH,603039,泛微网络,CN,AI应用,116.77,46.99,100.0,【高流通】,0,0
000839.SZ,000839.SZ,000839,国安股份,CN,"AI语料,人工智能",116.42,-905.25,100.0,【亏损】【高流通】,1,0
688603.SH,688603.SH,688603,天承科技,CN,PCB,116.27,97.09,38.02,,0,0
688378.SH,688378.SH,688378,奥来德,CN,"AI眼镜,华为概念",115.81,36.15,92.17,【高流通】,0,0
002471.SZ,002471.SZ,002471,中超控股,CN,机器人概念,115.8,-611.28,98.07,【亏损】【高流通】,1,0
300766.SZ,300766.SZ,300766,每日互动,CN,"AI应用,AI手机,机器人概念,鸿蒙概念",115.35,-179.2,90.67,【亏损】【高流通】,1,0
603118.SH,603118.SH,603118,共进股份,CN,"华为概念,华为海思,无人驾驶",115.26,117.85,100.0,【高流通】,0,0
600841.SH,600841.SH,600841,动力新科,CN,无人驾驶,115.19,79.55,75.16,,0,0
603985.SH,603985.SH,603985,恒润股份,CN,算力概念,115.15,44.19,100.0,【高流通】,0,0
301488.SZ,301488.SZ,301488,豪恩汽电,CN,"人形机器人,华为汽车,无人驾驶,机器人概念",115.06,184.06,25.45,【低流通】,0,0
300337.SZ,300337.SZ,300337,银邦股份,CN,华为概念,114.74,52.48,86.55,【高流通】,0,0
002655.SZ,002655.SZ,002655,共达电声,CN,"华为概念,国产芯片",114.67,548.23,99.8,【高流通】,0,0
688222.SH,688222.SH,688222,成都先导,CN,人工智能,114.63,69.06,100.0,【高流通】,0,0
603328.SH,603328.SH,603328,依顿电子,CN,"PCB,华为概念",114.32,75.87,100.0,【高流通】,0,0
300353.SZ,300353.SZ,300353,东土科技,CN,"人工智能,华为概念,国产芯片,机器人概念",114.06,-72.08,87.83,【亏损】【高流通】,1,0
688306.SH,688306.SH,688306,均普智能,CN,"人形机器人,无人驾驶,机器人概念",113.98,-83.06,100.0,【亏损】【高流通】,1,0
600728.SH,600728.SH,600728,佳都科技,CN,"AI制药（医疗）,AI应用,人工智能,信创,华为昇腾,华为概念,多模态AI,数据中心",113.88,230.99,100.0,【高流通】,0,0
600158.SH,600158.SH,600158,中体产业,CN,数据中心,113.7,-495.84,100.0,【亏损】【高流通】,1,0
001330.SZ,001330.SZ,001330,博纳影业,CN,AIGC概念,113.67,-64.19,84.6,【亏损】【高流通】,1,0
000837.SZ,000837.SZ,000837,秦川机床,CN,"人形机器人,机器人执行器,机器人概念",113.67,117.11,98.46,【高流通】,0,0
300415.SZ,300415.SZ,300415,伊之密,CN,机器人概念,113.49,20.99,96.7,【高流通】,0,0
603327.SH,603327.SH,603327,福蓉科技,CN,"AI手机,AI眼镜,华为概念",112.91,58.48,100.0,【高流通】,0,0
600775.SH,600775.SH,600775,南京熊猫,CN,机器人概念,112.86,-211.59,73.52,【亏损】,1,0
600654.SH,600654.SH,600654,中安科,CN,"人工智能,华为概念",112.8,99.4,80.53,【高流通】,0,0
301091.SZ,301091.SZ,301091,深城交,CN,"信创,华为概念,无人驾驶",112.05,-52.99,100.0,【亏损】【高流通】,1,0
301487.SZ,301487.SZ,301487,盟固利,CN,人形机器人,111.96,140.9,59.35,,0,0
600458.SH,600458.SH,600458,时代新材,CN,华为概念,111.78,17.66,92.63,【低PE】【高流通】,0,0
601949.SH,601949.SH,601949,中国出版,CN,AI语料,111.76,-27.83,100.0,【亏损】【高流通】,1,0
000049.SZ,000049.SZ,000049,德赛电池,CN,"AI眼镜,华为概念",111.7,34.94,99.97,【高流通】,0,0
301078.SZ,301078.SZ,301078,孩子王,CN,"AI智能体,人工智能",111.49,57.33,99.51,【高流通】,0,0
002839.SZ,002839.SZ,002839,张家港行,CN,人工智能,111.46,4.83,99.9,【低PE】【高流通】,0,0
600686.SH,600686.SH,600686,金龙汽车,CN,无人驾驶,111.43,18.57,100.0,【低PE】【高流通】,0,0
603583.SH,603583.SH,603583,捷昌驱动,CN,"人形机器人,机器人执行器,机器人概念",111.41,55.18,99.09,【高流通】,0,0
002897.SZ,002897.SZ,002897,意华股份,CN,"华为概念,华为汽车,无人驾驶",111.35,69.13,94.09,【高流通】,0,0
600509.SH,600509.SH,600509,天富能源,CN,AI眼镜,111.33,15.89,100.0,【低PE】【高流通】,0,0
300101.SZ,300101.SZ,300101,振芯科技,CN,"人工智能,国产芯片,机器人概念",111.25,-681.93,99.66,【亏损】【高流通】,1,0
600037.SH,600037.SH,600037,歌华有线,CN,数据中心,111.2,41.14,100.0,【高流通】,0,0
002214.SZ,002214.SZ,002214,*ST大立,CN,"人工智能,国产芯片,无人驾驶,机器人概念",111.17,-40.7,79.91,【亏损】,1,0
688556.SH,688556.SH,688556,高测股份,CN,"人形机器人,机器人概念",111.07,-55.29,100.0,【亏损】【高流通】,1,0
300768.SZ,300768.SZ,300768,迪普科技,CN,"AI智能体,人工智能,信创,数据中心",110.87,60.25,65.34,,0,0
301087.SZ,301087.SZ,301087,可孚医疗,CN,AI制药（医疗）,110.76,25.87,92.86,【高流通】,0,0
301584.SZ,301584.SZ,301584,建发致新,CN,机器人概念,110.59,42.42,12.75,【低流通】,0,0
300319.SZ,300319.SZ,300319,麦捷科技,CN,"华为概念,算力概念",110.59,58.64,94.95,【高流通】,0,0
000700.SZ,000700.SZ,000700,模塑科技,CN,"人形机器人,华为汽车",110.53,17.0,100.0,【低PE】【高流通】,0,0
300486.SZ,300486.SZ,300486,东杰智能,CN,"人工智能,机器人概念",110.51,311.07,99.97,【高流通】,0,0
300393.SZ,300393.SZ,300393,中来股份,CN,华为概念,110.27,-10.98,87.73,【亏损】【高流通】,1,0
601900.SH,601900.SH,601900,南方传媒,CN,"AI应用,人工智能",110.25,9.18,100.0,【低PE】【高流通】,0,0
688508.SH,688508.SH,688508,芯朋微,CN,"人工智能,人形机器人,国产芯片,机器人概念,汽车芯片",110.17,200.68,100.0,【高流通】,0,0
002017.SZ,002017.SZ,002017,东信和平,CN,信创,109.88,55.59,99.94,【高流通】,0,0
603533.SH,603533.SH,603533,掌阅科技,CN,"AI应用,AI语料,人工智能,华为概念,鸿蒙概念",109.81,-81.4,100.0,【亏损】【高流通】,1,0
688583.SH,688583.SH,688583,思看科技,CN,机器人概念,109.79,377.15,34.85,,0,0
301551.SZ,301551.SZ,301551,无线传媒,CN,"人工智能,华为概念",109.68,39.58,38.64,,0,0
002392.SZ,002392.SZ,002392,北京利尔,CN,"AI智能体,AI芯片,算力概念",109.64,21.02,97.23,【高流通】,0,0
600094.SH,600094.SH,600094,大名城,CN,算力概念,109.51,585.96,91.45,【高流通】,0,0
002062.SZ,002062.SZ,002062,宏润建设,CN,机器人概念,109.5,37.12,90.9,【高流通】,0,0
600198.SH,600198.SH,600198,大唐电信,CN,国产芯片,109.5,-41.84,99.87,【亏损】【高流通】,1,0
300263.SZ,300263.SZ,300263,隆华科技,CN,华为概念,109.4,42.41,94.25,【高流通】,0,0
301327.SZ,301327.SZ,301327,华宝新能,CN,机器人概念,108.99,192.35,100.0,【高流通】,0,0
000536.SZ,000536.SZ,000536,华映科技,CN,华为概念,108.98,-12.27,99.89,【亏损】【高流通】,1,0
002635.SZ,002635.SZ,002635,安洁科技,CN,华为概念,108.85,77.99,59.96,,0,0
603200.SH,603200.SH,603200,上海洗霸,CN,"华为概念,数据中心",108.85,1463.29,100.0,【高流通】,0,0
601595.SH,601595.SH,601595,上海电影,CN,AI语料,108.69,208.92,100.0,【高流通】,0,0
300790.SZ,300790.SZ,300790,宇瞳光学,CN,"AI眼镜,华为概念,无人驾驶,机器人概念",108.49,47.81,86.77,【高流通】,0,0
688628.SH,688628.SH,688628,优利德,CN,"AI智能体,人工智能",108.41,37.35,100.0,【高流通】,0,0
603938.SH,603938.SH,603938,三孚股份,CN,存储芯片,107.98,69.48,100.0,【高流通】,0,0
300863.SZ,300863.SZ,300863,卡倍亿,CN,"华为汽车,机器人概念",107.62,26.74,96.12,【高流通】,0,0
600556.SH,600556.SH,600556,天下秀,CN,"AIGC概念,AI智能体,人工智能",107.56,834.1,100.0,【高流通】,0,0
002368.SZ,002368.SZ,002368,太极股份,CN,"信创,华为概念",107.45,-22.45,99.52,【亏损】【高流通】,1,0
688128.SH,688128.SH,688128,中国电研,CN,无人驾驶,107.23,20.01,100.0,【高流通】,0,0
301225.SZ,301225.SZ,301225,恒勃股份,CN,"华为汽车,汽车芯片",107.12,100.7,28.91,【低流通】,0,0
600611.SH,600611.SH,600611,大众交通,CN,数据中心,107.09,-16.11,66.13,【亏损】,1,0
300188.SZ,300188.SZ,300188,国投智能,CN,"AI应用,AI智能体,人工智能,信创,华为概念,算力概念",107.0,-17.61,99.54,【亏损】【高流通】,1,0
688326.SH,688326.SH,688326,经纬恒润-W,CN,"数据中心,无人驾驶,机器人概念",106.98,-15.07,93.07,【亏损】【高流通】,1,0
301563.SZ,301563.SZ,301563,云汉芯城,CN,存储芯片,106.73,51.68,22.61,【低流通】,0,0
002960.SZ,002960.SZ,002960,青鸟智控,CN,"国产芯片,机器人概念",106.46,41.13,91.9,【高流通】,0,0
605299.SH,605299.SH,605299,舒华体育,CN,华为概念,106.32,109.26,100.0,【高流通】,0,0
002733.SZ,002733.SZ,002733,雄韬股份,CN,数据中心,106.27,125.58,96.0,【高流通】,0,0
002079.SZ,002079.SZ,002079,苏州固锝,CN,"人形机器人,华为概念,国产芯片",106.25,31.26,89.26,【高流通】,0,0
688486.SH,688486.SH,688486,龙迅股份,CN,国产芯片,106.18,69.71,99.99,【高流通】,0,0
301517.SZ,301517.SZ,301517,陕西华达,CN,"华为概念,华为海思",106.17,-165.96,64.51,【亏损】,1,0
688191.SH,688191.SH,688191,智洋创新,CN,人工智能,106.05,-237.18,100.0,【亏损】【高流通】,1,0
002190.SZ,002190.SZ,002190,成飞集成,CN,华为汽车,105.9,-128.86,100.0,【亏损】【高流通】,1,0
600718.SH,600718.SH,600718,东软集团,CN,"AIGC概念,人工智能,信创,无人驾驶",105.77,-17.93,100.0,【亏损】【高流通】,1,0
300378.SZ,300378.SZ,300378,鼎捷数智,CN,"AIGC概念,AI应用,AI智能体,人工智能,信创,华为概念,多模态AI,虚拟机器人",105.69,-328.83,99.25,【亏损】【高流通】,1,0
300010.SZ,300010.SZ,300010,豆神教育,CN,"AIGC概念,AI应用,AI智能体,人工智能,信创,智谱AI概念,机器人概念",105.6,-46.54,80.49,【亏损】【高流通】,1,0
605333.SH,605333.SH,605333,沪光股份,CN,"华为汽车,机器人概念",105.57,87.22,100.0,【高流通】,0,0
002348.SZ,002348.SZ,002348,高乐股份,CN,人工智能,105.42,-188.14,95.39,【亏损】【高流通】,1,0
600996.SH,600996.SH,600996,贵广网络,CN,"华为概念,数据中心",105.35,-9.91,100.0,【亏损】【高流通】,1,0
688209.SH,688209.SH,688209,英集芯,CN,"国产芯片,汽车芯片",105.28,58.32,100.0,【高流通】,0,0
688226.SH,688226.SH,688226,威腾电气,CN,华为概念,105.19,377.13,100.0,【高流通】,0,0
688035.SH,688035.SH,688035,德邦科技,CN,液冷概念,105.02,76.29,100.0,【高流通】,0,0
688325.SH,688325.SH,688325,赛微微电,CN,国产芯片,105.01,234.21,94.81,【高流通】,0,0
300042.SZ,300042.SZ,300042,朗科科技,CN,"AI眼镜,华为昇腾,国产芯片,存储芯片,数据中心,算力概念",104.75,31.98,99.99,【高流通】,0,0
000795.SZ,000795.SZ,000795,英洛华,CN,"机器人执行器,机器人概念",104.64,37.73,100.0,【高流通】,0,0
300352.SZ,300352.SZ,300352,北信源,CN,"人工智能,信创,华为概念,鸿蒙概念",104.24,-52.26,88.02,【亏损】【高流通】,1,0
300304.SZ,300304.SZ,300304,云意电气,CN,"国产芯片,无人驾驶,机器人概念,汽车芯片",103.88,36.93,97.31,【高流通】,0,0
001323.SZ,001323.SZ,001323,慕思股份,CN,华为概念,103.72,29.34,71.54,,0,0
603262.SH,603262.SH,603262,技源集团,CN,AI智能体,103.64,113.01,10.0,【低流通】,0,0
002668.SZ,002668.SZ,002668,TCL智家,CN,人工智能,103.53,8.44,100.0,【低PE】【高流通】,0,0
002243.SZ,002243.SZ,002243,力合科创,CN,"国产芯片,数据中心",103.26,-120.18,99.47,【亏损】【高流通】,1,0
603915.SH,603915.SH,603915,国茂股份,CN,"机器人执行器,机器人概念",103.16,46.87,100.0,【高流通】,0,0
300687.SZ,300687.SZ,300687,赛意信息,CN,"AI应用,人工智能,信创,华为概念,多模态AI,机器人概念",103.08,81.63,80.04,【高流通】,0,0
300671.SZ,300671.SZ,300671,富满微,CN,国产芯片,103.01,125.5,99.71,【高流通】,0,0
000516.SZ,000516.SZ,000516,国际医学,CN,"AI制药（医疗）,华为概念",102.99,-53.26,98.01,【亏损】【高流通】,1,0
601226.SH,601226.SH,601226,华电科工,CN,机器人概念,102.97,-49.31,100.0,【亏损】【高流通】,1,0
688383.SH,688383.SH,688383,新益昌,CN,"人形机器人,机器人概念",102.87,120.55,100.0,【高流通】,0,0
002173.SZ,002173.SZ,002173,创新医疗,CN,"AI制药（医疗）,人工智能,华为昇腾",102.64,-102.03,95.37,【亏损】【高流通】,1,0
002354.SZ,002354.SZ,002354,天娱数科,CN,"AIGC概念,AI应用,AI智能体,AI语料,人工智能,人形机器人,信创,国产芯片,机器人概念",102.58,84.8,98.25,【高流通】,0,0
002169.SZ,002169.SZ,002169,智光电气,CN,国产芯片,102.53,112.45,96.93,【高流通】,0,0
605056.SH,605056.SH,605056,咸亨国际,CN,"AI应用,AI智能体,人工智能,机器人概念",102.51,98.57,98.53,【高流通】,0,0
603271.SH,603271.SH,603271,永杰新材,CN,华为概念,102.29,21.44,48.08,,0,0
688312.SH,688312.SH,688312,燕麦科技,CN,PCB,102.14,1034.31,100.0,【高流通】,0,0
300634.SZ,300634.SZ,300634,彩讯股份,CN,"AI制药（医疗）,AI应用,AI智能体,人工智能,信创,华为昇腾,华为概念,智谱AI概念,算力概念",101.93,100.67,96.25,【高流通】,0,0
300520.SZ,300520.SZ,300520,科大国创,CN,"AIGC概念,AI应用,AI智能体,人工智能,信创,华为概念,无人驾驶",101.92,-65.6,96.64,【亏损】【高流通】,1,0
603011.SH,603011.SH,603011,合锻智能,CN,算力概念,101.75,-88.68,100.0,【亏损】【高流通】,1,0
600055.SH,600055.SH,600055,万东医疗,CN,AI制药（医疗）,101.59,-159.4,100.0,【亏损】【高流通】,1,0
601929.SH,601929.SH,601929,吉视传媒,CN,"人工智能,国产芯片",101.55,-25.37,100.0,【亏损】【高流通】,1,0
603809.SH,603809.SH,603809,豪能股份,CN,"人形机器人,机器人概念",101.51,24.5,100.0,【高流通】,0,0
300739.SZ,300739.SZ,300739,明阳电路,CN,"PCB,国产芯片",101.32,173.11,91.89,【高流通】,0,0
300153.SZ,300153.SZ,300153,科泰电源,CN,"华为概念,数据中心",101.31,124.51,99.48,【高流通】,0,0
300127.SZ,300127.SZ,300127,银河磁体,CN,华为概念,101.31,47.09,71.43,,0,0
300290.SZ,300290.SZ,300290,荣科科技,CN,"AI制药（医疗）,信创,华为概念,机器人概念,鸿蒙概念",101.21,-141.3,99.97,【亏损】【高流通】,1,0
300382.SZ,300382.SZ,300382,斯莱克,CN,人形机器人,101.15,-115.78,99.99,【亏损】【高流通】,1,0
000818.SZ,000818.SZ,000818,航锦科技,CN,"人工智能,国产芯片,存储芯片,数据中心,算力概念",101.11,156.41,99.73,【高流通】,0,0
000058.SZ,000058.SZ,000058,深 赛 格,CN,华为概念,100.96,102.15,79.98,,0,0
002741.SZ,002741.SZ,002741,光华科技,CN,PCB,100.91,61.31,91.69,【高流通】,0,0
301479.SZ,301479.SZ,301479,弘景光电,CN,"AI眼镜,无人驾驶",100.8,98.78,57.25,,0,0
002104.SZ,002104.SZ,002104,恒宝股份,CN,华为概念,100.8,-120.75,84.66,【亏损】【高流通】,1,0
002174.SZ,002174.SZ,002174,游族网络,CN,"AI应用,华为概念",100.33,24.18,99.94,【高流通】,0,0
605488.SH,605488.SH,605488,福莱新材,CN,"AI手机,人形机器人,华为概念,机器人概念",100.19,132.99,91.5,【高流通】,0,0
001298.SZ,001298.SZ,001298,好上好,CN,"AI眼镜,华为海思,国产芯片,存储芯片,机器人概念",100.17,42.42,55.18,,0,0
002937.SZ,002937.SZ,002937,兴瑞科技,CN,"无人驾驶,液冷概念",99.9,69.04,99.72,【高流通】,0,0
603508.SH,603508.SH,603508,思维列控,CN,无人驾驶,99.74,15.52,100.0,【低PE】【高流通】,0,0
300596.SZ,300596.SZ,300596,利安隆,CN,AI眼镜,99.68,18.88,97.85,【低PE】【高流通】,0,0
301630.SZ,301630.SZ,301630,同宇新材,CN,PCB,99.64,55.3,25.0,【低流通】,0,0
688139.SH,688139.SH,688139,海尔生物,CN,"AI制药（医疗）,AI智能体,机器人概念",99.38,31.27,100.0,【高流通】,0,0
688289.SH,688289.SH,688289,圣湘生物,CN,AI制药（医疗）,99.37,49.94,100.0,【高流通】,0,0
603072.SH,603072.SH,603072,天和磁材,CN,机器人概念,99.21,51.81,47.76,,0,0
605168.SH,605168.SH,605168,三人行,CN,"AIGC概念,AI应用,人工智能",99.21,225.51,100.0,【高流通】,0,0
688050.SH,688050.SH,688050,爱博医疗,CN,AI制药（医疗）,99.2,27.78,100.0,【高流通】,0,0
301413.SZ,301413.SZ,301413,安培龙,CN,人形机器人,99.08,801.15,59.7,,0,0
600770.SH,600770.SH,600770,综艺股份,CN,"人工智能,国产芯片",99.06,163.88,100.0,【高流通】,0,0
300926.SZ,300926.SZ,300926,博俊科技,CN,华为汽车,98.89,19.11,68.61,【低PE】,0,0
301307.SZ,301307.SZ,301307,美利信,CN,"华为汽车,无人驾驶",98.88,-46.18,51.65,【亏损】,1,0
301191.SZ,301191.SZ,301191,菲菱科思,CN,"华为概念,数据中心",98.84,128.86,75.28,,0,0
002351.SZ,002351.SZ,002351,漫步者,CN,"AI应用,AI智能体",98.78,24.16,58.6,,0,0
301262.SZ,301262.SZ,301262,海看股份,CN,人工智能,98.7,27.44,29.27,【低流通】,0,0
600640.SH,600640.SH,600640,国脉文化,CN,"AI应用,AI智能体,AI眼镜,华为概念",98.67,311.8,100.0,【高流通】,0,0
301631.SZ,301631.SZ,301631,壹连科技,CN,数据中心,98.65,34.91,34.06,,0,0
688112.SH,688112.SH,688112,鼎阳科技,CN,华为概念,98.28,64.08,100.0,【高流通】,0,0
688359.SH,688359.SH,688359,三孚新科,CN,PCB,98.24,440.99,100.0,【高流通】,0,0
301050.SZ,301050.SZ,301050,雷电微力,CN,国产芯片,98.24,-45.07,85.15,【亏损】【高流通】,1,0
002284.SZ,002284.SZ,002284,亚太股份,CN,"华为汽车,无人驾驶",98.23,17.28,99.06,【低PE】【高流通】,0,0
300785.SZ,300785.SZ,300785,值得买,CN,"AIGC概念,AI应用,智谱AI概念",98.08,685.64,61.52,,0,0
300492.SZ,300492.SZ,300492,华图山鼎,CN,AI应用,97.91,20.18,100.0,【高流通】,0,0
688439.SH,688439.SH,688439,振华风光,CN,"人形机器人,国产芯片,存储芯片",97.88,-182.22,100.0,【亏损】【高流通】,1,0
688518.SH,688518.SH,688518,联赢激光,CN,"华为概念,机器人概念",97.82,53.23,100.0,【高流通】,0,0
600360.SH,600360.SH,600360,*ST华微,CN,"华为概念,国产芯片",97.76,42.21,100.0,【高流通】,0,0
300252.SZ,300252.SZ,300252,金信诺,CN,"PCB,人工智能,华为概念,国产芯片,数据中心,机器人概念,算力概念",97.73,115.65,84.39,【高流通】,0,0
603936.SH,603936.SH,603936,博敏电子,CN,"PCB,华为概念,数据中心,无人驾驶",97.71,-225.05,100.0,【亏损】【高流通】,1,0
603496.SH,603496.SH,603496,恒为科技,CN,"信创,华为概念,机器人概念,算力概念",97.7,419.87,100.0,【高流通】,0,0
688160.SH,688160.SH,688160,步科股份,CN,"人形机器人,机器人执行器,机器人概念",97.57,183.22,100.0,【高流通】,0,0
688138.SH,688138.SH,688138,清溢光电,CN,"PCB,国产芯片",97.4,43.72,100.0,【高流通】,0,0
300031.SZ,300031.SZ,300031,宝通科技,CN,"人工智能,人形机器人,无人驾驶,机器人概念",96.86,21.88,84.04,【高流通】,0,0
688611.SH,688611.SH,688611,杭州柯林,CN,存储芯片,96.73,-804.44,100.0,【亏损】【高流通】,1,0
002935.SZ,002935.SZ,002935,天奥电子,CN,"华为概念,国产芯片,存储芯片",96.61,-471.98,97.88,【亏损】【高流通】,1,0
688083.SH,688083.SH,688083,中望软件,CN,信创,96.21,-62.79,100.0,【亏损】【高流通】,1,0
300348.SZ,300348.SZ,300348,长亮科技,CN,"AIGC概念,人工智能,信创,华为概念,华为欧拉,鸿蒙概念",96.11,-62.6,87.6,【亏损】【高流通】,1,0
688596.SH,688596.SH,688596,正帆科技,CN,存储芯片,96.06,-93.82,100.0,【亏损】【高流通】,1,0
300276.SZ,300276.SZ,300276,三丰智能,CN,"人工智能,机器人概念",95.97,-194.85,75.45,【亏损】,1,0
603859.SH,603859.SH,603859,能科科技,CN,"AI应用,AI智能体,人工智能,信创,华为概念,华为汽车",95.92,48.86,100.0,【高流通】,0,0
002077.SZ,002077.SZ,002077,大港股份,CN,"国产芯片,存储芯片,汽车芯片",95.82,62.38,100.0,【高流通】,0,0
002782.SZ,002782.SZ,002782,可立克,CN,华为概念,95.77,94.03,98.09,【高流通】,0,0
300098.SZ,300098.SZ,300098,高新兴,CN,"AI应用,人工智能,华为昇腾,华为概念,数据中心,无人驾驶,机器人概念",95.75,103.37,88.72,【高流通】,0,0
603078.SH,603078.SH,603078,江化微,CN,国产芯片,95.68,83.12,100.0,【高流通】,0,0
688678.SH,688678.SH,688678,福立旺,CN,"人形机器人,机器人概念",95.66,52.53,100.0,【高流通】,0,0
603690.SH,603690.SH,603690,至纯科技,CN,"华为概念,存储芯片",95.24,-30.2,100.0,【亏损】【高流通】,1,0
688165.SH,688165.SH,688165,埃夫特-U,CN,"人工智能,人形机器人,机器人概念",95.17,-243.13,100.0,【亏损】【高流通】,1,0
002992.SZ,002992.SZ,002992,宝明科技,CN,"AI眼镜,华为概念",94.85,-168.99,86.38,【亏损】【高流通】,1,0
603075.SH,603075.SH,603075,热威股份,CN,机器人概念,94.74,33.12,10.25,【低流通】,0,0
603687.SH,603687.SH,603687,大胜达,CN,"AIGC概念,人工智能,国产芯片,虚拟机器人",94.5,107.07,100.0,【高流通】,0,0
603757.SH,603757.SH,603757,大元泵业,CN,液冷概念,94.36,205.86,100.0,【高流通】,0,0
301021.SZ,301021.SZ,301021,英诺激光,CN,PCB,94.02,203.99,99.89,【高流通】,0,0
688076.SH,688076.SH,688076,ST诺泰,CN,AI制药（医疗）,93.96,18.14,100.0,【低PE】【高流通】,0,0
600736.SH,600736.SH,600736,苏州高新,CN,"人工智能,国产芯片",93.83,10.9,100.0,【低PE】【高流通】,0,0
688626.SH,688626.SH,688626,翔宇医疗,CN,"AI制药（医疗）,人工智能,国产芯片,机器人概念",93.82,92.63,100.0,【高流通】,0,0
002467.SZ,002467.SZ,002467,二六三,CN,"AI智能体,人工智能,信创,数据中心",93.8,-192.37,99.38,【亏损】【高流通】,1,0
001285.SZ,001285.SZ,001285,瑞立科密,CN,无人驾驶,93.8,28.36,23.03,【低流通】,0,0
002681.SZ,002681.SZ,002681,奋达科技,CN,"人形机器人,华为概念,机器人概念",93.68,-147.52,87.44,【亏损】【高流通】,1,0
301179.SZ,301179.SZ,301179,泽宇智能,CN,"人工智能,华为概念,多模态AI,机器人概念",93.58,91.87,58.72,,0,0
002009.SZ,002009.SZ,002009,天奇股份,CN,"人形机器人,华为汽车,机器人概念",93.4,94.89,88.02,【高流通】,0,0
603219.SH,603219.SH,603219,富佳股份,CN,"PCB,机器人概念",93.36,2225.3,100.0,【高流通】,0,0
002023.SZ,002023.SZ,002023,海特高新,CN,国产芯片,93.35,91.49,100.0,【高流通】,0,0
300327.SZ,300327.SZ,300327,中颖电子,CN,"国产芯片,机器人概念,汽车芯片",93.33,113.9,99.26,【高流通】,0,0
002434.SZ,002434.SZ,002434,万里扬,CN,"人形机器人,机器人执行器,机器人概念",93.19,32.4,99.9,【高流通】,0,0
300725.SZ,300725.SZ,300725,药石科技,CN,"AI制药（医疗）,人工智能",93.17,47.65,86.7,【高流通】,0,0
300180.SZ,300180.SZ,300180,华峰超纤,CN,华为概念,92.98,-1203.6,97.25,【亏损】【高流通】,1,0
000676.SZ,000676.SZ,000676,智度股份,CN,"人工智能,华为概念,鸿蒙概念",92.97,50.38,99.94,【高流通】,0,0
300145.SZ,300145.SZ,300145,南方泵业,CN,液冷概念,92.94,28.73,99.51,【高流通】,0,0
300868.SZ,300868.SZ,300868,杰美特,CN,华为概念,92.75,-287.68,63.12,【亏损】,1,0
603123.SH,603123.SH,603123,翠微股份,CN,"AI应用,AI智能体,人工智能,国产芯片,多模态AI,无人驾驶",92.65,-76.26,81.66,【亏损】【高流通】,1,0
002006.SZ,002006.SZ,002006,精工科技,CN,人形机器人,92.58,46.44,100.0,【高流通】,0,0
688252.SH,688252.SH,688252,天德钰,CN,"华为概念,国产芯片",92.56,50.26,100.0,【高流通】,0,0
300516.SZ,300516.SZ,300516,久之洋,CN,无人驾驶,92.52,-152.94,100.0,【亏损】【高流通】,1,0
688631.SH,688631.SH,688631,莱斯信息,CN,华为概念,92.39,-181.05,39.68,【亏损】,1,0
605133.SH,605133.SH,605133,嵘泰股份,CN,机器人概念,92.27,51.64,99.77,【高流通】,0,0
603227.SH,603227.SH,603227,雪峰科技,CN,华为概念,92.27,50.5,100.0,【高流通】,0,0
002685.SZ,002685.SZ,002685,华东重机,CN,国产芯片,92.2,42.58,99.99,【高流通】,0,0
301268.SZ,301268.SZ,301268,铭利达,CN,"华为概念,液冷概念",92.13,418.29,86.09,【高流通】,0,0
000572.SZ,000572.SZ,000572,海马汽车,CN,无人驾驶,91.94,-72.28,99.86,【亏损】【高流通】,1,0
002519.SZ,002519.SZ,002519,银河电子,CN,"无人驾驶,机器人概念",91.58,1427.87,99.22,【高流通】,0,0
301592.SZ,301592.SZ,301592,六九一二,CN,存储芯片,91.57,-169.66,33.37,【亏损】,1,0
002446.SZ,002446.SZ,002446,盛路通信,CN,"华为概念,国产芯片,无人驾驶",91.54,91.51,92.61,【高流通】,0,0
600567.SH,600567.SH,600567,山鹰国际,CN,机器人概念,91.46,-4.6,100.0,【亏损】【高流通】,1,0
603887.SH,603887.SH,603887,城地香江,CN,"华为概念,数据中心,液冷概念,算力概念",91.45,-170.44,98.88,【亏损】【高流通】,1,0
300057.SZ,300057.SZ,300057,万顺新材,CN,华为概念,91.37,104.13,81.56,【高流通】,0,0
300680.SZ,300680.SZ,300680,隆盛科技,CN,"人形机器人,华为汽车",91.31,39.26,77.22,,0,0
688499.SH,688499.SH,688499,利元亨,CN,"人形机器人,华为概念,机器人概念",91.3,120.91,100.0,【高流通】,0,0
301310.SZ,301310.SZ,301310,鑫宏业,CN,"人形机器人,机器人概念",91.01,61.57,32.01,,0,0
920493.BJ,920493.BJ,920493,并行科技,CN,"AIGC概念,人工智能,华为概念,智谱AI概念,算力概念",90.99,196.0,73.35,,0,0
688090.SH,688090.SH,688090,瑞松科技,CN,机器人概念,90.98,110.51,100.0,【高流通】,0,0
688277.SH,688277.SH,688277,天智航-U,CN,机器人概念,90.83,-48.89,100.0,【亏损】【高流通】,1,0
600335.SH,600335.SH,600335,国机汽车,CN,"华为概念,机器人概念",90.79,18.02,100.0,【低PE】【高流通】,0,0
688418.SH,688418.SH,688418,震有科技,CN,数据中心,90.56,-50.42,100.0,【亏损】【高流通】,1,0
688261.SH,688261.SH,688261,东微半导,CN,"数据中心,机器人概念,算力概念",90.04,405.02,99.61,【高流通】,0,0
600797.SH,600797.SH,600797,浙大网新,CN,"AI应用,AI智能体,人工智能,信创,数据中心,算力概念",90.01,-47.29,100.0,【亏损】【高流通】,1,0
300267.SZ,300267.SZ,300267,尔康制药,CN,"AI制药（医疗）,人工智能",89.93,171.51,68.96,,0,0
601789.SH,601789.SH,601789,宁波建工,CN,数据中心,89.79,12.12,71.29,【低PE】,0,0
002803.SZ,002803.SZ,002803,吉宏股份,CN,"AIGC概念,人工智能,信创,华为概念,多模态AI",89.72,31.0,64.09,,0,0
300137.SZ,300137.SZ,300137,先河环保,CN,机器人概念,89.39,1718.6,98.78,【高流通】,0,0
300731.SZ,300731.SZ,300731,科创新源,CN,"华为概念,数据中心,液冷概念",89.35,-745.08,94.9,【亏损】【高流通】,1,0
002516.SZ,002516.SZ,002516,旷达科技,CN,"国产芯片,无人驾驶",89.13,40.74,99.09,【高流通】,0,0
603293.SH,603293.SH,603293,埃泰克,CN,无人驾驶,89.06,38.36,19.6,【低流通】,0,0
002448.SZ,002448.SZ,002448,中原内配,CN,"华为概念,无人驾驶,机器人概念",88.91,11.21,98.66,【低PE】【高流通】,0,0
688408.SH,688408.SH,688408,中信博,CN,机器人概念,88.79,-45.78,100.0,【亏损】【高流通】,1,0
002213.SZ,002213.SZ,002213,大为股份,CN,"PCB,信创,国产芯片,存储芯片",88.58,141.72,86.98,【高流通】,0,0
002585.SZ,002585.SZ,002585,双星新材,CN,华为概念,88.45,544.93,77.7,,0,0
300351.SZ,300351.SZ,300351,永贵电器,CN,"华为概念,机器人概念,液冷概念",88.28,-101.51,67.73,【亏损】,1,0
603166.SH,603166.SH,603166,福达股份,CN,"人形机器人,机器人概念",88.2,29.36,99.24,【高流通】,0,0
688658.SH,688658.SH,688658,悦康药业,CN,华为概念,88.2,-66.6,100.0,【亏损】【高流通】,1,0
301319.SZ,301319.SZ,301319,唯特偶,CN,华为概念,88.12,74.05,75.15,,0,0
603507.SH,603507.SH,603507,振江股份,CN,机器人概念,88.06,22.68,98.63,【高流通】,0,0
688386.SH,688386.SH,688386,泛亚微透,CN,人形机器人,87.65,120.66,91.36,【高流通】,0,0
920599.BJ,920599.BJ,920599,同力股份,CN,无人驾驶,87.6,11.6,75.8,【低PE】,0,0
000030.SZ,000030.SZ,000030,富奥股份,CN,华为汽车,87.54,17.55,97.16,【低PE】【高流通】,0,0
600545.SH,600545.SH,600545,卓郎智能,CN,华为概念,87.43,-72.63,100.0,【亏损】【高流通】,1,0
000533.SZ,000533.SZ,000533,顺钠股份,CN,数据中心,87.25,128.96,99.14,【高流通】,0,0
600855.SH,600855.SH,600855,航天长峰,CN,"人工智能,信创",87.24,-58.52,99.81,【亏损】【高流通】,1,0
300222.SZ,300222.SZ,300222,科大智能,CN,"人工智能,机器人概念",87.17,80.04,81.44,【高流通】,0,0
000541.SZ,000541.SZ,000541,佛山照明,CN,"华为概念,华为汽车",86.93,83.12,80.12,【高流通】,0,0
600054.SH,600054.SH,600054,黄山旅游,CN,人工智能,86.72,62.61,70.37,,0,0
300063.SZ,300063.SZ,300063,天龙集团,CN,"AIGC概念,华为概念",86.7,125.34,82.6,【高流通】,0,0
301632.SZ,301632.SZ,301632,广东建科,CN,机器人概念,86.6,619.87,17.5,【低流通】,0,0
002833.SZ,002833.SZ,002833,弘亚数控,CN,机器人概念,86.59,14.91,67.94,【低PE】,0,0
002988.SZ,002988.SZ,002988,豪美新材,CN,华为汽车,86.55,54.4,100.0,【高流通】,0,0
300770.SZ,300770.SZ,300770,新媒股份,CN,"人工智能,华为概念",86.46,15.1,100.0,【低PE】【高流通】,0,0
300206.SZ,300206.SZ,300206,理邦仪器,CN,"AI制药（医疗）,人工智能",86.43,20.57,58.38,,0,0
300416.SZ,300416.SZ,300416,苏试试验,CN,"华为概念,华为海思,国产芯片",86.4,49.6,99.29,【高流通】,0,0
300648.SZ,300648.SZ,300648,星云股份,CN,"华为概念,华为汽车",86.2,-134.35,76.13,【亏损】,1,0
603977.SH,603977.SH,603977,国泰集团,CN,国产芯片,86.17,53.95,100.0,【高流通】,0,0
603861.SH,603861.SH,603861,白云电器,CN,"华为概念,数据中心",86.05,63.19,97.79,【高流通】,0,0
002277.SZ,002277.SZ,002277,友阿股份,CN,机器人概念,86.02,50.73,100.0,【高流通】,0,0
688135.SH,688135.SH,688135,利扬芯片,CN,"人工智能,国产芯片,存储芯片,无人驾驶,汽车芯片,算力概念",85.99,628.86,100.0,【高流通】,0,0
300895.SZ,300895.SZ,300895,铜牛信息,CN,"信创,数据中心,算力概念",85.89,-143.01,98.13,【亏损】【高流通】,1,0
600889.SH,600889.SH,600889,*ST京化,CN,"人形机器人,机器人概念",85.88,176.7,65.65,,0,0
002212.SZ,002212.SZ,002212,天融信,CN,"AI应用,AI智能体,人工智能,信创,华为昇腾,华为概念,算力概念,鸿蒙概念",85.86,-21.31,98.93,【亏损】【高流通】,1,0
600129.SH,600129.SH,600129,太极集团,CN,人工智能,85.8,32.69,100.0,【高流通】,0,0
301099.SZ,301099.SZ,301099,雅创电子,CN,"人工智能,人形机器人,国产芯片,存储芯片,无人驾驶,汽车芯片",85.76,31.33,61.21,,0,0
300976.SZ,300976.SZ,300976,达瑞电子,CN,华为概念,85.73,29.78,64.44,,0,0
002527.SZ,002527.SZ,002527,新时达,CN,"人形机器人,机器人概念,液冷概念",85.67,-285.08,79.76,【亏损】,1,0
002552.SZ,002552.SZ,002552,宝鼎科技,CN,PCB,85.63,32.41,94.98,【高流通】,0,0
300482.SZ,300482.SZ,300482,万孚生物,CN,"AI制药（医疗）,人工智能",85.61,25.36,91.88,【高流通】,0,0
603416.SH,603416.SH,603416,信捷电气,CN,"人形机器人,机器人概念",85.42,39.28,88.61,【高流通】,0,0
300815.SZ,300815.SZ,300815,玉禾田,CN,"人形机器人,无人驾驶,机器人概念",85.26,12.98,97.94,【低PE】【高流通】,0,0
300324.SZ,300324.SZ,300324,旋极信息,CN,"AI芯片,华为概念,国产芯片,数据中心,算力概念",85.0,-69.73,98.98,【亏损】【高流通】,1,0
688202.SH,688202.SH,688202,美迪西,CN,"AI制药（医疗）,AI应用",84.99,136.07,100.0,【高流通】,0,0
301687.SZ,301687.SZ,301687,新广益,CN,PCB,84.89,80.53,20.11,【低流通】,0,0
301280.SZ,301280.SZ,301280,珠城科技,CN,"人形机器人,机器人概念",84.87,37.62,29.34,【低流通】,0,0
688610.SH,688610.SH,688610,埃科光电,CN,PCB,84.8,91.36,60.19,,0,0
301251.SZ,301251.SZ,301251,威尔高,CN,"PCB,华为概念,数据中心",84.76,311.61,40.09,,0,0
002885.SZ,002885.SZ,002885,京泉华,CN,"华为概念,华为汽车",84.69,68.79,87.58,【高流通】,0,0
300678.SZ,300678.SZ,300678,中科信息,CN,"人工智能,信创,华为概念,机器人概念",84.53,455.25,98.25,【高流通】,0,0
688788.SH,688788.SH,688788,科思科技,CN,"人工智能,华为昇腾,国产芯片,无人驾驶",84.52,-29.11,100.0,【亏损】【高流通】,1,0
300134.SZ,300134.SZ,300134,大富科技,CN,"人工智能,华为概念,国产芯片",84.42,-39.79,100.0,【亏损】【高流通】,1,0
300547.SZ,300547.SZ,300547,川环科技,CN,"华为汽车,液冷概念",84.42,53.45,82.17,【高流通】,0,0
300143.SZ,300143.SZ,300143,盈康生命,CN,"AI制药（医疗）,AI智能体,多模态AI,机器人概念",84.31,81.83,85.56,【高流通】,0,0
603890.SH,603890.SH,603890,春秋电子,CN,"AIPC,AI眼镜,人形机器人,华为概念",84.31,34.71,100.0,【高流通】,0,0
688049.SH,688049.SH,688049,炬芯科技,CN,"AI手机,AI眼镜,AI芯片,人工智能,国产芯片,机器人概念,汽车芯片,算力概念",84.2,43.22,100.0,【高流通】,0,0
603683.SH,603683.SH,603683,晶华新材,CN,机器人概念,84.06,82.22,98.97,【高流通】,0,0
688365.SH,688365.SH,688365,光云科技,CN,"AI应用,人工智能",83.97,348.64,100.0,【高流通】,0,0
002034.SZ,002034.SZ,002034,旺能环境,CN,数据中心,83.94,10.43,99.55,【低PE】【高流通】,0,0
002272.SZ,002272.SZ,002272,川润股份,CN,"机器人概念,液冷概念",83.88,-67.92,84.17,【亏损】【高流通】,1,0
002042.SZ,002042.SZ,002042,华孚时尚,CN,算力概念,83.84,82.77,100.0,【高流通】,0,0
002093.SZ,002093.SZ,002093,国脉科技,CN,"AI智能体,人工智能,信创,华为概念,鸿蒙概念",83.82,-111.9,100.0,【亏损】【高流通】,1,0
300128.SZ,300128.SZ,300128,锦富技术,CN,"华为概念,机器人概念,液冷概念",83.79,-38.3,99.87,【亏损】【高流通】,1,0
300300.SZ,300300.SZ,300300,海峡创新,CN,"人工智能,数据中心",83.69,-185.88,99.99,【亏损】【高流通】,1,0
688591.SH,688591.SH,688591,泰凌微,CN,"AI芯片,国产芯片",83.63,252.27,69.97,,0,0
605100.SH,605100.SH,605100,华丰股份,CN,数据中心,83.61,162.11,99.53,【高流通】,0,0
301381.SZ,301381.SZ,301381,赛维时代,CN,人工智能,83.6,49.11,48.45,,0,0
688230.SH,688230.SH,688230,芯导科技,CN,"人形机器人,国产芯片",83.47,69.65,100.0,【高流通】,0,0
600587.SH,600587.SH,600587,新华医疗,CN,机器人概念,83.41,16.81,100.0,【低PE】【高流通】,0,0
002380.SZ,002380.SZ,002380,科远智慧,CN,"AI应用,人工智能,信创,华为概念,机器人概念",83.37,27.34,59.25,,0,0
300168.SZ,300168.SZ,300168,万达信息,CN,"AI应用,人工智能,信创,华为概念,数据中心",83.27,-52.49,99.9,【亏损】【高流通】,1,0
300708.SZ,300708.SZ,300708,聚灿光电,CN,国产芯片,83.09,70.19,75.62,,0,0
002110.SZ,002110.SZ,002110,三钢闽光,CN,数据中心,83.07,-21.61,100.0,【亏损】【高流通】,1,0
301608.SZ,301608.SZ,301608,博实结,CN,无人驾驶,83.03,37.67,44.88,,0,0
300493.SZ,300493.SZ,300493,润欣科技,CN,"AI眼镜,国产芯片,汽车芯片",82.98,123.11,98.85,【高流通】,0,0
688371.SH,688371.SH,688371,菲沃泰,CN,"华为概念,液冷概念",82.93,-97.74,100.0,【亏损】【高流通】,1,0
300527.SZ,300527.SZ,300527,ST应急,CN,机器人概念,82.87,-72.91,100.0,【亏损】【高流通】,1,0
300586.SZ,300586.SZ,300586,美联新材,CN,PCB,82.86,1455.34,75.17,,0,0
301260.SZ,301260.SZ,301260,格力博,CN,"人工智能,人形机器人,机器人概念",82.79,15.27,42.48,【低PE】,0,0
301215.SZ,301215.SZ,301215,中汽股份,CN,无人驾驶,82.74,44.32,99.89,【高流通】,0,0
600496.SH,600496.SH,600496,精工钢构,CN,数据中心,82.59,13.64,100.0,【低PE】【高流通】,0,0
300075.SZ,300075.SZ,300075,数字政通,CN,"AI智能体,AI眼镜,人工智能,信创,华为概念,无人驾驶,机器人概念",82.55,193.76,82.98,【高流通】,0,0
300792.SZ,300792.SZ,300792,壹网壹创,CN,AI应用,82.38,65.62,89.7,【高流通】,0,0
603685.SH,603685.SH,603685,晨丰科技,CN,PCB,82.36,206.54,80.28,【高流通】,0,0
002664.SZ,002664.SZ,002664,信质集团,CN,"人形机器人,机器人概念",82.13,73.74,98.62,【高流通】,0,0
301070.SZ,301070.SZ,301070,开勒股份,CN,"AI制药（医疗）,AI智能体,人工智能,华为昇腾,多模态AI,算力概念",81.82,-288.99,65.76,【亏损】,1,0
002438.SZ,002438.SZ,002438,江苏神通,CN,数据中心,81.82,23.93,92.38,【高流通】,0,0
688507.SH,688507.SH,688507,索辰科技,CN,"人工智能,机器人概念",81.67,-60.16,55.25,【亏损】,1,0
002721.SZ,002721.SZ,002721,金一文化,CN,AI智能体,81.64,60.33,100.0,【高流通】,0,0
002678.SZ,002678.SZ,002678,珠江钢琴,CN,人工智能,81.36,-44.76,99.95,【亏损】【高流通】,1,0
002229.SZ,002229.SZ,002229,鸿博股份,CN,"人工智能,算力概念",81.33,-64.15,99.39,【亏损】【高流通】,1,0
002036.SZ,002036.SZ,002036,联创电子,CN,"AI手机,AI眼镜,人形机器人,华为概念,国产芯片,无人驾驶,机器人概念",81.22,-20.98,99.8,【亏损】【高流通】,1,0
300909.SZ,300909.SZ,300909,汇创达,CN,"AIPC,AI手机,华为概念",81.09,192.77,74.66,,0,0
603108.SH,603108.SH,603108,润达医疗,CN,"AI制药（医疗）,AI应用,人工智能,华为概念",81.08,-37.84,100.0,【亏损】【高流通】,1,0
603352.SH,603352.SH,603352,至信股份,CN,机器人概念,80.97,83.6,19.6,【低流通】,0,0
600894.SH,600894.SH,600894,广日股份,CN,"人工智能,机器人概念",80.74,222.59,99.0,【高流通】,0,0
688416.SH,688416.SH,688416,恒烁股份,CN,"AI芯片,人工智能,国产芯片,存储芯片",80.71,41.48,100.0,【高流通】,0,0
300872.SZ,300872.SZ,300872,天阳科技,CN,"AI智能体,人工智能,信创,华为昇腾,华为概念,多模态AI,算力概念,鸿蒙概念",80.59,267.18,86.46,【高流通】,0,0
300265.SZ,300265.SZ,300265,通光线缆,CN,机器人概念,80.47,501.36,99.94,【高流通】,0,0
300440.SZ,300440.SZ,300440,运达科技,CN,"人工智能,无人驾驶,机器人概念",80.43,-128.75,99.61,【亏损】【高流通】,1,0
688305.SH,688305.SH,688305,科德数控,CN,机器人概念,80.37,89.11,99.48,【高流通】,0,0
301366.SZ,301366.SZ,301366,一博科技,CN,"PCB,人工智能,华为海思,机器人概念",80.36,173.2,55.84,,0,0
000823.SZ,000823.SZ,000823,超声电子,CN,"PCB,数据中心",79.91,60.54,100.0,【高流通】,0,0
002328.SZ,002328.SZ,002328,新朋股份,CN,"国产芯片,液冷概念",79.88,19.02,73.96,【低PE】,0,0
002219.SZ,002219.SZ,002219,新里程,CN,"AI制药（医疗）,AI应用,人工智能",79.74,97.41,94.78,【高流通】,0,0
000650.SZ,000650.SZ,000650,仁和药业,CN,AI眼镜,79.66,14.19,95.1,【低PE】【高流通】,0,0
300925.SZ,300925.SZ,300925,法本信息,CN,"AI应用,人工智能,信创,华为概念,无人驾驶,智谱AI概念,鸿蒙概念",79.61,88.55,81.53,【高流通】,0,0
688697.SH,688697.SH,688697,纽威数控,CN,机器人概念,79.58,29.85,100.0,【高流通】,0,0
300068.SZ,300068.SZ,300068,ST南都,CN,"华为概念,数据中心",79.51,-6.53,95.03,【亏损】【高流通】,1,0
300490.SZ,300490.SZ,300490,华自科技,CN,"人工智能,华为概念,机器人概念",79.34,23.89,98.64,【高流通】,0,0
300079.SZ,300079.SZ,300079,数码视讯,CN,"AIGC概念,AI智能体,人工智能,华为概念,华为海思,国产芯片",79.29,192.64,89.86,【高流通】,0,0
300598.SZ,300598.SZ,300598,诚迈科技,CN,"信创,华为概念,华为欧拉,华为海思,无人驾驶,鸿蒙概念",79.26,-58.06,99.97,【亏损】【高流通】,1,0
603989.SH,603989.SH,603989,艾华集团,CN,华为概念,79.2,28.77,100.0,【高流通】,0,0
300341.SZ,300341.SZ,300341,麦克奥迪,CN,人工智能,79.16,46.72,99.61,【高流通】,0,0
688381.SH,688381.SH,688381,帝奥微,CN,"AI眼镜,人形机器人,国产芯片,机器人概念,汽车芯片",79.13,-80.24,100.0,【亏损】【高流通】,1,0
301391.SZ,301391.SZ,301391,卡莱特,CN,"人工智能,国产芯片",79.09,269.53,97.71,【高流通】,0,0
301628.SZ,301628.SZ,301628,强达电路,CN,PCB,79.08,87.38,36.98,,0,0
300067.SZ,300067.SZ,300067,安诺其,CN,"国产芯片,算力概念",79.07,196.35,81.19,【高流通】,0,0
300226.SZ,300226.SZ,300226,上海钢联,CN,"AI应用,AI语料",79.07,37.28,96.15,【高流通】,0,0
002819.SZ,002819.SZ,002819,东方中科,CN,"AI应用,人工智能,信创,华为概念,华为海思,鸿蒙概念",79.01,-55.11,78.97,【亏损】,1,0
301265.SZ,301265.SZ,301265,华新科技,CN,存储芯片,78.95,61.04,56.04,,0,0
000551.SZ,000551.SZ,000551,创元科技,CN,"无人驾驶,机器人概念",78.91,15.89,99.96,【低PE】【高流通】,0,0
688307.SH,688307.SH,688307,中润光学,CN,"华为概念,无人驾驶,机器人概念",78.9,132.39,100.0,【高流通】,0,0
002119.SZ,002119.SZ,002119,康强电子,CN,存储芯片,78.85,77.4,100.0,【高流通】,0,0
603686.SH,603686.SH,603686,福龙马,CN,"人工智能,华为概念,无人驾驶,机器人概念",78.77,30.16,100.0,【高流通】,0,0
300047.SZ,300047.SZ,300047,天源迪科,CN,"AIGC概念,AI应用,AI智能体,人工智能,信创,华为昇腾,华为概念,华为欧拉,智谱AI概念,机器人概念,算力概...",78.7,126.9,89.99,【高流通】,0,0
600152.SH,600152.SH,600152,维科技术,CN,华为汽车,78.57,-77.95,100.0,【亏损】【高流通】,1,0
688787.SH,688787.SH,688787,海天瑞声,CN,"AIGC概念,AI语料,人工智能,人形机器人,无人驾驶,智谱AI概念,算力概念",78.48,233.5,100.0,【高流通】,0,0
300539.SZ,300539.SZ,300539,横河精密,CN,华为汽车,78.26,195.74,81.27,【高流通】,0,0
300722.SZ,300722.SZ,300722,新余国科,CN,人工智能,78.24,553.09,100.0,【高流通】,0,0
000048.SZ,000048.SZ,000048,京基智农,CN,机器人概念,78.16,-8.46,99.91,【亏损】【高流通】,1,0
002965.SZ,002965.SZ,002965,祥鑫科技,CN,"人形机器人,华为概念,华为汽车,数据中心,无人驾驶,机器人概念,液冷概念",78.1,-114.41,71.75,【亏损】,1,0
002824.SZ,002824.SZ,002824,和胜股份,CN,华为概念,78.07,79.38,72.68,,0,0
000016.SZ,000016.SZ,000016,*ST康佳A,CN,"PCB,华为海思,国产芯片,存储芯片",78.02,-10.61,66.31,【亏损】,1,0
301602.SZ,301602.SZ,301602,超研股份,CN,"AI制药（医疗）,人工智能,机器人概念",77.87,213.58,48.68,,0,0
002553.SZ,002553.SZ,002553,南方精工,CN,"人工智能,国产芯片,机器人概念",77.79,7518.53,70.97,,0,0
603931.SH,603931.SH,603931,格林达,CN,国产芯片,77.47,66.06,100.0,【高流通】,0,0
000503.SZ,000503.SZ,000503,国新健康,CN,"AI制药（医疗）,华为概念",77.46,-39.82,99.99,【亏损】【高流通】,1,0
300709.SZ,300709.SZ,300709,精研科技,CN,"机器人概念,液冷概念",77.37,-38.9,80.22,【亏损】【高流通】,1,0
002892.SZ,002892.SZ,002892,科力尔,CN,"人工智能,华为概念,机器人概念",77.36,-166.12,67.29,【亏损】,1,0
300249.SZ,300249.SZ,300249,依米康,CN,"人工智能,华为概念,数据中心,机器人概念,液冷概念",77.35,206.05,84.93,【高流通】,0,0
002350.SZ,002350.SZ,002350,北京科锐,CN,数据中心,76.47,-80.02,97.83,【亏损】【高流通】,1,0
002123.SZ,002123.SZ,002123,梦网科技,CN,"人工智能,华为概念,数据中心,智谱AI概念,鸿蒙概念",76.35,-43.4,89.46,【亏损】【高流通】,1,0
600557.SH,600557.SH,600557,康缘药业,CN,AI制药（医疗）,76.32,24.07,100.0,【高流通】,0,0
600592.SH,600592.SH,600592,龙溪股份,CN,人形机器人,76.27,-7861.77,100.0,【亏损】【高流通】,1,0
301261.SZ,301261.SZ,301261,恒工精密,CN,"人形机器人,机器人概念",76.27,30.78,42.65,,0,0
300046.SZ,300046.SZ,300046,台基股份,CN,国产芯片,76.26,139.68,100.0,【高流通】,0,0
688636.SH,688636.SH,688636,智明达,CN,华为昇腾,76.22,106.84,96.39,【高流通】,0,0
300256.SZ,300256.SZ,300256,星星科技,CN,"华为概念,国产芯片",76.22,-102.95,98.9,【亏损】【高流通】,1,0
300525.SZ,300525.SZ,300525,博思软件,CN,"AI应用,人工智能,信创,华为概念",76.22,-30.54,82.19,【亏损】【高流通】,1,0
301339.SZ,301339.SZ,301339,通行宝,CN,"信创,机器人概念",76.2,36.12,98.18,【高流通】,0,0
688570.SH,688570.SH,688570,天玛智控,CN,"人工智能,华为概念,机器人概念,鸿蒙概念",76.08,154.36,43.46,,0,0
300429.SZ,300429.SZ,300429,强力新材,CN,PCB,75.93,-65.88,74.42,【亏损】,1,0
603131.SH,603131.SH,603131,上海沪工,CN,机器人概念,75.87,161.17,100.0,【高流通】,0,0
603135.SH,603135.SH,603135,中重科技,CN,机器人概念,75.86,102.5,99.26,【高流通】,0,0
300467.SZ,300467.SZ,300467,迅游科技,CN,华为概念,75.78,311.79,83.77,【高流通】,0,0
603286.SH,603286.SH,603286,日盈电子,CN,"人形机器人,无人驾驶",75.74,-340.04,98.31,【亏损】【高流通】,1,0
300217.SZ,300217.SZ,300217,东方电热,CN,机器人概念,75.67,66.2,83.99,【高流通】,0,0
301042.SZ,301042.SZ,301042,安联锐视,CN,"华为概念,机器人概念",75.5,167.85,94.69,【高流通】,0,0
002194.SZ,002194.SZ,002194,武汉凡谷,CN,华为概念,75.37,-1283.67,74.77,【亏损】,1,0
688109.SH,688109.SH,688109,品茗科技,CN,"AI眼镜,人工智能,华为昇腾,无人驾驶",75.3,-136.15,100.0,【亏损】【高流通】,1,0
002708.SZ,002708.SZ,002708,光洋股份,CN,"AI眼镜,PCB,人形机器人,无人驾驶,机器人概念",74.98,58.48,91.92,【高流通】,0,0
002866.SZ,002866.SZ,002866,传艺科技,CN,"PCB,华为概念",74.87,122.36,62.59,,0,0
001283.SZ,001283.SZ,001283,豪鹏科技,CN,"AIPC,AI眼镜,人形机器人,机器人概念",74.84,46.7,79.78,,0,0
300632.SZ,300632.SZ,300632,光莆股份,CN,"AI眼镜,PCB,人形机器人,华为概念,机器人概念",74.68,2211.95,72.48,,0,0
002801.SZ,002801.SZ,002801,微光股份,CN,"人形机器人,机器人概念",74.56,13.49,50.43,【低PE】,0,0
300406.SZ,300406.SZ,300406,九强生物,CN,AI制药（医疗）,74.46,17.63,72.37,【低PE】,0,0
605555.SH,605555.SH,605555,德昌股份,CN,"人形机器人,无人驾驶,机器人概念",74.4,146.92,100.0,【高流通】,0,0
300946.SZ,300946.SZ,300946,恒而达,CN,机器人执行器,74.34,129.38,48.59,,0,0
603353.SH,603353.SH,603353,和顺石油,CN,华为概念,74.07,83.91,99.13,【高流通】,0,0
605277.SH,605277.SH,605277,新亚电子,CN,"华为概念,机器人概念",73.97,41.58,98.19,【高流通】,0,0
002106.SZ,002106.SZ,002106,莱宝高科,CN,华为概念,73.97,53.0,99.87,【高流通】,0,0
300036.SZ,300036.SZ,300036,超图软件,CN,"AIGC概念,AI应用,AI智能体,人工智能,信创,华为概念,鸿蒙概念",73.67,-43.85,88.98,【亏损】【高流通】,1,0
301153.SZ,301153.SZ,301153,中科江南,CN,"AI应用,人工智能,信创,华为概念",73.41,-73.21,93.28,【亏损】【高流通】,1,0
300852.SZ,300852.SZ,300852,四会富仕,CN,"PCB,人形机器人,机器人概念",73.15,62.06,96.53,【高流通】,0,0
603211.SH,603211.SH,603211,晋拓股份,CN,"无人驾驶,机器人概念",72.84,160.75,100.0,【高流通】,0,0
300043.SZ,300043.SZ,300043,星辉娱乐,CN,AI应用,72.79,35.11,99.95,【高流通】,0,0
301330.SZ,301330.SZ,301330,熵基科技,CN,"AIGC概念,AI智能体,人工智能,信创,华为概念,多模态AI,机器人概念",72.77,143.86,82.57,【高流通】,0,0
920799.BJ,920799.BJ,920799,艾融软件,CN,"人工智能,信创,华为概念,华为欧拉,国产芯片,鸿蒙概念",72.76,454.06,57.41,,0,0
002057.SZ,002057.SZ,002057,中钢天源,CN,"人形机器人,机器人概念",72.75,26.31,99.92,【高流通】,0,0
688210.SH,688210.SH,688210,统联精密,CN,AI眼镜,72.71,-91.27,100.0,【亏损】【高流通】,1,0
002579.SZ,002579.SZ,002579,中京电子,CN,"AI手机,CPO概念,PCB,人工智能,人形机器人,华为概念,存储芯片,无人驾驶",72.6,322.94,95.23,【高流通】,0,0
002298.SZ,002298.SZ,002298,中电鑫龙,CN,"人工智能,信创,华为概念,数据中心,算力概念",72.53,42.22,89.28,【高流通】,0,0
600203.SH,600203.SH,600203,福日电子,CN,"AI手机,华为概念,机器人概念,汽车芯片",72.4,38.99,100.0,【高流通】,0,0
603197.SH,603197.SH,603197,保隆科技,CN,"华为汽车,无人驾驶",72.39,25.3,98.71,【高流通】,0,0
001314.SZ,001314.SZ,001314,亿道信息,CN,"AIPC,AI眼镜,PCB,人工智能,虚拟机器人",72.34,42.15,87.21,【高流通】,0,0
002232.SZ,002232.SZ,002232,启明信息,CN,"信创,华为概念,华为汽车,数据中心,无人驾驶",72.23,26763.95,100.0,【高流通】,0,0
605128.SH,605128.SH,605128,上海沿浦,CN,华为汽车,72.21,38.98,100.0,【高流通】,0,0
300918.SZ,300918.SZ,300918,南山智尚,CN,人形机器人,72.02,58.48,100.0,【高流通】,0,0
605088.SH,605088.SH,605088,冠盛股份,CN,"人形机器人,华为汽车,机器人概念",71.89,23.11,98.51,【高流通】,0,0
688095.SH,688095.SH,688095,福昕软件,CN,"AIGC概念,AI应用,人工智能",71.68,159.06,100.0,【高流通】,0,0
300579.SZ,300579.SZ,300579,数字认证,CN,"信创,华为概念,国产芯片,鸿蒙概念",71.63,-170.32,96.47,【亏损】【高流通】,1,0
301101.SZ,301101.SZ,301101,明月镜片,CN,AI眼镜,71.62,31.89,94.73,【高流通】,0,0
688685.SH,688685.SH,688685,迈信林,CN,算力概念,71.47,681.17,100.0,【高流通】,0,0
002902.SZ,002902.SZ,002902,铭普光磁,CN,"CPO概念,华为概念,国产芯片,数据中心,算力概念",71.42,-78.11,75.59,【亏损】,1,0
688228.SH,688228.SH,688228,开普云,CN,"AIGC概念,AI应用,人工智能,信创,华为概念,多模态AI",71.27,-211.36,100.0,【亏损】【高流通】,1,0
688232.SH,688232.SH,688232,新点软件,CN,AI应用,71.22,-74.09,100.0,【亏损】【高流通】,1,0
300885.SZ,300885.SZ,300885,海昌新材,CN,机器人概念,71.07,73.77,67.3,,0,0
301180.SZ,301180.SZ,301180,万祥科技,CN,AIPC,70.96,-1722.09,41.03,【亏损】,1,0
002530.SZ,002530.SZ,002530,金财互联,CN,机器人概念,70.91,109.98,89.21,【高流通】,0,0
000957.SZ,000957.SZ,000957,中通客车,CN,无人驾驶,70.73,17.77,100.0,【低PE】【高流通】,0,0
002697.SZ,002697.SZ,002697,红旗连锁,CN,机器人概念,70.72,12.4,84.22,【低PE】【高流通】,0,0
688601.SH,688601.SH,688601,力芯微,CN,"AI手机,国产芯片,汽车芯片",70.66,-1268.08,100.0,【亏损】【高流通】,1,0
688720.SH,688720.SH,688720,艾森股份,CN,国产芯片,70.62,187.49,63.98,,0,0
002657.SZ,002657.SZ,002657,中科金财,CN,"AIGC概念,AI智能体,人工智能,信创,华为概念,多模态AI,数据中心,智谱AI概念,算力概念,鸿蒙概念",70.56,-51.19,98.85,【亏损】【高流通】,1,0
603660.SH,603660.SH,603660,苏州科达,CN,"人工智能,信创,华为概念,多模态AI",70.02,-10.67,99.25,【亏损】【高流通】,1,0
600742.SH,600742.SH,600742,富维股份,CN,机器人概念,70.0,21.34,100.0,【高流通】,0,0
000560.SZ,000560.SZ,000560,我爱我家,CN,"AIGC概念,人工智能,华为概念,鸿蒙概念",69.96,320.86,99.28,【高流通】,0,0
300421.SZ,300421.SZ,300421,力星股份,CN,"人形机器人,机器人概念",69.92,247.78,78.33,,0,0
001322.SZ,001322.SZ,001322,箭牌家居,CN,华为概念,69.54,-27.05,81.23,【亏损】【高流通】,1,0
688539.SH,688539.SH,688539,高华科技,CN,国产芯片,69.46,-477.56,100.0,【亏损】【高流通】,1,0
688173.SH,688173.SH,688173,希荻微,CN,"AI手机,AI眼镜,国产芯片,机器人概念,汽车芯片",69.39,-227.06,99.32,【亏损】【高流通】,1,0
301012.SZ,301012.SZ,301012,扬电科技,CN,算力概念,69.39,84.41,100.0,【高流通】,0,0
002073.SZ,002073.SZ,002073,软控股份,CN,汽车芯片,69.34,57.06,98.99,【高流通】,0,0
002196.SZ,002196.SZ,002196,方正电机,CN,机器人概念,69.27,148.93,98.5,【高流通】,0,0
688719.SH,688719.SH,688719,爱科赛博,CN,"华为概念,液冷概念",69.19,-98.46,77.76,【亏损】,1,0
300232.SZ,300232.SZ,300232,洲明科技,CN,"AI智能体,华为概念,多模态AI",69.05,-20.81,81.44,【亏损】【高流通】,1,0
600936.SH,600936.SH,600936,北投科技,CN,AI智能体,69.01,69.12,100.0,【高流通】,0,0
002632.SZ,002632.SZ,002632,道明光学,CN,"AI手机,华为概念",68.96,42.05,91.97,【高流通】,0,0
605228.SH,605228.SH,605228,神通科技,CN,"人形机器人,无人驾驶",68.95,37.13,99.58,【高流通】,0,0
002510.SZ,002510.SZ,002510,天汽模,CN,华为汽车,68.93,117.33,98.99,【高流通】,0,0
002383.SZ,002383.SZ,002383,合众思壮,CN,"国产芯片,无人驾驶",68.93,4071.35,100.0,【高流通】,0,0
300700.SZ,300700.SZ,300700,岱勒新材,CN,机器人概念,68.92,699.26,68.16,,0,0
002358.SZ,002358.SZ,002358,森源电气,CN,机器人概念,68.89,32.37,100.0,【高流通】,0,0
000409.SZ,000409.SZ,000409,云鼎科技,CN,"人工智能,华为概念,多模态AI,数据中心",68.86,87.13,87.12,【高流通】,0,0
300292.SZ,300292.SZ,300292,吴通控股,CN,"人工智能,华为概念,无人驾驶,鸿蒙概念",68.56,41.49,83.17,【高流通】,0,0
600525.SH,600525.SH,600525,ST长园,CN,PCB,68.44,155.55,100.0,【高流通】,0,0
002757.SZ,002757.SZ,002757,南兴股份,CN,"AI智能体,华为概念,数据中心,算力概念",68.43,39.39,95.46,【高流通】,0,0
688007.SH,688007.SH,688007,光峰科技,CN,"AI眼镜,华为汽车,机器人概念",68.39,-45.86,100.0,【亏损】【高流通】,1,0
605286.SH,605286.SH,605286,同力天启,CN,"人工智能,数据中心",68.34,187.86,100.0,【高流通】,0,0
300451.SZ,300451.SZ,300451,创业慧康,CN,"AI智能体,人工智能,信创,鸿蒙概念",68.32,-21.49,98.55,【亏损】【高流通】,1,0
301328.SZ,301328.SZ,301328,维峰电子,CN,"人形机器人,机器人概念",68.31,91.94,100.0,【高流通】,0,0
688151.SH,688151.SH,688151,华强科技,CN,机器人概念,68.31,266.54,100.0,【高流通】,0,0
300278.SZ,300278.SZ,300278,华昌达,CN,"人形机器人,机器人概念",68.29,1073.29,99.69,【高流通】,0,0
688282.SH,688282.SH,688282,理工导航,CN,无人驾驶,68.24,-122.64,100.0,【亏损】【高流通】,1,0
003040.SZ,003040.SZ,003040,楚天龙,CN,"AI应用,华为概念",68.2,-138.86,99.07,【亏损】【高流通】,1,0
000524.SZ,000524.SZ,000524,岭南控股,CN,AI智能体,68.09,51.8,99.96,【高流通】,0,0
603121.SH,603121.SH,603121,华培动力,CN,人形机器人,68.01,-487.44,100.0,【亏损】【高流通】,1,0
603366.SH,603366.SH,603366,日出东方,CN,华为概念,67.97,-42.78,100.0,【亏损】【高流通】,1,0
300788.SZ,300788.SZ,300788,中信出版,CN,AI语料,67.66,40.66,100.0,【高流通】,0,0
688648.SH,688648.SH,688648,中邮科技,CN,人工智能,67.5,-55.55,51.12,【亏损】,1,0
301613.SZ,301613.SZ,301613,新铝时代,CN,机器人概念,67.5,29.22,58.33,,0,0
300590.SZ,300590.SZ,300590,移为通信,CN,"人工智能,国产芯片,无人驾驶",67.47,32.48,77.05,,0,0
300099.SZ,300099.SZ,300099,尤洛卡,CN,"华为概念,多模态AI,无人驾驶,机器人概念,鸿蒙概念",67.24,118.67,78.9,,0,0
688168.SH,688168.SH,688168,安博通,CN,"AI芯片,人工智能,信创,华为概念,算力概念",67.0,138.45,100.0,【高流通】,0,0
002843.SZ,002843.SZ,002843,泰嘉股份,CN,AIPC,66.91,68.38,99.39,【高流通】,0,0
002164.SZ,002164.SZ,002164,宁波东力,CN,"机器人执行器,机器人概念",66.84,76.74,90.15,【高流通】,0,0
603901.SH,603901.SH,603901,永创智能,CN,机器人概念,66.68,23.38,93.32,【高流通】,0,0
603383.SH,603383.SH,603383,顶点软件,CN,"AI智能体,信创",66.67,35.89,100.0,【高流通】,0,0
920640.BJ,920640.BJ,920640,富士达,CN,华为概念,66.62,131.73,96.21,【高流通】,0,0
300668.SZ,300668.SZ,300668,杰恩股份,CN,华为概念,66.56,-255.91,82.82,【亏损】【高流通】,1,0
603368.SH,603368.SH,603368,柳药集团,CN,"AI制药（医疗）,人工智能,华为概念",66.49,7.4,100.0,【低PE】【高流通】,0,0
301508.SZ,301508.SZ,301508,中机认检,CN,无人驾驶,66.45,53.21,26.02,【低流通】,0,0
301000.SZ,301000.SZ,301000,肇民科技,CN,人形机器人,66.45,62.0,94.4,【高流通】,0,0
002101.SZ,002101.SZ,002101,广东鸿图,CN,华为概念,66.35,-235.61,99.91,【亏损】【高流通】,1,0
600288.SH,600288.SH,600288,大恒科技,CN,人工智能,66.31,32.41,100.0,【高流通】,0,0
301182.SZ,301182.SZ,301182,凯旺科技,CN,"华为概念,机器人概念",66.27,-46.31,91.19,【亏损】【高流通】,1,0
300147.SZ,300147.SZ,300147,*ST香雪,CN,华为概念,66.26,-14.86,99.41,【亏损】【高流通】,1,0
300018.SZ,300018.SZ,300018,中元股份,CN,机器人概念,66.2,56.54,74.31,,0,0
300258.SZ,300258.SZ,300258,精锻科技,CN,"人形机器人,机器人概念",66.17,562.89,97.41,【高流通】,0,0
001288.SZ,001288.SZ,001288,运机集团,CN,机器人概念,66.03,32.1,64.68,,0,0
301525.SZ,301525.SZ,301525,儒竞科技,CN,"人形机器人,机器人概念",65.92,157.34,52.38,,0,0
000090.SZ,000090.SZ,000090,天健集团,CN,"人工智能,机器人概念",65.77,-70.53,99.99,【亏损】【高流通】,1,0
300403.SZ,300403.SZ,300403,汉宇集团,CN,"人形机器人,机器人执行器,机器人概念",65.73,49.39,70.82,,0,0
300397.SZ,300397.SZ,300397,天和防务,CN,"人工智能,华为概念,国产芯片,数据中心,机器人概念",65.69,154.51,78.85,,0,0
300227.SZ,300227.SZ,300227,光韵达,CN,"PCB,华为概念",65.5,-57.11,72.67,【亏损】,1,0
300507.SZ,300507.SZ,300507,苏奥传感,CN,"华为汽车,国产芯片",65.33,125.38,96.8,【高流通】,0,0
301558.SZ,301558.SZ,301558,三态股份,CN,"AIGC概念,多模态AI",65.24,114.49,27.82,【低流通】,0,0
301141.SZ,301141.SZ,301141,中科磁业,CN,机器人概念,65.09,263.49,35.89,,0,0
300066.SZ,300066.SZ,300066,三川智慧,CN,华为概念,64.9,108.23,95.97,【高流通】,0,0
002279.SZ,002279.SZ,002279,久其软件,CN,"AIGC概念,AI应用,AI智能体,人工智能,信创,华为概念",64.84,-18.92,91.57,【亏损】【高流通】,1,0
300192.SZ,300192.SZ,300192,科德教育,CN,"AI应用,AI芯片,人工智能,国产芯片",64.81,66.16,98.63,【高流通】,0,0
300831.SZ,300831.SZ,300831,派瑞股份,CN,国产芯片,64.7,103.77,57.65,,0,0
603191.SH,603191.SH,603191,望变电气,CN,数据中心,64.67,131.59,100.0,【高流通】,0,0
688621.SH,688621.SH,688621,阳光诺和,CN,"AI制药（医疗）,人工智能",64.6,78.28,100.0,【高流通】,0,0
300161.SZ,300161.SZ,300161,华中数控,CN,"人工智能,机器人概念",64.54,-20.4,98.14,【亏损】【高流通】,1,0
603239.SH,603239.SH,603239,浙江仙通,CN,华为汽车,64.46,32.83,100.0,【高流通】,0,0
300041.SZ,300041.SZ,300041,回天新材,CN,"PCB,华为概念,华为海思",64.45,19.22,97.26,【低PE】【高流通】,0,0
002419.SZ,002419.SZ,002419,天虹股份,CN,AI应用,64.4,10.87,99.99,【低PE】【高流通】,0,0
301305.SZ,301305.SZ,301305,朗坤科技,CN,人工智能,64.36,17.24,51.28,【低PE】,0,0
002777.SZ,002777.SZ,002777,久远银海,CN,"AI应用,人工智能,信创,华为概念",64.21,136.81,99.09,【高流通】,0,0
002334.SZ,002334.SZ,002334,英威腾,CN,"数据中心,机器人概念,液冷概念",64.17,-52.79,89.34,【亏损】【高流通】,1,0
000821.SZ,000821.SZ,000821,ST京机,CN,"人工智能,机器人概念",64.16,67.38,97.07,【高流通】,0,0
002418.SZ,002418.SZ,002418,康盛股份,CN,"无人驾驶,液冷概念,算力概念",64.09,331.52,100.0,【高流通】,0,0
301096.SZ,301096.SZ,301096,百诚医药,CN,AI制药（医疗）,63.96,124.81,76.07,,0,0
000670.SZ,000670.SZ,000670,盈方微,CN,"国产芯片,存储芯片",63.95,-136.63,97.29,【亏损】【高流通】,1,0
688653.SH,688653.SH,688653,康希通信,CN,国产芯片,63.88,327.61,74.54,,0,0
000936.SZ,000936.SZ,000936,华西股份,CN,人工智能,63.62,248.7,99.99,【高流通】,0,0
301491.SZ,301491.SZ,301491,汉桑科技,CN,人工智能,63.47,54.42,22.16,【低流通】,0,0
002045.SZ,002045.SZ,002045,国光电器,CN,"AI眼镜,华为概念",63.45,-61.62,99.87,【亏损】【高流通】,1,0
688225.SH,688225.SH,688225,亚信安全,CN,"人工智能,信创,算力概念,鸿蒙概念",63.4,-8.51,100.0,【亏损】【高流通】,1,0
003013.SZ,003013.SZ,003013,地铁设计,CN,"人工智能,无人驾驶",63.35,22.53,86.8,【高流通】,0,0
301365.SZ,301365.SZ,301365,矩阵股份,CN,"AIGC概念,人工智能",63.32,-101.81,56.32,【亏损】,1,0
603045.SH,603045.SH,603045,福达合金,CN,数据中心,63.23,8.73,100.0,【低PE】【高流通】,0,0
600817.SH,600817.SH,600817,宇通重工,CN,无人驾驶,63.2,35.41,99.24,【高流通】,0,0
603312.SH,603312.SH,603312,西典新能,CN,华为汽车,63.18,26.43,31.82,,0,0
301622.SZ,301622.SZ,301622,英思特,CN,"人形机器人,华为概念,机器人概念",63.16,-125.07,55.77,【亏损】,1,0
301176.SZ,301176.SZ,301176,逸豪新材,CN,PCB,63.15,168.11,97.03,【高流通】,0,0
300465.SZ,300465.SZ,300465,高伟达,CN,"信创,华为概念,数据中心",63.1,-111.08,100.0,【亏损】【高流通】,1,0
688696.SH,688696.SH,688696,极米科技,CN,华为汽车,63.05,31.35,100.0,【高流通】,0,0
300293.SZ,300293.SZ,300293,蓝英装备,CN,"人工智能,机器人概念",63.02,-1482.2,100.0,【亏损】【高流通】,1,0
301325.SZ,301325.SZ,301325,曼恩斯特,CN,机器人概念,63.01,-38.46,40.23,【亏损】,1,0
300545.SZ,300545.SZ,300545,联得装备,CN,"华为概念,国产芯片,机器人概念",62.91,57.86,64.47,,0,0
603843.SH,603843.SH,603843,*ST正平,CN,算力概念,62.76,-60.08,100.0,【亏损】【高流通】,1,0
002997.SZ,002997.SZ,002997,瑞鹄模具,CN,机器人概念,62.75,14.7,100.0,【低PE】【高流通】,0,0
603158.SH,603158.SH,603158,腾龙股份,CN,"华为汽车,液冷概念",62.62,29.48,100.0,【高流通】,0,0
301259.SZ,301259.SZ,301259,艾布鲁,CN,"AI芯片,人工智能,算力概念",62.54,162.03,58.89,,0,0
688170.SH,688170.SH,688170,德龙激光,CN,"华为概念,华为海思,存储芯片",62.49,-61.19,100.0,【亏损】【高流通】,1,0
688379.SH,688379.SH,688379,华光新材,CN,"国产芯片,机器人概念,液冷概念",62.46,42.14,94.85,【高流通】,0,0
002134.SZ,002134.SZ,002134,天津普林,CN,PCB,62.45,134.69,99.94,【高流通】,0,0
000888.SZ,000888.SZ,000888,峨眉山Ａ,CN,信创,62.44,26.36,100.0,【高流通】,0,0
600081.SH,600081.SH,600081,东风科技,CN,无人驾驶,62.44,39.13,100.0,【高流通】,0,0
002822.SZ,002822.SZ,002822,ST中装,CN,"华为概念,数据中心,算力概念",62.4,-212.96,54.82,【亏损】,1,0
301252.SZ,301252.SZ,301252,同星科技,CN,液冷概念,62.36,70.67,28.51,【低流通】,0,0
002454.SZ,002454.SZ,002454,松芝股份,CN,华为汽车,62.29,21.81,99.74,【高流通】,0,0
301110.SZ,301110.SZ,301110,青木科技,CN,"AI应用,AI智能体,人工智能",62.26,36.95,70.64,,0,0
003019.SZ,003019.SZ,003019,宸展光电,CN,"人工智能,信创",62.22,56.15,96.66,【高流通】,0,0
600843.SH,600843.SH,600843,上工申贝,CN,机器人概念,62.19,1372.13,65.79,,0,0
000925.SZ,000925.SZ,000925,众合科技,CN,"人工智能,华为概念,国产芯片,数据中心,无人驾驶,机器人概念,算力概念",62.16,-46.81,99.54,【亏损】【高流通】,1,0
300689.SZ,300689.SZ,300689,澄天伟业,CN,"人工智能,国产芯片,液冷概念",62.15,-498.32,87.53,【亏损】【高流通】,1,0
300177.SZ,300177.SZ,300177,中海达,CN,"华为概念,国产芯片,无人驾驶,机器人概念",62.06,-53.19,81.47,【亏损】【高流通】,1,0
300287.SZ,300287.SZ,300287,飞利信,CN,"人工智能,信创,华为概念,国产芯片,数据中心",62.0,-54.2,91.85,【亏损】【高流通】,1,0
688219.SH,688219.SH,688219,会通股份,CN,"华为概念,华为汽车,无人驾驶,机器人概念,液冷概念",61.88,28.08,100.0,【高流通】,0,0
300571.SZ,300571.SZ,300571,平治信息,CN,"人工智能,华为昇腾,国产芯片,智谱AI概念,机器人概念,算力概念,鸿蒙概念",61.88,316.9,82.88,【高流通】,0,0
300283.SZ,300283.SZ,300283,温州宏丰,CN,"AIPC,AI手机,PCB",61.87,27.48,73.89,,0,0
300695.SZ,300695.SZ,300695,兆丰股份,CN,人形机器人,61.83,-93.42,100.0,【亏损】【高流通】,1,0
002707.SZ,002707.SZ,002707,众信旅游,CN,AI应用,61.81,156.19,88.02,【高流通】,0,0
301397.SZ,301397.SZ,301397,溯联股份,CN,液冷概念,61.8,73.22,45.38,,0,0
600449.SH,600449.SH,600449,宁夏建材,CN,数据中心,61.73,-341.0,100.0,【亏损】【高流通】,1,0
002590.SZ,002590.SZ,002590,万安科技,CN,"华为汽车,无人驾驶",61.72,50.15,95.36,【高流通】,0,0
301333.SZ,301333.SZ,301333,诺思格,CN,AI制药（医疗）,61.58,67.45,99.86,【高流通】,0,0
300727.SZ,300727.SZ,300727,润禾材料,CN,液冷概念,61.57,56.3,89.99,【高流通】,0,0
688580.SH,688580.SH,688580,伟思医疗,CN,"AI制药（医疗）,机器人概念",61.54,24.99,100.0,【高流通】,0,0
002421.SZ,002421.SZ,002421,达实智能,CN,"AI应用,AI智能体,人工智能,信创,华为概念,鸿蒙概念",61.5,-94.77,94.47,【亏损】【高流通】,1,0
002765.SZ,002765.SZ,002765,蓝黛科技,CN,"华为汽车,机器人概念",61.43,80.61,91.37,【高流通】,0,0
300663.SZ,300663.SZ,300663,科蓝软件,CN,"AI应用,人工智能,信创,华为昇腾,华为概念,数据中心,虚拟机器人,鸿蒙概念",61.34,-54.22,96.07,【亏损】【高流通】,1,0
688290.SH,688290.SH,688290,景业智能,CN,机器人概念,61.32,-197.9,100.0,【亏损】【高流通】,1,0
002649.SZ,002649.SZ,002649,博彦科技,CN,"AIGC概念,人工智能,信创,无人驾驶,智谱AI概念,鸿蒙概念",61.29,131.8,91.63,【高流通】,0,0
600825.SH,600825.SH,600825,新华传媒,CN,AI语料,61.23,1161.22,100.0,【高流通】,0,0
002955.SZ,002955.SZ,002955,鸿合科技,CN,"AI应用,人工智能,华为概念,鸿蒙概念",61.12,-41.87,82.68,【亏损】【高流通】,1,0
688699.SH,688699.SH,688699,明微电子,CN,国产芯片,61.01,64.41,100.0,【高流通】,0,0
688079.SH,688079.SH,688079,美迪凯,CN,"AI眼镜,华为概念",60.95,-36.73,98.26,【亏损】【高流通】,1,0
301085.SZ,301085.SZ,301085,亚康股份,CN,"信创,华为昇腾,华为概念,数据中心,无人驾驶,算力概念",60.82,64.09,67.89,,0,0
300531.SZ,300531.SZ,300531,优博讯,CN,"AI芯片,人工智能,信创,华为概念,华为海思,国产芯片,鸿蒙概念",60.78,35.17,97.05,【高流通】,0,0
603803.SH,603803.SH,603803,瑞斯康达,CN,"CPO概念,国产芯片,算力概念",60.76,222.0,100.0,【高流通】,0,0
688655.SH,688655.SH,688655,迅捷兴,CN,"PCB,机器人概念,汽车芯片",60.73,-283.76,100.0,【亏损】【高流通】,1,0
300400.SZ,300400.SZ,300400,劲拓股份,CN,"人工智能,华为概念",60.7,59.28,99.67,【高流通】,0,0
300286.SZ,300286.SZ,300286,安科瑞,CN,数据中心,60.64,30.16,82.85,【高流通】,0,0
300389.SZ,300389.SZ,300389,艾比森,CN,华为概念,60.42,38.46,59.45,,0,0
605018.SH,605018.SH,605018,长华集团,CN,"人形机器人,机器人概念",60.26,97.66,100.0,【高流通】,0,0
300183.SZ,300183.SZ,300183,东软载波,CN,"华为概念,国产芯片",60.23,-66.67,80.2,【亏损】【高流通】,1,0
301348.SZ,301348.SZ,301348,蓝箭电子,CN,"国产芯片,存储芯片,机器人概念",60.19,-187.28,64.64,【亏损】,1,0
300447.SZ,300447.SZ,300447,全信股份,CN,国产芯片,60.12,128.88,64.5,,0,0
002264.SZ,002264.SZ,002264,新 华 都,CN,"AI应用,人工智能",60.1,17.94,90.97,【低PE】【高流通】,0,0
603212.SH,603212.SH,603212,赛伍技术,CN,国产芯片,59.94,-129.93,100.0,【亏损】【高流通】,1,0
603122.SH,603122.SH,603122,合富中国,CN,AI制药（医疗）,59.91,-180.77,100.0,【亏损】【高流通】,1,0
301282.SZ,301282.SZ,301282,金禄电子,CN,"PCB,无人驾驶",59.81,167.76,83.76,【高流通】,0,0
603610.SH,603610.SH,603610,麒盛科技,CN,"国产芯片,鸿蒙概念",59.66,44.23,100.0,【高流通】,0,0
002376.SZ,002376.SZ,002376,新北洋,CN,"人工智能,信创,机器人概念",59.66,158.81,97.11,【高流通】,0,0
002122.SZ,002122.SZ,002122,ST汇洲,CN,人工智能,59.64,109.3,99.31,【高流通】,0,0
300291.SZ,300291.SZ,300291,百纳千成,CN,"AIGC概念,人工智能,华为概念",59.62,111.37,98.72,【高流通】,0,0
300233.SZ,300233.SZ,300233,金城医药,CN,AI制药（医疗）,59.58,25.77,96.34,【高流通】,0,0
300369.SZ,300369.SZ,300369,绿盟科技,CN,"人工智能,信创,华为概念",59.5,-15.15,99.64,【亏损】【高流通】,1,0
301367.SZ,301367.SZ,301367,瑞迈特,CN,机器人概念,59.43,38.67,78.35,,0,0
301368.SZ,301368.SZ,301368,丰立智能,CN,"人形机器人,机器人执行器,机器人概念",59.33,5654.57,53.39,,0,0
002886.SZ,002886.SZ,002886,沃特股份,CN,"PCB,人形机器人,华为概念,机器人概念",59.3,113.98,79.44,,0,0
603380.SH,603380.SH,603380,易德龙,CN,"数据中心,机器人概念",59.17,48.46,100.0,【高流通】,0,0
600571.SH,600571.SH,600571,信雅达,CN,"AI智能体,人工智能,信创",59.13,-18.15,98.16,【亏损】【高流通】,1,0
600860.SH,600860.SH,600860,京城股份,CN,机器人概念,59.07,-45.85,81.11,【亏损】【高流通】,1,0
301013.SZ,301013.SZ,301013,利和兴,CN,"人形机器人,华为昇腾,华为概念,华为汽车,机器人概念,液冷概念",59.02,457.67,80.96,【高流通】,0,0
002526.SZ,002526.SZ,002526,山东矿机,CN,"人工智能,机器人概念",59.01,146.66,99.34,【高流通】,0,0
600308.SH,600308.SH,600308,华泰股份,CN,"AI语料,人工智能",59.01,64.48,100.0,【高流通】,0,0
688085.SH,688085.SH,688085,三友医疗,CN,"人工智能,机器人概念",58.99,209.0,95.59,【高流通】,0,0
688479.SH,688479.SH,688479,友车科技,CN,"人工智能,信创",58.94,137.63,43.18,,0,0
301568.SZ,301568.SZ,301568,思泰克,CN,"AI眼镜,PCB,人工智能",58.83,55.63,46.1,,0,0
002238.SZ,002238.SZ,002238,天威视讯,CN,"人工智能,数据中心",58.67,-68.09,100.0,【亏损】【高流通】,1,0
002111.SZ,002111.SZ,002111,威海广泰,CN,"无人驾驶,机器人概念",58.63,18.97,91.87,【低PE】【高流通】,0,0
603348.SH,603348.SH,603348,文灿股份,CN,华为汽车,58.56,-18.35,100.0,【亏损】【高流通】,1,0
002903.SZ,002903.SZ,002903,宇环数控,CN,机器人概念,58.56,-169.32,68.07,【亏损】,1,0
300711.SZ,300711.SZ,300711,广哈通信,CN,"AI应用,人工智能,华为昇腾",58.53,-176.35,88.59,【亏损】【高流通】,1,0
001388.SZ,001388.SZ,001388,信通电子,CN,"人工智能,华为概念,多模态AI,机器人概念,算力概念",58.53,-119.66,20.0,【亏损】【低流通】,1,0
301538.SZ,301538.SZ,301538,骏鼎达,CN,人形机器人,58.48,40.92,39.82,,0,0
603960.SH,603960.SH,603960,克来机电,CN,"华为汽车,无人驾驶,机器人概念",58.44,517.02,100.0,【高流通】,0,0
000521.SZ,000521.SZ,000521,长虹美菱,CN,"人工智能,华为概念,华为海思",58.29,20.75,85.01,【高流通】,0,0
300488.SZ,300488.SZ,300488,恒锋工具,CN,机器人执行器,58.25,35.09,84.85,【高流通】,0,0
002953.SZ,002953.SZ,002953,日丰股份,CN,华为概念,58.2,32.5,55.19,,0,0
603666.SH,603666.SH,603666,亿嘉和,CN,"人形机器人,华为概念,多模态AI,机器人概念",58.17,-28.65,100.0,【亏损】【高流通】,1,0
002406.SZ,002406.SZ,002406,远东传动,CN,华为概念,58.13,32.28,82.47,【高流通】,0,0
688478.SH,688478.SH,688478,晶升股份,CN,"华为海思,存储芯片",58.03,-165.63,100.0,【亏损】【高流通】,1,0
300952.SZ,300952.SZ,300952,恒辉安防,CN,"人形机器人,机器人概念",57.82,220.74,61.49,,0,0
603466.SH,603466.SH,603466,风语筑,CN,"AIGC概念,人形机器人,华为概念",57.82,33.92,100.0,【高流通】,0,0
301230.SZ,301230.SZ,301230,泓博医药,CN,"AI制药（医疗）,AI应用,多模态AI",57.79,60.76,89.99,【高流通】,0,0
600756.SH,600756.SH,600756,浪潮软件,CN,"AIGC概念,AI智能体,人工智能,信创",57.72,-16.72,92.7,【亏损】【高流通】,1,0
002528.SZ,002528.SZ,002528,*ST英飞,CN,"人工智能,信创,华为概念",57.66,-73.73,87.61,【亏损】【高流通】,1,0
688711.SH,688711.SH,688711,宏微科技,CN,"人形机器人,华为概念,国产芯片",57.6,1583.95,100.0,【高流通】,0,0
002344.SZ,002344.SZ,002344,海宁皮城,CN,国产芯片,57.46,38.56,99.89,【高流通】,0,0
301213.SZ,301213.SZ,301213,观想科技,CN,"人工智能,信创,机器人概念",57.39,205.41,64.64,,0,0
688103.SH,688103.SH,688103,国力电子,CN,"华为概念,华为汽车",57.37,213.29,100.0,【高流通】,0,0
603912.SH,603912.SH,603912,佳力图,CN,"华为概念,数据中心,液冷概念",57.33,-70.77,100.0,【亏损】【高流通】,1,0
300911.SZ,300911.SZ,300911,亿田智能,CN,"AIGC概念,算力概念",57.31,-40.47,93.46,【亏损】【高流通】,1,0
603381.SH,603381.SH,603381,永臻股份,CN,"人形机器人,机器人概念,液冷概念",57.27,58.77,59.91,,0,0
300473.SZ,300473.SZ,300473,德尔股份,CN,华为汽车,57.24,30.58,87.17,【高流通】,0,0
300802.SZ,300802.SZ,300802,矩子科技,CN,"PCB,人工智能,华为概念",57.07,43.86,68.54,,0,0
600658.SH,600658.SH,600658,电子城,CN,人工智能,57.05,-12.17,100.0,【亏损】【高流通】,1,0
300917.SZ,300917.SZ,300917,特发服务,CN,数据中心,56.99,43.42,100.0,【高流通】,0,0
002559.SZ,002559.SZ,002559,亚威股份,CN,"华为概念,国产芯片,存储芯片,机器人概念",56.74,44.12,91.68,【高流通】,0,0
301117.SZ,301117.SZ,301117,佳缘科技,CN,"人工智能,华为概念,国产芯片",56.71,-58.64,61.51,【亏损】,1,0
300552.SZ,300552.SZ,300552,万集科技,CN,"华为概念,无人驾驶,机器人概念",56.61,-54.29,63.38,【亏损】,1,0
002026.SZ,002026.SZ,002026,山东威达,CN,机器人概念,56.61,22.07,99.99,【高流通】,0,0
000948.SZ,000948.SZ,000948,南天信息,CN,"信创,华为概念,数据中心,鸿蒙概念",56.49,-59.29,99.81,【亏损】【高流通】,1,0
300622.SZ,300622.SZ,300622,博士眼镜,CN,"AI眼镜,华为概念",56.46,35.37,68.37,,0,0
688157.SH,688157.SH,688157,松井股份,CN,"AI眼镜,PCB,华为概念",56.39,-206.16,100.0,【亏损】【高流通】,1,0
300307.SZ,300307.SZ,300307,慈星股份,CN,"人工智能,华为概念",56.36,15.53,98.29,【低PE】【高流通】,0,0
920239.BJ,920239.BJ,920239,长虹能源,CN,人形机器人,56.32,21.31,98.55,【高流通】,0,0
300781.SZ,300781.SZ,300781,因赛集团,CN,"AIGC概念,AI应用,AI智能体,人工智能,华为概念,多模态AI,智谱AI概念",56.18,121.11,73.79,,0,0
600880.SH,600880.SH,600880,博瑞传播,CN,"AIGC概念,AI应用,AI智能体,人工智能,华为概念,鸿蒙概念",56.09,200.66,99.97,【高流通】,0,0
603598.SH,603598.SH,603598,引力传媒,CN,"AIGC概念,AI应用",56.09,134.99,99.89,【高流通】,0,0
603012.SH,603012.SH,603012,创力集团,CN,"华为概念,机器人概念",55.99,60.16,100.0,【高流通】,0,0
300561.SZ,300561.SZ,300561,*ST汇科,CN,"人工智能,信创",55.98,-493.09,73.47,【亏损】,1,0
688566.SH,688566.SH,688566,吉贝尔,CN,机器人概念,55.84,33.24,100.0,【高流通】,0,0
688646.SH,688646.SH,688646,ST逸飞,CN,"人形机器人,机器人概念",55.84,-58.21,61.58,【亏损】,1,0
300559.SZ,300559.SZ,300559,佳发教育,CN,"AI应用,人工智能",55.81,-251.37,77.88,【亏损】,1,0
603776.SH,603776.SH,603776,永安行,CN,"国产芯片,存储芯片,无人驾驶,机器人概念",55.67,-272.67,100.0,【亏损】【高流通】,1,0
300836.SZ,300836.SZ,300836,佰奥智能,CN,机器人概念,55.44,196.39,68.46,,0,0
600523.SH,600523.SH,600523,贵航股份,CN,"华为概念,华为汽车,无人驾驶",55.39,32.82,99.93,【高流通】,0,0
300427.SZ,300427.SZ,300427,红相股份,CN,国产芯片,55.38,389.51,98.92,【高流通】,0,0
301007.SZ,301007.SZ,301007,德迈仕,CN,"无人驾驶,机器人概念",55.36,156.13,98.69,【高流通】,0,0
002609.SZ,002609.SZ,002609,捷顺科技,CN,"人工智能,华为概念,鸿蒙概念",55.34,748.58,71.31,,0,0
688186.SH,688186.SH,688186,广大特材,CN,人形机器人,55.31,262.57,100.0,【高流通】,0,0
002441.SZ,002441.SZ,002441,众业达,CN,机器人概念,55.27,14.42,73.19,【低PE】,0,0
003002.SZ,003002.SZ,003002,壶化股份,CN,"国产芯片,机器人概念",55.22,86.34,91.42,【高流通】,0,0
002189.SZ,002189.SZ,002189,中光学,CN,"AI眼镜,华为概念,无人驾驶",55.11,-21.99,99.98,【亏损】【高流通】,1,0
301202.SZ,301202.SZ,301202,朗威股份,CN,"数据中心,液冷概念,算力概念",55.09,77.84,27.23,【低流通】,0,0
603082.SH,603082.SH,603082,北自科技,CN,"人形机器人,机器人概念",55.09,72.46,25.0,【低流通】,0,0
002191.SZ,002191.SZ,002191,劲嘉股份,CN,国产芯片,55.02,37.65,99.22,【高流通】,0,0
002523.SZ,002523.SZ,002523,天桥起重,CN,"华为概念,机器人概念",54.97,75.79,99.64,【高流通】,0,0
603777.SH,603777.SH,603777,来伊份,CN,人工智能,54.95,-97.84,100.0,【亏损】【高流通】,1,0
300448.SZ,300448.SZ,300448,浩云科技,CN,"AI应用,AI智能体,人工智能,华为概念,国产芯片",54.87,1003.94,94.98,【高流通】,0,0
300936.SZ,300936.SZ,300936,中英科技,CN,"PCB,华为概念,无人驾驶",54.84,-1240.36,63.06,【亏损】,1,0
000886.SZ,000886.SZ,000886,海南高速,CN,算力概念,54.68,-58.19,98.89,【亏损】【高流通】,1,0
300349.SZ,300349.SZ,300349,金卡智能,CN,"AI应用,华为概念,国产芯片",54.57,45.91,88.62,【高流通】,0,0
301235.SZ,301235.SZ,301235,华康洁净,CN,人工智能,54.54,-78.09,67.5,【亏损】,1,0
603528.SH,603528.SH,603528,多伦科技,CN,"人工智能,华为昇腾,华为概念,国产芯片,无人驾驶,虚拟机器人",54.5,-67.54,100.0,【亏损】【高流通】,1,0
000665.SZ,000665.SZ,000665,湖北广电,CN,"华为概念,算力概念",54.47,-11.85,100.0,【亏损】【高流通】,1,0
600681.SH,600681.SH,600681,百川能源,CN,机器人概念,54.44,12.13,99.92,【低PE】【高流通】,0,0
301132.SZ,301132.SZ,301132,满坤科技,CN,"PCB,无人驾驶,机器人概念",54.32,74.93,63.97,,0,0
300964.SZ,300964.SZ,300964,本川智能,CN,"CPO概念,PCB,人形机器人,机器人概念",54.31,113.7,73.38,,0,0
603344.SH,603344.SH,603344,星德胜,CN,机器人概念,54.31,40.45,27.78,【低流通】,0,0
300219.SZ,300219.SZ,300219,鸿利智汇,CN,华为汽车,54.23,134.35,99.82,【高流通】,0,0
002735.SZ,002735.SZ,002735,王子新材,CN,信创,54.22,134.45,75.96,,0,0
688081.SH,688081.SH,688081,兴图新科,CN,"人工智能,华为昇腾",54.2,-447.47,100.0,【亏损】【高流通】,1,0
301028.SZ,301028.SZ,301028,鼎熔岩,CN,机器人概念,54.19,23.24,64.66,,0,0
300494.SZ,300494.SZ,300494,盛天网络,CN,"AIGC概念,AI应用,人工智能,多模态AI",54.1,303.83,81.21,【高流通】,0,0
603966.SH,603966.SH,603966,法兰泰克,CN,机器人概念,54.1,24.93,99.76,【高流通】,0,0
300916.SZ,300916.SZ,300916,朗特智能,CN,机器人概念,54.05,1128.52,64.58,,0,0
300368.SZ,300368.SZ,300368,汇金股份,CN,"信创,华为概念,数据中心",53.95,-145.22,100.0,【亏损】【高流通】,1,0
603315.SH,603315.SH,603315,福鞍股份,CN,算力概念,53.85,67.07,100.0,【高流通】,0,0
603068.SH,603068.SH,603068,博通集成,CN,"华为概念,国产芯片,无人驾驶,汽车芯片",53.85,82.94,100.0,【高流通】,0,0
688010.SH,688010.SH,688010,福光股份,CN,华为概念,53.71,-74.34,100.0,【亏损】【高流通】,1,0
300793.SZ,300793.SZ,300793,佳禾智能,CN,"AI眼镜,人工智能,华为概念,机器人概念",53.58,-154.54,97.78,【亏损】【高流通】,1,0
603138.SH,603138.SH,603138,海量数据,CN,"信创,华为概念,数据中心",53.51,-32.03,98.12,【亏损】【高流通】,1,0
002117.SZ,002117.SZ,002117,东港股份,CN,"人形机器人,机器人概念,算力概念",53.42,26.91,99.97,【高流通】,0,0
603421.SH,603421.SH,603421,鼎信通讯,CN,"国产芯片,鸿蒙概念",53.41,-14.25,100.0,【亏损】【高流通】,1,0
301172.SZ,301172.SZ,301172,君逸数码,CN,"AI应用,人工智能,多模态AI,鸿蒙概念",53.38,598.21,57.26,,0,0
002823.SZ,002823.SZ,002823,凯中精密,CN,无人驾驶,53.33,25.5,66.66,,0,0
300221.SZ,300221.SZ,300221,银禧科技,CN,"华为概念,机器人概念",53.2,34.62,96.5,【高流通】,0,0
300386.SZ,300386.SZ,300386,飞天诚信,CN,国产芯片,53.05,-47.54,59.98,【亏损】,1,0
688609.SH,688609.SH,688609,九联科技,CN,"CPO概念,人工智能,信创,华为昇腾,华为概念,华为海思,无人驾驶,机器人概念,鸿蒙概念",52.98,87.77,95.79,【高流通】,0,0
301596.SZ,301596.SZ,301596,瑞迪智驱,CN,机器人概念,52.89,65.22,40.58,,0,0
002401.SZ,002401.SZ,002401,中远海科,CN,"人工智能,华为概念,数据中心",52.74,180.63,99.91,【高流通】,0,0
688620.SH,688620.SH,688620,安凯微,CN,国产芯片,52.68,-67.1,59.26,【亏损】,1,0
300887.SZ,300887.SZ,300887,谱尼测试,CN,人形机器人,52.66,-18.95,66.37,【亏损】,1,0
603081.SH,603081.SH,603081,大丰实业,CN,人形机器人,52.64,346.88,100.0,【高流通】,0,0
600730.SH,600730.SH,600730,*ST高科,CN,"AI应用,信创",52.62,-682.72,100.0,【亏损】【高流通】,1,0
300592.SZ,300592.SZ,300592,华凯易佰,CN,"AIGC概念,人工智能",52.61,18.38,86.28,【低PE】【高流通】,0,0
300652.SZ,300652.SZ,300652,雷迪克,CN,人形机器人,52.6,49.11,89.75,【高流通】,0,0
300611.SZ,300611.SZ,300611,美力科技,CN,人形机器人,52.56,75.86,70.26,,0,0
301379.SZ,301379.SZ,301379,天山电子,CN,"PCB,人工智能,存储芯片,鸿蒙概念",52.55,66.68,62.94,,0,0
301077.SZ,301077.SZ,301077,星华新材,CN,"人工智能,算力概念",52.38,39.91,56.09,,0,0
002641.SZ,002641.SZ,002641,公元股份,CN,机器人概念,52.36,-41.03,92.26,【亏损】【高流通】,1,0
300210.SZ,300210.SZ,300210,森远股份,CN,算力概念,52.3,-111.62,100.0,【亏损】【高流通】,1,0
002870.SZ,002870.SZ,002870,香山股份,CN,"人工智能,人形机器人,华为汽车",52.28,-124.8,97.64,【亏损】【高流通】,1,0
300882.SZ,300882.SZ,300882,万胜智能,CN,人工智能,52.2,58.52,93.06,【高流通】,0,0
920593.BJ,920593.BJ,920593,鼎智科技,CN,"人形机器人,机器人概念",52.2,184.69,84.92,【高流通】,0,0
300606.SZ,300606.SZ,300606,金太阳,CN,存储芯片,52.18,136.43,85.06,【高流通】,0,0
002983.SZ,002983.SZ,002983,芯瑞达,CN,华为概念,52.11,42.77,57.3,,0,0
688767.SH,688767.SH,688767,博拓生物,CN,人工智能,52.1,-127.6,100.0,【亏损】【高流通】,1,0
300541.SZ,300541.SZ,300541,先进数通,CN,"信创,华为昇腾,华为概念,数据中心,无人驾驶",52.08,-124.36,89.87,【亏损】【高流通】,1,0
300532.SZ,300532.SZ,300532,今天国际,CN,机器人概念,52.03,25.13,95.14,【高流通】,0,0
001223.SZ,001223.SZ,001223,欧克科技,CN,机器人概念,52.02,42.26,53.43,,0,0
688084.SH,688084.SH,688084,晶品特装,CN,机器人概念,52.0,-619.2,100.0,【亏损】【高流通】,1,0
603636.SH,603636.SH,603636,南威软件,CN,"AI应用,人工智能,信创,算力概念",52.0,-26.1,100.0,【亏损】【高流通】,1,0
301187.SZ,301187.SZ,301187,欧圣电气,CN,机器人概念,51.93,116.77,100.0,【高流通】,0,0
300380.SZ,300380.SZ,300380,安硕信息,CN,"人工智能,信创",51.9,145.13,92.0,【高流通】,0,0
603150.SH,603150.SH,603150,万朗磁塑,CN,无人驾驶,51.83,48.23,100.0,【高流通】,0,0
002642.SZ,002642.SZ,002642,荣联科技,CN,"人工智能,信创,华为概念,数据中心",51.67,1583.55,100.0,【高流通】,0,0
300609.SZ,300609.SZ,300609,汇纳科技,CN,"人工智能,信创,华为概念,华为海思,机器人概念,算力概念",51.64,-63.84,99.85,【亏损】【高流通】,1,0
603869.SH,603869.SH,603869,ST智知,CN,"人工智能,信创,算力概念",51.59,350.49,100.0,【高流通】,0,0
603611.SH,603611.SH,603611,诺力股份,CN,"人工智能,无人驾驶,机器人概念",51.47,17.23,100.0,【低PE】【高流通】,0,0
300271.SZ,300271.SZ,300271,华宇软件,CN,"AI应用,人工智能,信创,华为昇腾",51.47,-22.88,97.85,【亏损】【高流通】,1,0
002973.SZ,002973.SZ,002973,侨银股份,CN,无人驾驶,51.45,36.93,77.73,,0,0
603018.SH,603018.SH,603018,华设集团,CN,"AIGC概念,人工智能,华为概念,无人驾驶",51.42,18.88,100.0,【低PE】【高流通】,0,0
688299.SH,688299.SH,688299,长阳科技,CN,"PCB,华为概念",51.36,115.22,100.0,【高流通】,0,0
001380.SZ,001380.SZ,001380,华纬科技,CN,"华为汽车,机器人概念",51.25,30.72,32.49,,0,0
002878.SZ,002878.SZ,002878,元隆雅图,CN,"AIGC概念,人工智能,华为概念",51.22,-423.57,90.04,【亏损】【高流通】,1,0
603322.SH,603322.SH,603322,超讯通信,CN,"AIGC概念,AI应用,人工智能,华为概念,国产芯片,多模态AI,数据中心,算力概念",51.22,30.73,100.0,【高流通】,0,0
688328.SH,688328.SH,688328,深科达,CN,"AI眼镜,华为概念,存储芯片,机器人执行器,机器人概念",51.18,47.27,100.0,【高流通】,0,0
300840.SZ,300840.SZ,300840,酷特智能,CN,"AI应用,AI智能体,华为概念",51.12,103.01,73.79,,0,0
301560.SZ,301560.SZ,301560,众捷汽车,CN,液冷概念,51.08,-303.6,50.21,【亏损】,1,0
603926.SH,603926.SH,603926,铁流股份,CN,机器人概念,51.05,43.05,98.35,【高流通】,0,0
300523.SZ,300523.SZ,300523,辰安科技,CN,机器人概念,51.02,-42.92,99.88,【亏损】【高流通】,1,0
920509.BJ,920509.BJ,920509,同惠电子,CN,"华为概念,华为海思",50.95,111.2,52.39,,0,0
688320.SH,688320.SH,688320,禾川科技,CN,"人形机器人,国产芯片,机器人概念",50.94,-226.2,98.28,【亏损】【高流通】,1,0
603933.SH,603933.SH,603933,睿能科技,CN,"人形机器人,机器人概念",50.72,36.75,100.0,【高流通】,0,0
603206.SH,603206.SH,603206,嘉环科技,CN,"华为概念,鸿蒙概念",50.66,87.24,100.0,【高流通】,0,0
300698.SZ,300698.SZ,300698,万马科技,CN,"数据中心,无人驾驶,液冷概念,算力概念",50.49,208.23,88.47,【高流通】,0,0
301169.SZ,301169.SZ,301169,零点有数,CN,"人工智能,信创,华为概念",50.44,-76.3,99.96,【亏损】【高流通】,1,0
300310.SZ,300310.SZ,300310,宜通世纪,CN,"信创,华为概念,机器人概念",50.43,-249.55,78.42,【亏损】,1,0
688689.SH,688689.SH,688689,银河微电,CN,"国产芯片,汽车芯片",50.39,68.8,100.0,【高流通】,0,0
002035.SZ,002035.SZ,002035,华帝股份,CN,机器人概念,49.93,12.34,92.26,【低市值】【低PE】【高流通】,0,1
300566.SZ,300566.SZ,300566,激智科技,CN,"AI眼镜,华为概念",49.93,21.92,86.48,【低市值】【高流通】,0,1
301058.SZ,301058.SZ,301058,中粮科工,CN,机器人概念,49.9,33.57,100.0,【低市值】【高流通】,0,1
002161.SZ,002161.SZ,002161,远 望 谷,CN,国产芯片,49.86,-32.53,99.98,【低市值】【亏损】【高流通】,1,1
002339.SZ,002339.SZ,002339,积成电子,CN,"人工智能,华为概念",49.85,-16.99,94.97,【低市值】【亏损】【高流通】,1,1
300749.SZ,300749.SZ,300749,顶固集创,CN,人工智能,49.84,-67.19,76.71,【低市值】【亏损】,1,1
301016.SZ,301016.SZ,301016,雷尔伟,CN,无人驾驶,49.81,477.73,95.88,【低市值】【高流通】,0,1
002301.SZ,002301.SZ,002301,齐心集团,CN,"人工智能,信创,华为概念",49.77,29.13,99.54,【低市值】【高流通】,0,1
300149.SZ,300149.SZ,300149,睿智医药,CN,人工智能,49.75,-68.5,95.3,【低市值】【亏损】【高流通】,1,1
600212.SH,600212.SH,600212,绿能慧充,CN,机器人概念,49.71,-57.81,75.44,【低市值】【亏损】,1,1
300213.SZ,300213.SZ,300213,佳讯飞鸿,CN,"AI应用,人工智能,华为概念",49.69,1589.34,92.91,【低市值】【高流通】,0,1
002889.SZ,002889.SZ,002889,东方嘉盛,CN,"人工智能,机器人概念",49.59,32.05,66.53,【低市值】,0,1
300921.SZ,300921.SZ,300921,南凌科技,CN,"信创,数据中心",49.52,104.08,62.41,【低市值】,0,1
300996.SZ,300996.SZ,300996,普联软件,CN,"AI应用,AI智能体,人工智能,信创,华为概念",49.47,210.18,84.17,【低市值】【高流通】,0,1
002197.SZ,002197.SZ,002197,证通电子,CN,"人工智能,信创,华为概念,国产芯片,数据中心,机器人概念,算力概念,鸿蒙概念",49.46,691.38,86.92,【低市值】【高流通】,0,1
300354.SZ,300354.SZ,300354,东华测试,CN,"人形机器人,华为概念",49.44,45.36,58.78,【低市值】,0,1
688595.SH,688595.SH,688595,芯海科技,CN,"人工智能,国产芯片,汽车芯片,鸿蒙概念",49.37,-31.66,100.0,【低市值】【亏损】【高流通】,1,1
603035.SH,603035.SH,603035,常熟汽饰,CN,"华为概念,无人驾驶",49.35,17.23,100.0,【低市值】【低PE】【高流通】,0,1
605058.SH,605058.SH,605058,澳弘电子,CN,PCB,49.28,37.22,100.0,【低市值】【高流通】,0,1
300044.SZ,300044.SZ,300044,*ST赛为,CN,"人工智能,数据中心,无人驾驶,机器人概念",49.19,-114.68,93.65,【低市值】【亏损】【高流通】,1,1
002367.SZ,002367.SZ,002367,康力电梯,CN,人工智能,49.14,33.37,99.6,【低市值】【高流通】,0,1
300879.SZ,300879.SZ,300879,大叶股份,CN,机器人概念,49.06,52.36,99.32,【低市值】【高流通】,0,1
301398.SZ,301398.SZ,301398,星源卓镁,CN,无人驾驶,49.06,-78.35,33.23,【低市值】【亏损】,1,1
002449.SZ,002449.SZ,002449,国星光电,CN,"AI眼镜,人工智能,华为概念,国产芯片",49.05,-36.52,100.0,【低市值】【亏损】【高流通】,1,1
301321.SZ,301321.SZ,301321,翰博高新,CN,"AIPC,华为概念",48.98,265.54,79.18,【低市值】,0,1
920125.BJ,920125.BJ,920125,鸿仕达,CN,PCB,48.97,861.25,29.35,【低市值】【低流通】,0,1
300553.SZ,300553.SZ,300553,集智股份,CN,人工智能,48.96,185.35,76.47,【低市值】,0,1
603918.SH,603918.SH,603918,金桥信息,CN,"人工智能,信创,华为概念",48.92,-40.15,100.0,【低市值】【亏损】【高流通】,1,1
300466.SZ,300466.SZ,300466,赛摩智能,CN,"人工智能,数据中心,机器人概念",48.84,234.79,83.82,【低市值】【高流通】,0,1
300551.SZ,300551.SZ,300551,古鳌科技,CN,存储芯片,48.8,-35.38,99.71,【低市值】【亏损】【高流通】,1,1
300968.SZ,300968.SZ,300968,格林精密,CN,"AIPC,AI手机,AI眼镜,华为概念,机器人概念",48.74,-27.04,100.0,【低市值】【亏损】【高流通】,1,1
000892.SZ,000892.SZ,000892,欢瑞世纪,CN,"AIGC概念,人工智能",48.66,-30.47,72.46,【低市值】【亏损】,1,1
300825.SZ,300825.SZ,300825,阿尔特,CN,"人工智能,华为汽车,多模态AI,无人驾驶,智谱AI概念,机器人概念,汽车芯片,算力概念",48.65,81.27,97.9,【低市值】【高流通】,0,1
605208.SH,605208.SH,605208,永茂泰,CN,机器人概念,48.6,68.04,100.0,【低市值】【高流通】,0,1
300873.SZ,300873.SZ,300873,海晨股份,CN,"AI智能体,机器人概念",48.59,987.4,72.35,【低市值】,0,1
600734.SH,600734.SH,600734,*ST实达,CN,"AI智能体,人工智能,算力概念",48.58,-101.61,99.98,【低市值】【亏损】【高流通】,1,1
688680.SH,688680.SH,688680,海优新材,CN,华为汽车,48.54,-31.87,100.0,【低市值】【亏损】【高流通】,1,1
603990.SH,603990.SH,603990,麦迪科技,CN,"AI制药（医疗）,AI智能体,人工智能,人形机器人,华为概念,机器人概念",48.45,314.94,100.0,【低市值】【高流通】,0,1
920139.BJ,920139.BJ,920139,华岭股份,CN,"国产芯片,存储芯片,汽车芯片",48.38,-95.49,96.44,【低市值】【亏损】【高流通】,1,1
603209.SH,603209.SH,603209,兴通股份,CN,人工智能,48.36,10.85,98.92,【低市值】【低PE】【高流通】,0,1
300062.SZ,300062.SZ,300062,中能电气,CN,机器人概念,48.32,430.84,72.76,【低市值】,0,1
600526.SH,600526.SH,600526,菲达环保,CN,机器人概念,48.26,23.24,98.23,【低市值】【高流通】,0,1
002577.SZ,002577.SZ,002577,雷柏科技,CN,"AIPC,机器人概念",48.25,251.06,99.99,【低市值】【高流通】,0,1
300626.SZ,300626.SZ,300626,华瑞股份,CN,机器人概念,48.2,176.97,99.95,【低市值】【高流通】,0,1
688360.SH,688360.SH,688360,德马科技,CN,"人工智能,人形机器人,华为概念,机器人概念",48.11,32.45,95.66,【低市值】【高流通】,0,1
301419.SZ,301419.SZ,301419,阿莱德,CN,人形机器人,48.1,97.16,66.11,【低市值】,0,1
002962.SZ,002962.SZ,002962,五方光电,CN,华为概念,48.04,297.18,71.72,【低市值】,0,1
603716.SH,603716.SH,603716,塞力医疗,CN,"AI制药（医疗）,AI应用,人工智能,鸿蒙概念",48.0,-68.5,100.0,【低市值】【亏损】【高流通】,1,1
002512.SZ,002512.SZ,002512,ST达华,CN,"人工智能,华为概念",47.95,32.9,98.38,【低市值】【高流通】,0,1
300662.SZ,300662.SZ,300662,科锐国际,CN,人工智能,47.9,13.03,99.71,【低市值】【低PE】【高流通】,0,1
300241.SZ,300241.SZ,300241,瑞丰光电,CN,PCB,47.86,41.16,83.77,【低市值】【高流通】,0,1
300798.SZ,300798.SZ,300798,锦鸡股份,CN,算力概念,47.78,-75.06,81.35,【低市值】【亏损】【高流通】,1,1
002137.SZ,002137.SZ,002137,实益达,CN,华为概念,47.7,89.14,68.65,【低市值】,0,1
603015.SH,603015.SH,603015,弘讯科技,CN,"人工智能,机器人概念",47.66,176.1,100.0,【低市值】【高流通】,0,1
600178.SH,600178.SH,600178,东安动力,CN,华为概念,47.58,-59.76,100.0,【低市值】【亏损】【高流通】,1,1
300690.SZ,300690.SZ,300690,双一科技,CN,机器人概念,47.44,55.81,67.04,【低市值】,0,1
688175.SH,688175.SH,688175,高凌信息,CN,人工智能,47.42,300.28,100.0,【低市值】【高流通】,0,1
300603.SZ,300603.SZ,300603,立昂技术,CN,"人工智能,信创,华为概念,数据中心",47.41,-38.59,80.45,【低市值】【亏损】【高流通】,1,1
920060.BJ,920060.BJ,920060,万源通,CN,"AIPC,PCB,无人驾驶,机器人概念",47.27,64.06,62.37,【低市值】,0,1
600960.SH,600960.SH,600960,渤海汽车,CN,"华为汽车,机器人概念",47.24,-174.83,100.0,【低市值】【亏损】【高流通】,1,1
300830.SZ,300830.SZ,300830,金现代,CN,"AI应用,AI智能体,人工智能,信创,华为概念,智谱AI概念",47.24,-150.11,74.64,【低市值】【亏损】,1,1
300822.SZ,300822.SZ,300822,贝仕达克,CN,"AIGC概念,人工智能",47.2,53.49,92.76,【低市值】【高流通】,0,1
300212.SZ,300212.SZ,300212,*ST易录,CN,"人工智能,信创,华为概念,数据中心,算力概念",47.15,-24.52,97.03,【低市值】【亏损】【高流通】,1,1
002584.SZ,002584.SZ,002584,西陇科学,CN,PCB,47.11,98.31,80.04,【低市值】【高流通】,0,1
600053.SH,600053.SH,600053,*ST九鼎,CN,"人形机器人,机器人概念",47.08,-34.41,100.0,【低市值】【亏损】【高流通】,1,1
301383.SZ,301383.SZ,301383,天键股份,CN,AI眼镜,47.02,-34.13,43.23,【低市值】【亏损】,1,1
688588.SH,688588.SH,688588,凌志软件,CN,"AIGC概念,AI智能体,人工智能,信创",47.0,-592.69,100.0,【低市值】【亏损】【高流通】,1,1
688558.SH,688558.SH,688558,国盛智科,CN,"人形机器人,机器人概念",46.99,28.62,100.0,【低市值】【高流通】,0,1
300231.SZ,300231.SZ,300231,银信科技,CN,"人工智能,信创,华为昇腾,华为概念,数据中心,算力概念",46.96,91.8,99.99,【低市值】【高流通】,0,1
603551.SH,603551.SH,603551,奥普科技,CN,华为概念,46.94,28.56,98.74,【低市值】【高流通】,0,1
300071.SZ,300071.SZ,300071,福石控股,CN,"AIGC概念,AI语料,华为概念",46.84,-1770.36,98.08,【低市值】【亏损】【高流通】,1,1
300537.SZ,300537.SZ,300537,广信材料,CN,"PCB,华为概念",46.8,156.05,73.03,【低市值】,0,1
300504.SZ,300504.SZ,300504,天邑股份,CN,"华为概念,华为海思,鸿蒙概念",46.78,51.09,80.53,【低市值】【高流通】,0,1
688273.SH,688273.SH,688273,麦澜德,CN,"AI制药（医疗）,人工智能,机器人概念",46.75,50.98,100.0,【低市值】【高流通】,0,1
600520.SH,600520.SH,600520,三佳科技,CN,"国产芯片,机器人概念",46.67,781.98,100.0,【低市值】【高流通】,0,1
688039.SH,688039.SH,688039,当虹科技,CN,"AIGC概念,AI应用,人工智能,人形机器人,多模态AI,机器人概念",46.6,-76.57,100.0,【低市值】【亏损】【高流通】,1,1
300040.SZ,300040.SZ,300040,九洲集团,CN,华为概念,46.45,45.22,80.41,【低市值】【高流通】,0,1
002871.SZ,002871.SZ,002871,伟隆股份,CN,"人工智能,数据中心",46.44,51.49,59.27,【低市值】,0,1
001282.SZ,001282.SZ,001282,三联锻造,CN,华为汽车,46.39,42.37,35.18,【低市值】,0,1
300686.SZ,300686.SZ,300686,智动力,CN,华为概念,46.39,-22.51,99.34,【低市值】【亏损】【高流通】,1,1
300939.SZ,300939.SZ,300939,秋田微,CN,人工智能,46.37,80.11,100.0,【低市值】【高流通】,0,1
300414.SZ,300414.SZ,300414,中光防雷,CN,"华为概念,数据中心",46.33,141.52,96.17,【低市值】【高流通】,0,1
603106.SH,603106.SH,603106,恒银科技,CN,"AI应用,人工智能,信创",46.33,406.92,100.0,【低市值】【高流通】,0,1
002688.SZ,002688.SZ,002688,金河生物,CN,人工智能,46.32,18.59,97.14,【低市值】【低PE】【高流通】,0,1
300588.SZ,300588.SZ,300588,熙菱信息,CN,"AI应用,人工智能,信创,华为概念",46.16,-53.47,92.35,【低市值】【亏损】【高流通】,1,1
603726.SH,603726.SH,603726,朗迪集团,CN,"人形机器人,机器人概念",46.13,13.19,99.49,【低市值】【低PE】【高流通】,0,1
300021.SZ,300021.SZ,300021,大禹节水,CN,"人工智能,华为概念,鸿蒙概念",46.11,117.9,85.43,【低市值】【高流通】,0,1
603269.SH,603269.SH,603269,海鸥股份,CN,数据中心,46.07,51.4,100.0,【低市值】【高流通】,0,1
688489.SH,688489.SH,688489,三未信安,CN,"人工智能,信创,华为概念,国产芯片,鸿蒙概念",46.07,-50.93,99.24,【低市值】【亏损】【高流通】,1,1
300978.SZ,300978.SZ,300978,东箭科技,CN,华为汽车,46.03,36.01,67.92,【低市值】,0,1
003033.SZ,003033.SZ,003033,征和工业,CN,"人形机器人,机器人执行器,机器人概念",46.03,34.96,98.77,【低市值】【高流通】,0,1
603178.SH,603178.SH,603178,圣龙股份,CN,华为汽车,46.01,60.93,100.0,【低市值】【高流通】,0,1
002474.SZ,002474.SZ,002474,榕基软件,CN,"人工智能,信创,华为概念",45.86,-147.07,84.99,【低市值】【亏损】【高流通】,1,1
300248.SZ,300248.SZ,300248,新开普,CN,"AI应用,AI智能体,华为概念",45.82,-21.48,85.87,【低市值】【亏损】【高流通】,1,1
002615.SZ,002615.SZ,002615,哈尔斯,CN,华为概念,45.68,945.35,54.61,【低市值】,0,1
002587.SZ,002587.SZ,002587,奥拓电子,CN,"AIGC概念,人工智能,华为概念,机器人概念",45.61,74.94,81.76,【低市值】【高流通】,0,1
300542.SZ,300542.SZ,300542,新晨科技,CN,"信创,华为概念,鸿蒙概念",45.59,-65.63,82.93,【低市值】【亏损】【高流通】,1,1
920978.BJ,920978.BJ,920978,开特股份,CN,"华为汽车,机器人概念",45.55,34.79,56.07,【低市值】,0,1
603375.SH,603375.SH,603375,盛景微,CN,"国产芯片,机器人概念,汽车芯片",45.55,461.72,63.36,【低市值】,0,1
301360.SZ,301360.SZ,301360,荣旗科技,CN,"AI应用,AI眼镜,人工智能",45.53,-2065.85,48.48,【低市值】【亏损】,1,1
003007.SZ,003007.SZ,003007,直真科技,CN,"人工智能,信创,华为昇腾,华为概念,算力概念",45.53,-48.26,71.29,【低市值】【亏损】,1,1
688211.SH,688211.SH,688211,中科微至,CN,机器人概念,45.49,384.97,100.0,【低市值】【高流通】,0,1
688023.SH,688023.SH,688023,安恒信息,CN,"人工智能,信创,华为昇腾,华为概念",45.49,-9.97,100.0,【低市值】【亏损】【高流通】,1,1
002829.SZ,002829.SZ,002829,星网宇达,CN,"人工智能,无人驾驶,机器人概念",45.49,-42.86,70.28,【低市值】【亏损】,1,1
300384.SZ,300384.SZ,300384,三联虹普,CN,"AI应用,AI智能体,华为昇腾,华为概念",45.33,25.0,69.0,【低市值】,0,1
002362.SZ,002362.SZ,002362,汉王科技,CN,"AI应用,人工智能,信创,国产芯片,无人驾驶,机器人概念",45.27,-26.78,84.92,【低市值】【亏损】【高流通】,1,1
603038.SH,603038.SH,603038,华立股份,CN,鸿蒙概念,45.25,16.44,100.0,【低市值】【低PE】【高流通】,0,1
002917.SZ,002917.SZ,002917,金奥博,CN,"人工智能,机器人概念",45.12,29.4,74.95,【低市值】,0,1
600805.SH,600805.SH,600805,悦达投资,CN,"无人驾驶,机器人概念",45.1,76.45,99.93,【低市值】【高流通】,0,1
002976.SZ,002976.SZ,002976,瑞玛精密,CN,"华为汽车,无人驾驶",45.09,-81.64,44.54,【低市值】【亏损】,1,1
301025.SZ,301025.SZ,301025,读客文化,CN,AI语料,45.03,369.79,69.23,【低市值】,0,1
002090.SZ,002090.SZ,002090,金智科技,CN,"人工智能,信创,华为概念,数据中心,机器人概念",44.98,51.44,98.62,【低市值】【高流通】,0,1
301315.SZ,301315.SZ,301315,威士顿,CN,"AI应用,人工智能,华为概念,机器人概念",44.92,121.85,42.05,【低市值】,0,1
603579.SH,603579.SH,603579,荣泰健康,CN,机器人概念,44.83,16.07,100.0,【低市值】【低PE】【高流通】,0,1
002845.SZ,002845.SZ,002845,同兴达,CN,"AIPC,AI手机,人工智能,华为概念,无人驾驶,机器人概念",44.78,-26.29,76.4,【低市值】【亏损】,1,1
603097.SH,603097.SH,603097,江苏华辰,CN,数据中心,44.73,8572.05,96.88,【低市值】【高流通】,0,1
301210.SZ,301210.SZ,301210,金杨精密,CN,人形机器人,44.71,43.89,37.92,【低市值】,0,1
300933.SZ,300933.SZ,300933,中辰股份,CN,算力概念,44.64,67.55,100.0,【低市值】【高流通】,0,1
688159.SH,688159.SH,688159,有方科技,CN,"华为概念,无人驾驶",44.59,40.09,99.81,【低市值】【高流通】,0,1
300011.SZ,300011.SZ,300011,鼎汉技术,CN,"人工智能,机器人概念",44.57,-73.92,83.77,【低市值】【亏损】【高流通】,1,1
603110.SH,603110.SH,603110,东方材料,CN,"PCB,数据中心,算力概念",44.53,106.77,100.0,【低市值】【高流通】,0,1
300608.SZ,300608.SZ,300608,思特奇,CN,"AI应用,AI智能体,人工智能,华为概念,多模态AI,数据中心,算力概念,鸿蒙概念",44.52,-16.43,86.82,【低市值】【亏损】【高流通】,1,1
002520.SZ,002520.SZ,002520,日发精机,CN,"机器人执行器,机器人概念",44.49,32.88,95.63,【低市值】【高流通】,0,1
300862.SZ,300862.SZ,300862,蓝盾光电,CN,华为概念,44.46,-128.27,82.05,【低市值】【亏损】【高流通】,1,1
301136.SZ,301136.SZ,301136,招标股份,CN,人工智能,44.39,205.94,99.89,【低市值】【高流通】,0,1
301449.SZ,301449.SZ,301449,天溯计量,CN,机器人概念,44.36,292.94,21.33,【低市值】【低流通】,0,1
301221.SZ,301221.SZ,301221,光庭信息,CN,"AI应用,人工智能,华为概念,无人驾驶,鸿蒙概念",44.31,-315.54,67.72,【低市值】【亏损】,1,1
002921.SZ,002921.SZ,002921,联诚精密,CN,"机器人执行器,机器人概念",44.3,-1166.98,86.22,【低市值】【亏损】【高流通】,1,1
300752.SZ,300752.SZ,300752,隆利科技,CN,"AI眼镜,华为概念",44.28,71.03,68.83,【低市值】,0,1
002322.SZ,002322.SZ,002322,理工能科,CN,人工智能,44.19,47.77,96.13,【低市值】【高流通】,0,1
688199.SH,688199.SH,688199,久日新材,CN,PCB,44.18,108.43,100.0,【低市值】【高流通】,0,1
300805.SZ,300805.SZ,300805,电声股份,CN,华为概念,44.14,426.28,67.94,【低市值】,0,1
300691.SZ,300691.SZ,300691,联合光电,CN,"AI眼镜,人工智能,华为概念,无人驾驶,机器人概念",44.12,-285.48,82.04,【低市值】【亏损】【高流通】,1,1
002148.SZ,002148.SZ,002148,北纬科技,CN,"国产芯片,机器人概念",44.1,456.45,80.38,【低市值】【高流通】,0,1
688069.SH,688069.SH,688069,德林海,CN,人工智能,44.07,-154.47,100.0,【低市值】【亏损】【高流通】,1,1
300817.SZ,300817.SZ,300817,双飞集团,CN,机器人概念,44.05,66.22,57.38,【低市值】,0,1
002296.SZ,002296.SZ,002296,辉煌科技,CN,"人工智能,信创",44.02,13.01,89.15,【低市值】【低PE】【高流通】,0,1
001379.SZ,001379.SZ,001379,腾达科技,CN,华为概念,43.94,58.62,33.65,【低市值】,0,1
300853.SZ,300853.SZ,300853,申昊科技,CN,"人工智能,机器人概念",43.91,-33.89,66.9,【低市值】【亏损】,1,1
688533.SH,688533.SH,688533,上声电子,CN,国产芯片,43.82,45.04,100.0,【低市值】【高流通】,0,1
001306.SZ,001306.SZ,001306,夏厦精密,CN,"人形机器人,机器人执行器,机器人概念",43.76,-49.62,24.66,【低市值】【亏损】【低流通】,1,1
603232.SH,603232.SH,603232,格尔软件,CN,"信创,华为概念,汽车芯片,鸿蒙概念",43.66,-38.22,98.81,【低市值】【亏损】【高流通】,1,1
600980.SH,600980.SH,600980,北矿科技,CN,机器人概念,43.64,47.55,100.0,【低市值】【高流通】,0,1
603386.SH,603386.SH,603386,骏亚科技,CN,"PCB,人形机器人,华为概念",43.63,-53.34,100.0,【低市值】【亏损】【高流通】,1,1
301102.SZ,301102.SZ,301102,兆讯传媒,CN,"AIGC概念,人工智能",43.6,190.37,100.0,【低市值】【高流通】,0,1
300078.SZ,300078.SZ,300078,思创智联,CN,国产芯片,43.6,-119.93,99.6,【低市值】【亏损】【高流通】,1,1
300688.SZ,300688.SZ,300688,创业黑马,CN,"人工智能,智谱AI概念,算力概念",43.5,-242.98,88.65,【低市值】【亏损】【高流通】,1,1
688459.SH,688459.SH,688459,哈铁科技,CN,机器人概念,43.49,-63.19,100.0,【低市值】【亏损】【高流通】,1,1
600506.SH,600506.SH,600506,统一股份,CN,"数据中心,液冷概念",43.47,17.23,100.0,【低市值】【低PE】【高流通】,0,1
600156.SH,600156.SH,600156,华升股份,CN,"数据中心,液冷概念,算力概念",43.43,-187.5,100.0,【低市值】【亏损】【高流通】,1,1
300120.SZ,300120.SZ,300120,经纬辉开,CN,国产芯片,43.37,348.25,91.83,【低市值】【高流通】,0,1
605398.SH,605398.SH,605398,新炬网络,CN,"人工智能,信创,华为概念,数据中心",43.3,345.38,100.0,【低市值】【高流通】,0,1
300656.SZ,300656.SZ,300656,民德电子,CN,"国产芯片,无人驾驶",43.28,-41.18,77.66,【低市值】【亏损】,1,1
002725.SZ,002725.SZ,002725,跃岭股份,CN,国产芯片,43.26,-199.67,83.73,【低市值】【亏损】【高流通】,1,1
002593.SZ,002593.SZ,002593,日上集团,CN,华为概念,43.25,33.53,69.73,【低市值】,0,1
300839.SZ,300839.SZ,300839,博汇股份,CN,"液冷概念,算力概念",43.24,23.12,98.21,【低市值】【高流通】,0,1
301332.SZ,301332.SZ,301332,德尔玛,CN,机器人概念,43.2,49.6,57.38,【低市值】,0,1
300157.SZ,300157.SZ,300157,新锦动力,CN,数据中心,43.2,-26.35,93.88,【低市值】【亏损】【高流通】,1,1
688323.SH,688323.SH,688323,瑞华泰,CN,"PCB,华为概念",43.18,-47.7,100.0,【低市值】【亏损】【高流通】,1,1
603681.SH,603681.SH,603681,永冠新材,CN,"AI智能体,人工智能",43.15,40.28,100.0,【低市值】【高流通】,0,1
300200.SZ,300200.SZ,300200,高盟新材,CN,机器人概念,43.14,43.77,98.36,【低市值】【高流通】,0,1
688280.SH,688280.SH,688280,精进电动-W,CN,无人驾驶,42.97,-11.75,88.19,【低市值】【亏损】【高流通】,1,1
301329.SZ,301329.SZ,301329,信音电子,CN,AIPC,42.96,37.63,35.22,【低市值】,0,1
688260.SH,688260.SH,688260,昀冢科技,CN,华为概念,42.96,-20.3,100.0,【低市值】【亏损】【高流通】,1,1
300578.SZ,300578.SZ,300578,会畅科技,CN,"AIGC概念,人工智能,信创,华为概念",42.83,-89.49,99.97,【低市值】【亏损】【高流通】,1,1
688259.SH,688259.SH,688259,创耀科技,CN,"人形机器人,国产芯片",42.8,103.03,100.0,【低市值】【高流通】,0,1
688045.SH,688045.SH,688045,必易微,CN,国产芯片,42.8,78.51,100.0,【低市值】【高流通】,0,1
300056.SZ,300056.SZ,300056,中创环保,CN,算力概念,42.79,-80.06,99.92,【低市值】【亏损】【高流通】,1,1
002811.SZ,002811.SZ,002811,郑中设计,CN,"AIGC概念,人工智能",42.75,29.91,91.76,【低市值】【高流通】,0,1
300557.SZ,300557.SZ,300557,理工光科,CN,无人驾驶,42.64,122.06,98.78,【低市值】【高流通】,0,1
301157.SZ,301157.SZ,301157,华塑科技,CN,"华为概念,数据中心,液冷概念",42.62,108.98,34.43,【低市值】,0,1
300317.SZ,300317.SZ,300317,珈伟新能,CN,华为概念,42.59,413.75,99.85,【低市值】【高流通】,0,1
003015.SZ,003015.SZ,003015,日久光电,CN,华为概念,42.58,102.73,88.0,【低市值】【高流通】,0,1
603017.SH,603017.SH,603017,中衡设计,CN,"多模态AI,数据中心",42.53,50.75,100.0,【低市值】【高流通】,0,1
300299.SZ,300299.SZ,300299,富春股份,CN,AIGC概念,42.52,87.07,99.84,【低市值】【高流通】,0,1
000903.SZ,000903.SZ,000903,ST云动,CN,"华为概念,无人驾驶,机器人概念,汽车芯片",42.37,-27.3,99.25,【低市值】【亏损】【高流通】,1,1
000526.SZ,000526.SZ,000526,学大教育,CN,人工智能,42.36,11.68,98.03,【低市值】【低PE】【高流通】,0,1
300729.SZ,300729.SZ,300729,乐歌股份,CN,人工智能,42.33,1312.0,96.04,【低市值】【高流通】,0,1
603339.SH,603339.SH,603339,四方科技,CN,液冷概念,42.3,24.97,100.0,【低市值】【高流通】,0,1
301195.SZ,301195.SZ,301195,北路智控,CN,"人工智能,华为概念,无人驾驶,机器人概念,鸿蒙概念",42.22,39.72,66.4,【低市值】,0,1
301046.SZ,301046.SZ,301046,能辉科技,CN,机器人概念,42.1,-218.1,76.39,【低市值】【亏损】,1,1
300193.SZ,300193.SZ,300193,佳士科技,CN,机器人概念,42.1,40.67,88.06,【低市值】【高流通】,0,1
920249.BJ,920249.BJ,920249,利尔达,CN,"AI芯片,华为概念,存储芯片,机器人概念",42.08,71.28,29.57,【低市值】【低流通】,0,1
001266.SZ,001266.SZ,001266,宏英智能,CN,"PCB,无人驾驶,机器人概念",42.07,28.96,56.1,【低市值】,0,1
300288.SZ,300288.SZ,300288,朗玛信息,CN,"AI应用,人工智能,华为概念",42.07,-252.42,75.92,【低市值】【亏损】,1,1
300032.SZ,300032.SZ,300032,金龙机电,CN,华为概念,42.01,-52.14,100.0,【低市值】【亏损】【高流通】,1,1
300250.SZ,300250.SZ,300250,初灵信息,CN,"AI应用,AI智能体,人工智能,鸿蒙概念",42.0,-437.05,73.65,【低市值】【亏损】,1,1
301226.SZ,301226.SZ,301226,祥明智能,CN,"人形机器人,机器人概念",41.99,1088.36,100.0,【低市值】【高流通】,0,1
002575.SZ,002575.SZ,002575,群兴玩具,CN,算力概念,41.98,-1178.83,94.78,【低市值】【亏损】【高流通】,1,1
000868.SZ,000868.SZ,000868,安凯客车,CN,"华为概念,无人驾驶",41.9,566.04,78.05,【低市值】,0,1
688590.SH,688590.SH,688590,新致软件,CN,"AI应用,人工智能,信创",41.86,602.58,100.0,【低市值】【高流通】,0,1
600229.SH,600229.SH,600229,城市传媒,CN,"AIGC概念,人工智能",41.76,39.0,100.0,【低市值】【高流通】,0,1
605068.SH,605068.SH,605068,明新旭腾,CN,华为汽车,41.7,-67.63,100.0,【低市值】【亏损】【高流通】,1,1
600262.SH,600262.SH,600262,北方股份,CN,无人驾驶,41.67,13.84,100.0,【低市值】【低PE】【高流通】,0,1
605588.SH,605588.SH,605588,冠石科技,CN,华为概念,41.65,-47.47,99.76,【低市值】【亏损】【高流通】,1,1
002369.SZ,002369.SZ,002369,卓翼科技,CN,"华为概念,机器人概念",41.61,-50.25,99.87,【低市值】【亏损】【高流通】,1,1
603258.SH,603258.SH,603258,电魂网络,CN,AIGC概念,41.58,-46.08,98.95,【低市值】【亏损】【高流通】,1,1
600337.SH,600337.SH,600337,美克家居,CN,"AI应用,华为概念",41.53,-4.91,100.0,【低市值】【亏损】【高流通】,1,1
002178.SZ,002178.SZ,002178,延华智能,CN,"数据中心,机器人概念,鸿蒙概念",41.52,-182.15,99.95,【低市值】【亏损】【高流通】,1,1
003005.SZ,003005.SZ,003005,竞业达,CN,"AI应用,人工智能,信创,多模态AI",41.51,-26.92,54.88,【低市值】【亏损】,1,1
301008.SZ,301008.SZ,301008,宏昌科技,CN,人形机器人,41.5,722.44,88.45,【低市值】【高流通】,0,1
002912.SZ,002912.SZ,002912,中新赛克,CN,"AI应用,人工智能,算力概念",41.49,-12.65,95.0,【低市值】【亏损】【高流通】,1,1
001268.SZ,001268.SZ,001268,联合精密,CN,机器人概念,41.46,-591.36,62.48,【低市值】【亏损】,1,1
300404.SZ,300404.SZ,300404,博济医药,CN,AI制药（医疗）,41.44,62.94,73.97,【低市值】,0,1
000889.SZ,000889.SZ,000889,中嘉博创,CN,华为概念,41.38,-235.27,92.9,【低市值】【亏损】【高流通】,1,1
301060.SZ,301060.SZ,301060,兰卫医学,CN,人工智能,41.37,28.02,89.93,【低市值】【高流通】,0,1
300643.SZ,300643.SZ,300643,万通智控,CN,"AI芯片,机器人概念",41.28,26.12,99.77,【低市值】【高流通】,0,1
603316.SH,603316.SH,603316,诚邦股份,CN,存储芯片,41.2,43.84,100.0,【低市值】【高流通】,0,1
000779.SZ,000779.SZ,000779,甘咨询,CN,数据中心,41.18,17.68,99.99,【低市值】【低PE】【高流通】,0,1
301448.SZ,301448.SZ,301448,开创电气,CN,机器人概念,41.16,-825.74,46.16,【低市值】【亏损】,1,1
002184.SZ,002184.SZ,002184,海得控制,CN,"人工智能,数据中心",41.14,336.03,68.3,【低市值】,0,1
002162.SZ,002162.SZ,002162,悦心健康,CN,"人工智能,机器人概念",41.11,-305.25,99.87,【低市值】【亏损】【高流通】,1,1
688458.SH,688458.SH,688458,美芯晟,CN,"AI手机,AI眼镜,机器人概念",41.11,-190.57,76.27,【低市值】【亏损】,1,1
002347.SZ,002347.SZ,002347,泰尔股份,CN,机器人概念,41.03,-134.36,97.76,【低市值】【亏损】【高流通】,1,1
688066.SH,688066.SH,688066,航天宏图,CN,"AI智能体,华为概念",40.99,-9.47,100.0,【低市值】【亏损】【高流通】,1,1
002669.SZ,002669.SZ,002669,康达新材,CN,国产芯片,40.87,148.84,99.78,【低市值】【高流通】,0,1
301208.SZ,301208.SZ,301208,中亦科技,CN,"AI应用,人工智能,信创,华为概念,鸿蒙概念",40.81,157.99,55.06,【低市值】,0,1
688722.SH,688722.SH,688722,同益中,CN,人形机器人,40.8,28.14,99.75,【低市值】【高流通】,0,1
300123.SZ,300123.SZ,300123,ST亚光,CN,国产芯片,40.77,-34.51,97.28,【低市值】【亏损】【高流通】,1,1
300420.SZ,300420.SZ,300420,五洋自控,CN,机器人概念,40.75,251.0,99.99,【低市值】【高流通】,0,1
300095.SZ,300095.SZ,300095,华伍股份,CN,"人形机器人,机器人执行器,机器人概念",40.73,60.22,81.46,【低市值】【高流通】,0,1
605066.SH,605066.SH,605066,天正电气,CN,"AI应用,数据中心",40.68,52.63,99.54,【低市值】【高流通】,0,1
003029.SZ,003029.SZ,003029,吉大正元,CN,"信创,华为概念,华为汽车,无人驾驶,鸿蒙概念",40.68,-75.73,90.95,【低市值】【亏损】【高流通】,1,1
603350.SH,603350.SH,603350,安乃达,CN,机器人概念,40.67,37.52,37.88,【低市值】,0,1
002766.SZ,002766.SZ,002766,索菱股份,CN,"人工智能,无人驾驶",40.52,-55.74,99.16,【低市值】【亏损】【高流通】,1,1
301311.SZ,301311.SZ,301311,昆船智能,CN,"人工智能,华为概念,机器人概念",40.49,-39.86,100.0,【低市值】【亏损】【高流通】,1,1
300270.SZ,300270.SZ,300270,中威电子,CN,"人工智能,华为概念,机器人概念",40.45,498.7,86.17,【低市值】【高流通】,0,1
688061.SH,688061.SH,688061,灿瑞科技,CN,"国产芯片,机器人概念",40.44,-48.15,100.0,【低市值】【亏损】【高流通】,1,1
688579.SH,688579.SH,688579,地纬智能,CN,"人工智能,华为概念",40.44,-50.8,100.0,【低市值】【亏损】【高流通】,1,1
600539.SH,600539.SH,600539,狮头股份,CN,人工智能,40.39,1918.61,100.0,【低市值】【高流通】,0,1
300370.SZ,300370.SZ,300370,安控科技,CN,"AI应用,人工智能,机器人概念",40.39,-38.85,99.75,【低市值】【亏损】【高流通】,1,1
002278.SZ,002278.SZ,002278,神开股份,CN,人工智能,40.38,-464.22,85.62,【低市值】【亏损】【高流通】,1,1
300264.SZ,300264.SZ,300264,佳创视讯,CN,"华为概念,虚拟机器人",40.33,-253.52,85.96,【低市值】【亏损】【高流通】,1,1
301152.SZ,301152.SZ,301152,天力锂能,CN,人工智能,40.3,119.2,59.78,【低市值】,0,1
603266.SH,603266.SH,603266,天龙股份,CN,国产芯片,40.23,33.75,100.0,【低市值】【高流通】,0,1
301199.SZ,301199.SZ,301199,迈赫股份,CN,机器人概念,40.19,52.89,38.41,【低市值】,0,1
300654.SZ,300654.SZ,300654,世纪天鸿,CN,"AIGC概念,AI应用,AI智能体,AI语料,人工智能",40.13,183.87,96.32,【低市值】【高流通】,0,1
002355.SZ,002355.SZ,002355,兴民智通,CN,"人工智能,华为概念,无人驾驶,算力概念",40.11,-6.0,92.47,【低市值】【亏损】【高流通】,1,1
300154.SZ,300154.SZ,300154,瑞凌股份,CN,机器人概念,40.06,35.92,70.1,【低市值】,0,1
003028.SZ,003028.SZ,003028,振邦智能,CN,机器人概念,40.06,175.74,48.74,【低市值】,0,1
301138.SZ,301138.SZ,301138,华研精机,CN,机器人概念,40.0,95.77,57.13,【低市值】,0,1
002674.SZ,002674.SZ,002674,兴业科技,CN,"华为汽车,机器人概念",39.84,44.08,98.99,【低市值】【高流通】,0,1
300190.SZ,300190.SZ,300190,维尔利,CN,"机器人概念,液冷概念",39.82,158.08,99.59,【低市值】【高流通】,0,1
300050.SZ,300050.SZ,300050,世纪鼎利,CN,华为概念,39.77,310.92,99.94,【低市值】【高流通】,0,1
002331.SZ,002331.SZ,002331,皖通科技,CN,华为概念,39.72,-34.42,92.4,【低市值】【亏损】【高流通】,1,1
301218.SZ,301218.SZ,301218,华是科技,CN,"AI应用,人工智能,信创,华为概念",39.64,-335.92,61.44,【低市值】【亏损】,1,1
920418.BJ,920418.BJ,920418,苏轴股份,CN,"华为汽车,机器人概念",39.63,33.03,95.82,【低市值】【高流通】,0,1
688218.SH,688218.SH,688218,江苏北人,CN,"华为汽车,机器人概念",39.6,260.86,100.0,【低市值】【高流通】,0,1
688053.SH,688053.SH,688053,ST思科瑞,CN,存储芯片,39.5,-284.46,100.0,【低市值】【亏损】【高流通】,1,1
300096.SZ,300096.SZ,300096,ST易联众,CN,"人工智能,华为概念",39.47,-35.45,100.0,【低市值】【亏损】【高流通】,1,1
002932.SZ,002932.SZ,002932,*ST明德,CN,人工智能,39.46,-2613.84,67.13,【低市值】【亏损】,1,1
002224.SZ,002224.SZ,002224,三 力 士,CN,机器人概念,39.42,-74.07,89.39,【低市值】【亏损】【高流通】,1,1
301112.SZ,301112.SZ,301112,信邦智能,CN,"机器人概念,汽车芯片",39.37,558.79,100.0,【低市值】【高流通】,0,1
300667.SZ,300667.SZ,300667,必创科技,CN,"国产芯片,机器人概念",39.37,-829.87,84.36,【低市值】【亏损】【高流通】,1,1
300875.SZ,300875.SZ,300875,捷强装备,CN,机器人概念,39.24,-129.95,87.94,【低市值】【亏损】【高流通】,1,1
600289.SH,600289.SH,600289,ST信通,CN,"人工智能,信创,算力概念",39.19,-19.65,89.68,【低市值】【亏损】【高流通】,1,1
300639.SZ,300639.SZ,300639,凯普生物,CN,"AI制药（医疗）,AI智能体,人工智能",39.18,-350.24,98.25,【低市值】【亏损】【高流通】,1,1
688207.SH,688207.SH,688207,格灵深瞳,CN,"人工智能,华为概念,无人驾驶,机器人概念",39.05,-23.97,100.0,【低市值】【亏损】【高流通】,1,1
301299.SZ,301299.SZ,301299,卓创资讯,CN,"AI应用,信创,华为概念,鸿蒙概念",39.0,52.33,73.82,【低市值】,0,1
301552.SZ,301552.SZ,301552,科力装备,CN,"华为概念,华为汽车,无人驾驶",38.97,38.62,25.0,【低市值】【低流通】,0,1
002786.SZ,002786.SZ,002786,银宝山新,CN,"华为概念,机器人概念",38.86,67.6,99.7,【低市值】【高流通】,0,1
301399.SZ,301399.SZ,301399,英特科技,CN,液冷概念,38.85,-346.98,29.56,【低市值】【亏损】【低流通】,1,1
300810.SZ,300810.SZ,300810,中科海讯,CN,"人工智能,国产芯片,数据中心,机器人概念",38.84,-69.3,96.57,【低市值】【亏损】【高流通】,1,1
002646.SZ,002646.SZ,002646,天佑德酒,CN,AI智能体,38.76,19.99,99.32,【低市值】【低PE】【高流通】,0,1
688551.SH,688551.SH,688551,科威尔,CN,华为概念,38.69,132.57,100.0,【低市值】【高流通】,0,1
688571.SH,688571.SH,688571,杭华股份,CN,PCB,38.68,34.57,100.0,【低市值】【高流通】,0,1
301121.SZ,301121.SZ,301121,紫建电子,CN,"AI眼镜,华为概念",38.51,-221.07,51.19,【低市值】【亏损】,1,1
300279.SZ,300279.SZ,300279,和晶科技,CN,"华为汽车,机器人概念",38.49,93.56,99.56,【低市值】【高流通】,0,1
603519.SH,603519.SH,603519,立霸股份,CN,国产芯片,38.46,28.44,100.0,【低市值】【高流通】,0,1
603324.SH,603324.SH,603324,盛剑科技,CN,华为概念,38.43,-36.79,100.0,【低市值】【亏损】【高流通】,1,1
300650.SZ,300650.SZ,300650,太龙股份,CN,"华为概念,存储芯片",38.43,125.14,70.56,【低市值】,0,1
300901.SZ,300901.SZ,300901,中胤时尚,CN,AIGC概念,38.42,1304.65,100.0,【低市值】【高流通】,0,1
301459.SZ,301459.SZ,301459,丰茂股份,CN,机器人概念,38.36,44.21,25.07,【低市值】【低流通】,0,1
600834.SH,600834.SH,600834,申通地铁,CN,无人驾驶,38.29,234.45,100.0,【低市值】【高流通】,0,1
300214.SZ,300214.SZ,300214,日科化学,CN,"数据中心,液冷概念",38.26,460.39,100.0,【低市值】【高流通】,0,1
688229.SH,688229.SH,688229,博睿数据,CN,"AI应用,人工智能,信创,华为概念",38.22,-82.1,100.0,【低市值】【亏损】【高流通】,1,1
002849.SZ,002849.SZ,002849,威星智能,CN,华为概念,38.17,37.49,99.19,【低市值】【高流通】,0,1
300600.SZ,300600.SZ,300600,国瑞科技,CN,机器人概念,38.16,-227.41,100.0,【低市值】【亏损】【高流通】,1,1
300807.SZ,300807.SZ,300807,天迈科技,CN,"人工智能,数据中心,无人驾驶",38.12,-109.12,76.34,【低市值】【亏损】,1,1
002663.SZ,002663.SZ,002663,普邦股份,CN,华为概念,38.09,-159.85,99.06,【低市值】【亏损】【高流通】,1,1
603008.SH,603008.SH,603008,ST喜临门,CN,人工智能,38.01,-26.49,100.0,【低市值】【亏损】【高流通】,1,1
001229.SZ,001229.SZ,001229,魅视科技,CN,"AI应用,人工智能,信创",37.92,-202.29,51.42,【低市值】【亏损】,1,1
301302.SZ,301302.SZ,301302,华如科技,CN,"AI应用,人工智能,机器人概念",37.88,-57.18,89.17,【低市值】【亏损】【高流通】,1,1
301279.SZ,301279.SZ,301279,金道科技,CN,机器人执行器,37.86,62.01,77.45,【低市值】,0,1
603051.SH,603051.SH,603051,鹿山新材,CN,人形机器人,37.85,47.34,100.0,【低市值】【高流通】,0,1
920002.BJ,920002.BJ,920002,万达轴承,CN,机器人概念,37.8,61.74,70.01,【低市值】,0,1
603788.SH,603788.SH,603788,宁波高发,CN,华为汽车,37.65,20.06,100.0,【低市值】【高流通】,0,1
002403.SZ,002403.SZ,002403,爱仕达,CN,机器人概念,37.61,-89.68,87.24,【低市值】【亏损】【高流通】,1,1
002141.SZ,002141.SZ,002141,贤丰控股,CN,PCB,37.6,94.52,100.0,【低市值】【高流通】,0,1
301598.SZ,301598.SZ,301598,博科测试,CN,无人驾驶,37.55,53.1,29.79,【低市值】【低流通】,0,1
300345.SZ,300345.SZ,300345,华民股份,CN,"华为概念,机器人概念",37.38,-15.42,82.62,【低市值】【亏损】【高流通】,1,1
002689.SZ,002689.SZ,002689,ST远智,CN,"人工智能,机器人概念",37.35,-30.03,99.96,【低市值】【亏损】【高流通】,1,1
002869.SZ,002869.SZ,002869,金溢科技,CN,"人工智能,华为概念,无人驾驶,鸿蒙概念",37.31,-36.99,89.04,【低市值】【亏损】【高流通】,1,1
300998.SZ,300998.SZ,300998,宁波方正,CN,机器人概念,37.19,375.66,78.5,【低市值】,0,1
002723.SZ,002723.SZ,002723,小崧股份,CN,液冷概念,37.12,-30.89,95.4,【低市值】【亏损】【高流通】,1,1
920839.BJ,920839.BJ,920839,万通液压,CN,机器人概念,37.09,35.75,55.03,【低市值】,0,1
603280.SH,603280.SH,603280,南方路机,CN,"人工智能,机器人概念",36.94,82.36,25.77,【低市值】【低流通】,0,1
688286.SH,688286.SH,688286,敏芯股份,CN,"AI眼镜,人工智能,国产芯片",36.93,-89.11,100.0,【低市值】【亏损】【高流通】,1,1
301313.SZ,301313.SZ,301313,凡拓数创,CN,"AIGC概念,人工智能",36.88,-36.68,75.93,【低市值】【亏损】,1,1
601956.SH,601956.SH,601956,东贝集团,CN,人形机器人,36.86,-54.88,100.0,【低市值】【亏损】【高流通】,1,1
300546.SZ,300546.SZ,300546,雄帝科技,CN,"人工智能,信创",36.84,-41.97,71.75,【低市值】【亏损】,1,1
301129.SZ,301129.SZ,301129,瑞纳智能,CN,"AI应用,AI智能体,人工智能",36.83,-42.95,48.77,【低市值】【亏损】,1,1
603648.SH,603648.SH,603648,畅联股份,CN,机器人概念,36.82,27.67,100.0,【低市值】【高流通】,0,1
300780.SZ,300780.SZ,300780,德恩精工,CN,机器人概念,36.78,-85.93,73.32,【低市值】【亏损】,1,1
603037.SH,603037.SH,603037,凯众股份,CN,无人驾驶,36.73,96.4,99.71,【低市值】【高流通】,0,1
002337.SZ,002337.SZ,002337,赛象科技,CN,机器人概念,36.73,123.19,99.89,【低市值】【高流通】,0,1
603313.SH,603313.SH,603313,梦百合,CN,鸿蒙概念,36.63,-24.03,100.0,【低市值】【亏损】【高流通】,1,1
300165.SZ,300165.SZ,300165,天瑞仪器,CN,华为概念,36.62,72.83,84.87,【低市值】【高流通】,0,1
603458.SH,603458.SH,603458,勘设股份,CN,无人驾驶,36.61,-57.37,100.0,【低市值】【亏损】【高流通】,1,1
920953.BJ,920953.BJ,920953,国子软件,CN,"AI应用,人工智能,信创",36.56,724.43,46.74,【低市值】,0,1
300375.SZ,300375.SZ,300375,鹏翎股份,CN,华为汽车,36.54,241.34,69.53,【低市值】,0,1
603656.SH,603656.SH,603656,泰禾智能,CN,"人工智能,机器人概念",36.52,162.66,100.0,【低市值】【高流通】,0,1
300311.SZ,300311.SZ,300311,ST任子行,CN,人工智能,36.51,-35.99,79.78,【低市值】【亏损】,1,1
002599.SZ,002599.SZ,002599,盛通股份,CN,"AI应用,人工智能,智谱AI概念,机器人概念,鸿蒙概念",36.49,-117.06,74.71,【低市值】【亏损】,1,1
301178.SZ,301178.SZ,301178,天亿马,CN,"人工智能,信创,华为概念,数据中心,算力概念,鸿蒙概念",36.47,1002.82,74.01,【低市值】,0,1
300410.SZ,300410.SZ,300410,正业科技,CN,"PCB,机器人概念",36.42,71.13,100.0,【低市值】【高流通】,0,1
002908.SZ,002908.SZ,002908,德生科技,CN,"AI应用,AI语料,人工智能,华为概念,鸿蒙概念",36.37,-94.26,74.6,【低市值】【亏损】,1,1
300941.SZ,300941.SZ,300941,创识科技,CN,"人工智能,信创,鸿蒙概念",36.36,3998.58,60.45,【低市值】,0,1
920020.BJ,920020.BJ,920020,泰凯英,CN,无人驾驶,36.35,22.18,24.5,【低市值】【低流通】,0,1
688152.SH,688152.SH,688152,麒麟信安,CN,"信创,华为欧拉",36.29,-105.16,100.0,【低市值】【亏损】【高流通】,1,1
301027.SZ,301027.SZ,301027,华蓝集团,CN,"AIGC概念,人工智能",36.29,-110.75,82.44,【低市值】【亏损】【高流通】,1,1
600678.SH,600678.SH,600678,ST金顶,CN,"无人驾驶,机器人概念",36.23,488.89,100.0,【低市值】【高流通】,0,1
688592.SH,688592.SH,688592,司南导航,CN,"国产芯片,无人驾驶",36.21,-125.19,47.88,【低市值】【亏损】,1,1
688768.SH,688768.SH,688768,容知日新,CN,"人工智能,多模态AI,机器人概念",36.11,-39.54,99.18,【低市值】【亏损】【高流通】,1,1
001230.SZ,001230.SZ,001230,劲旅环境,CN,"人工智能,数据中心,无人驾驶,机器人概念",36.08,21.3,58.57,【低市值】,0,1
002933.SZ,002933.SZ,002933,新兴装备,CN,"人形机器人,机器人执行器,机器人概念",36.05,-406.07,99.48,【低市值】【亏损】【高流通】,1,1
920100.BJ,920100.BJ,920100,三协电机,CN,"人形机器人,机器人概念",36.04,55.67,26.51,【低市值】【低流通】,0,1
300828.SZ,300828.SZ,300828,锐新科技,CN,机器人概念,35.98,140.01,50.7,【低市值】,0,1
002313.SZ,002313.SZ,002313,日海智能,CN,"人工智能,数据中心,无人驾驶,液冷概念,算力概念",35.98,91.23,99.99,【低市值】【高流通】,0,1
002614.SZ,002614.SZ,002614,奥佳华,CN,"人工智能,华为概念,鸿蒙概念",35.93,-13.58,70.75,【低市值】【亏损】,1,1
688391.SH,688391.SH,688391,钜泉科技,CN,国产芯片,35.86,229.84,100.0,【低市值】【高流通】,0,1
002055.SZ,002055.SZ,002055,ST得润,CN,"PCB,华为概念,无人驾驶",35.85,35.48,98.26,【低市值】【高流通】,0,1
688557.SH,688557.SH,688557,兰剑智能,CN,"人工智能,机器人概念",35.81,279.13,100.0,【低市值】【高流通】,0,1
300365.SZ,300365.SZ,300365,恒华科技,CN,"人工智能,华为概念,数据中心",35.69,-68.55,85.31,【低市值】【亏损】【高流通】,1,1
300105.SZ,300105.SZ,300105,龙源技术,CN,华为概念,35.64,73.3,99.93,【低市值】【高流通】,0,1
688292.SH,688292.SH,688292,浩瀚深度,CN,"AIGC概念,AI智能体,人工智能,华为昇腾,华为欧拉,多模态AI,无人驾驶",35.57,-31.86,100.0,【低市值】【亏损】【高流通】,1,1
003038.SZ,003038.SZ,003038,鑫铂股份,CN,机器人概念,35.57,-112.03,66.99,【低市值】【亏损】,1,1
300235.SZ,300235.SZ,300235,方直科技,CN,"AI应用,人工智能,华为概念",35.47,426.93,80.69,【低市值】【高流通】,0,1
603633.SH,603633.SH,603633,徕木股份,CN,"人工智能,华为概念,无人驾驶,机器人概念",35.34,-24.67,100.0,【低市值】【亏损】【高流通】,1,1
000710.SZ,000710.SZ,000710,贝瑞基因,CN,"AI制药（医疗）,AI应用,人工智能",35.32,-44.73,93.21,【低市值】【亏损】【高流通】,1,1
002398.SZ,002398.SZ,002398,垒知集团,CN,"AIGC概念,人工智能,数据中心",35.32,31.36,87.32,【低市值】【高流通】,0,1
300736.SZ,300736.SZ,300736,百邦科技,CN,华为概念,35.31,-187.65,97.48,【低市值】【亏损】【高流通】,1,1
603190.SH,603190.SH,603190,亚通精工,CN,无人驾驶,35.28,17.66,33.01,【低市值】【低PE】,0,1
920491.BJ,920491.BJ,920491,XD奥迪威,CN,"人形机器人,国产芯片,无人驾驶,机器人概念,液冷概念",35.19,66.68,81.88,【低市值】【高流通】,0,1
688216.SH,688216.SH,688216,气派科技,CN,国产芯片,35.17,-236.05,92.73,【低市值】【亏损】【高流通】,1,1
688358.SH,688358.SH,688358,祥生医疗,CN,"AI应用,人工智能",35.16,19.1,99.87,【低市值】【低PE】【高流通】,0,1
002175.SZ,002175.SZ,002175,*ST东智,CN,国产芯片,35.11,-416.11,100.0,【低市值】【亏损】【高流通】,1,1
688500.SH,688500.SH,688500,慧辰股份,CN,"AIGC概念,AI应用,AI智能体,AI语料,人工智能,华为概念,数据中心,算力概念",35.11,-31.85,97.37,【低市值】【亏损】【高流通】,1,1
300275.SZ,300275.SZ,300275,梅安森,CN,"人工智能,华为概念",35.08,79.03,88.14,【低市值】【高流通】,0,1
300148.SZ,300148.SZ,300148,天舟文化,CN,人工智能,35.08,87.1,96.56,【低市值】【高流通】,0,1
301066.SZ,301066.SZ,301066,万事利,CN,"AIGC概念,AI智能体,人工智能",35.05,58.77,99.23,【低市值】【高流通】,0,1
002363.SZ,002363.SZ,002363,隆基机械,CN,"华为汽车,无人驾驶",35.02,49.93,99.73,【低市值】【高流通】,0,1
301278.SZ,301278.SZ,301278,快可电子,CN,机器人概念,34.91,154.69,57.3,【低市值】,0,1
002722.SZ,002722.SZ,002722,物产金轮,CN,"AIGC概念,人工智能",34.91,21.17,99.99,【低市值】【高流通】,0,1
603030.SH,603030.SH,603030,全筑股份,CN,"人工智能,机器人概念",34.9,388.21,100.0,【低市值】【高流通】,0,1
301380.SZ,301380.SZ,301380,挖金客,CN,"AI应用,人工智能,信创,华为概念",34.86,77.0,79.63,【低市值】,0,1
001368.SZ,001368.SZ,001368,通达创智,CN,人工智能,34.8,26.96,95.06,【低市值】【高流通】,0,1
688509.SH,688509.SH,688509,正元地信,CN,"人工智能,信创,华为概念",34.73,-26.7,49.97,【低市值】【亏损】,1,1
002879.SZ,002879.SZ,002879,长缆科技,CN,液冷概念,34.72,640.59,71.39,【低市值】,0,1
920806.BJ,920806.BJ,920806,云星宇,CN,无人驾驶,34.55,47.26,100.0,【低市值】【高流通】,0,1
688057.SH,688057.SH,688057,金达莱,CN,机器人概念,34.42,63.8,100.0,【低市值】【高流通】,0,1
300753.SZ,300753.SZ,300753,爱朋医疗,CN,"人工智能,机器人概念",34.39,-195.78,69.73,【低市值】【亏损】,1,1
603215.SH,603215.SH,603215,比依股份,CN,AI眼镜,34.37,-52.05,99.62,【低市值】【亏损】【高流通】,1,1
688657.SH,688657.SH,688657,浩辰软件,CN,"信创,鸿蒙概念",34.33,201.69,62.65,【低市值】,0,1
688435.SH,688435.SH,688435,英方软件,CN,信创,34.26,-71.56,67.12,【低市值】【亏损】,1,1
603066.SH,603066.SH,603066,音飞储存,CN,"人工智能,华为概念,机器人概念",34.12,6.84,100.0,【低市值】【低PE】【高流通】,0,1
300479.SZ,300479.SZ,300479,神思电子,CN,"AI应用,AI智能体,人工智能,信创,华为昇腾,华为概念,机器人概念",34.11,-24.57,99.94,【低市值】【亏损】【高流通】,1,1
300366.SZ,300366.SZ,300366,ST创意,CN,"AI智能体,人工智能,信创,华为昇腾,华为概念,华为欧拉,数据中心",34.09,-15.99,87.31,【低市值】【亏损】【高流通】,1,1
002547.SZ,002547.SZ,002547,*ST春兴,CN,"华为概念,机器人概念",34.07,-17.01,97.94,【低市值】【亏损】【高流通】,1,1
002425.SZ,002425.SZ,002425,凯撒文化,CN,人工智能,34.06,71.82,96.19,【低市值】【高流通】,0,1
300659.SZ,300659.SZ,300659,中孚信息,CN,"人工智能,信创,国产芯片",34.06,-10.7,72.67,【低市值】【亏损】,1,1
920225.BJ,920225.BJ,920225,利通科技,CN,"数据中心,液冷概念",34.04,89.62,65.22,【低市值】,0,1
300306.SZ,300306.SZ,300306,远方信息,CN,"人工智能,华为概念",34.02,82.29,58.6,【低市值】,0,1
002835.SZ,002835.SZ,002835,同为股份,CN,人工智能,34.0,30.63,57.99,【低市值】,0,1
300956.SZ,300956.SZ,300956,英力股份,CN,AIPC,33.95,-149.38,97.69,【低市值】【亏损】【高流通】,1,1
301318.SZ,301318.SZ,301318,维海德,CN,"AI应用,人工智能,信创",33.91,216.33,65.62,【低市值】,0,1
002682.SZ,002682.SZ,002682,龙洲股份,CN,"人工智能,机器人概念",33.8,-18.35,100.0,【低市值】【亏损】【高流通】,1,1
001319.SZ,001319.SZ,001319,铭科精技,CN,"人形机器人,华为汽车",33.77,36.4,57.99,【低市值】,0,1
300509.SZ,300509.SZ,300509,新美星,CN,机器人概念,33.76,33.41,83.37,【低市值】【高流通】,0,1
002729.SZ,002729.SZ,002729,好利科技,CN,数据中心,33.7,87.81,95.9,【低市值】【高流通】,0,1
603956.SH,603956.SH,603956,威派格,CN,"AI应用,AI智能体,人工智能,信创,华为概念,机器人概念",33.62,-14.48,100.0,【低市值】【亏损】【高流通】,1,1
688316.SH,688316.SH,688316,青云科技-U,CN,"信创,华为概念,算力概念",33.48,-61.01,100.0,【低市值】【亏损】【高流通】,1,1
688589.SH,688589.SH,688589,力合微,CN,"人工智能,国产芯片,算力概念,鸿蒙概念",33.47,-226.66,100.0,【低市值】【亏损】【高流通】,1,1
002863.SZ,002863.SZ,002863,今飞凯达,CN,机器人概念,33.45,28.44,100.0,【低市值】【高流通】,0,1
301270.SZ,301270.SZ,301270,汉仪股份,CN,"AIGC概念,AI应用,人工智能,华为概念,鸿蒙概念",33.34,-456.09,94.49,【低市值】【亏损】【高流通】,1,1
688255.SH,688255.SH,688255,凯尔达,CN,"人形机器人,机器人概念",33.33,75.56,100.0,【低市值】【高流通】,0,1
688529.SH,688529.SH,688529,豪森智能,CN,"人工智能,人形机器人,机器人概念",33.18,-8.81,100.0,【低市值】【亏损】【高流通】,1,1
300218.SZ,300218.SZ,300218,安利股份,CN,"AI手机,华为概念",33.16,147.93,99.67,【低市值】【高流通】,0,1
920078.BJ,920078.BJ,920078,族兴新材,CN,华为汽车,33.13,87.23,17.25,【低市值】【低流通】,0,1
300560.SZ,300560.SZ,300560,中富通,CN,"AI眼镜,华为概念,算力概念,虚拟机器人",33.11,102.39,81.38,【低市值】【高流通】,0,1
603189.SH,603189.SH,603189,网达软件,CN,"AIGC概念,人工智能,信创,华为概念,多模态AI,鸿蒙概念",33.05,-163.67,100.0,【低市值】【亏损】【高流通】,1,1
002972.SZ,002972.SZ,002972,科安达,CN,"人工智能,信创",33.04,22.15,54.73,【低市值】,0,1
600302.SH,600302.SH,600302,标准股份,CN,机器人概念,33.01,-40.02,100.0,【低市值】【亏损】【高流通】,1,1
688080.SH,688080.SH,688080,映翰通,CN,"AI智能体,机器人概念",32.98,88.71,100.0,【低市值】【高流通】,0,1
300721.SZ,300721.SZ,300721,怡达股份,CN,国产芯片,32.97,191.26,83.93,【低市值】【高流通】,0,1
300884.SZ,300884.SZ,300884,狄耐克,CN,"人工智能,华为概念,机器人概念,鸿蒙概念",32.93,-421.83,75.4,【低市值】【亏损】,1,1
300824.SZ,300824.SZ,300824,北鼎股份,CN,国产芯片,32.93,25.13,96.99,【低市值】【高流通】,0,1
605189.SH,605189.SH,605189,富春染织,CN,"人形机器人,机器人执行器",32.9,11.22,100.0,【低市值】【低PE】【高流通】,0,1
301125.SZ,301125.SZ,301125,腾亚精工,CN,机器人概念,32.86,-39.56,88.65,【低市值】【亏损】【高流通】,1,1
688130.SH,688130.SH,688130,晶华微,CN,国产芯片,32.76,-185.7,49.87,【低市值】【亏损】,1,1
300844.SZ,300844.SZ,300844,山水比德,CN,"AIGC概念,人工智能",32.75,-20.92,96.4,【低市值】【亏损】【高流通】,1,1
300789.SZ,300789.SZ,300789,唐源电气,CN,"AI智能体,人工智能,数据中心,无人驾驶,机器人概念",32.73,57.28,59.32,【低市值】,0,1
301533.SZ,301533.SZ,301533,威马农机,CN,无人驾驶,32.57,100.54,28.93,【低市值】【低流通】,0,1
300795.SZ,300795.SZ,300795,米奥会展,CN,"AI智能体,AI眼镜",32.55,-32.96,58.21,【低市值】【亏损】,1,1
300902.SZ,300902.SZ,300902,国安达,CN,机器人概念,32.54,-119.37,68.64,【低市值】【亏损】,1,1
301428.SZ,301428.SZ,301428,世纪恒通,CN,"AI智能体,人工智能,华为概念,无人驾驶,鸿蒙概念",32.51,49.31,62.02,【低市值】,0,1
600560.SH,600560.SH,600560,金自天正,CN,人工智能,32.5,128.08,100.0,【低市值】【高流通】,0,1
688051.SH,688051.SH,688051,佳华科技,CN,"人工智能,华为概念,数据中心",32.5,-40.03,100.0,【低市值】【亏损】【高流通】,1,1
301023.SZ,301023.SZ,301023,奕帆传动,CN,"人形机器人,机器人执行器,机器人概念",32.45,61.8,55.7,【低市值】,0,1
300730.SZ,300730.SZ,300730,科创信息,CN,"人工智能,信创,华为概念,数据中心",32.43,-63.97,85.74,【低市值】【亏损】【高流通】,1,1
300703.SZ,300703.SZ,300703,创源股份,CN,AIGC概念,32.34,-42.22,92.17,【低市值】【亏损】【高流通】,1,1
300647.SZ,300647.SZ,300647,超频三,CN,"AI手机,液冷概念",32.33,92.74,99.85,【低市值】【高流通】,0,1
300977.SZ,300977.SZ,300977,深圳瑞捷,CN,"AI应用,人工智能,数据中心",32.15,-232.17,62.28,【低市值】【亏损】,1,1
600405.SH,600405.SH,600405,动力源,CN,"华为概念,数据中心",32.11,-22.81,99.56,【低市值】【亏损】【高流通】,1,1
301378.SZ,301378.SZ,301378,通达海,CN,"AI应用,人工智能,信创,华为概念",32.06,-19.52,47.53,【低市值】【亏损】,1,1
603721.SH,603721.SH,603721,*ST天择,CN,"AI语料,人工智能",32.02,-106.17,100.0,【低市值】【亏损】【高流通】,1,1
603330.SH,603330.SH,603330,天洋新材,CN,华为概念,32.02,237.43,94.0,【低市值】【高流通】,0,1
603089.SH,603089.SH,603089,正裕工业,CN,机器人概念,31.96,-44.68,87.06,【低市值】【亏损】【高流通】,1,1
002659.SZ,002659.SZ,002659,凯文教育,CN,"人工智能,华为概念,智谱AI概念",31.95,4140.05,100.0,【低市值】【高流通】,0,1
301320.SZ,301320.SZ,301320,豪江智能,CN,"PCB,人工智能,机器人概念,鸿蒙概念",31.92,386.25,37.48,【低市值】,0,1
688272.SH,688272.SH,688272,富吉瑞,CN,无人驾驶,31.92,-59.36,100.0,【低市值】【亏损】【高流通】,1,1
301052.SZ,301052.SZ,301052,果麦文化,CN,"AI应用,AI语料",31.9,-96.94,81.04,【低市值】【亏损】【高流通】,1,1
920720.BJ,920720.BJ,920720,吉冈精密,CN,华为汽车,31.87,78.66,27.94,【低市值】【低流通】,0,1
300989.SZ,300989.SZ,300989,蕾奥规划,CN,算力概念,31.83,-26.9,77.24,【低市值】【亏损】,1,1
301067.SZ,301067.SZ,301067,显盈科技,CN,AI眼镜,31.76,-127.01,65.64,【低市值】【亏损】,1,1
002813.SZ,002813.SZ,002813,路畅科技,CN,无人驾驶,31.75,-42.97,99.88,【低市值】【亏损】【高流通】,1,1
300565.SZ,300565.SZ,300565,科信技术,CN,数据中心,31.74,-52.32,91.39,【低市值】【亏损】【高流通】,1,1
301041.SZ,301041.SZ,301041,金百泽,CN,"PCB,机器人概念",31.74,-4433.6,74.03,【低市值】【亏损】,1,1
300359.SZ,300359.SZ,300359,全通教育,CN,华为概念,31.67,-38.95,99.99,【低市值】【亏损】【高流通】,1,1
688251.SH,688251.SH,688251,井松智能,CN,"人工智能,人形机器人,无人驾驶,机器人概念",31.66,-45.32,99.31,【低市值】【亏损】【高流通】,1,1
002542.SZ,002542.SZ,002542,*ST中岩,CN,"国产芯片,数据中心",31.61,-18.74,97.38,【低市值】【亏损】【高流通】,1,1
300335.SZ,300335.SZ,300335,迪森股份,CN,人工智能,31.48,48.98,80.53,【低市值】【高流通】,0,1
300173.SZ,300173.SZ,300173,ST福能,CN,"华为概念,数据中心",31.45,-30.77,100.0,【低市值】【亏损】【高流通】,1,1
301103.SZ,301103.SZ,301103,何氏眼科,CN,人工智能,31.37,23.99,76.97,【低市值】,0,1
920208.BJ,920208.BJ,920208,青矩技术,CN,"数据中心,虚拟机器人",31.27,44.3,76.14,【低市值】,0,1
600215.SH,600215.SH,600215,派斯林,CN,机器人概念,31.25,-34.75,100.0,【低市值】【亏损】【高流通】,1,1
300562.SZ,300562.SZ,300562,乐心医疗,CN,"AI应用,人工智能,华为概念,国产芯片",31.24,24.35,74.54,【低市值】,0,1
301418.SZ,301418.SZ,301418,协昌科技,CN,国产芯片,31.23,91.99,40.14,【低市值】,0,1
300242.SZ,300242.SZ,300242,佳云科技,CN,华为概念,31.16,-130.02,100.0,【低市值】【亏损】【高流通】,1,1
300333.SZ,300333.SZ,300333,兆日科技,CN,"信创,国产芯片,鸿蒙概念",31.15,-175.28,99.64,【低市值】【亏损】【高流通】,1,1
002862.SZ,002862.SZ,002862,实丰文化,CN,"AIGC概念,AI智能体,人工智能,机器人概念",31.13,116.49,75.15,【低市值】,0,1
301083.SZ,301083.SZ,301083,百胜智能,CN,"人工智能,机器人概念",31.11,173.56,48.13,【低市值】,0,1
300644.SZ,300644.SZ,300644,南京聚隆,CN,人形机器人,31.1,30.11,80.06,【低市值】【高流通】,0,1
002767.SZ,002767.SZ,002767,先锋电子,CN,华为概念,31.08,2333.48,86.81,【低市值】【高流通】,0,1
300813.SZ,300813.SZ,300813,泰林生物,CN,机器人概念,31.06,160.44,62.75,【低市值】,0,1
002855.SZ,002855.SZ,002855,捷荣技术,CN,华为概念,31.0,-42.04,99.92,【低市值】【亏损】【高流通】,1,1
603042.SH,603042.SH,603042,华脉科技,CN,"人工智能,数据中心",30.99,-353.58,100.0,【低市值】【亏损】【高流通】,1,1
603895.SH,603895.SH,603895,天永智能,CN,"人工智能,华为汽车,机器人概念",30.99,148.42,100.0,【低市值】【高流通】,0,1
920021.BJ,920021.BJ,920021,流金科技,CN,"AI应用,AI智能体,人工智能",30.99,134.11,80.11,【低市值】【高流通】,0,1
002771.SZ,002771.SZ,002771,真视通,CN,"AI制药（医疗）,人工智能,信创,华为概念,数据中心,液冷概念,算力概念",30.96,-58.46,83.2,【低市值】【亏损】【高流通】,1,1
300097.SZ,300097.SZ,300097,智云股份,CN,华为概念,30.96,-46.09,93.57,【低市值】【亏损】【高流通】,1,1
300052.SZ,300052.SZ,300052,中青宝,CN,"华为概念,数据中心,算力概念",30.72,-53.51,100.0,【低市值】【亏损】【高流通】,1,1
603559.SH,603559.SH,603559,ST通脉,CN,"华为概念,数据中心",30.66,113.73,100.0,【低市值】【高流通】,0,1
688450.SH,688450.SH,688450,光格科技,CN,"人工智能,机器人概念",30.61,-169.26,74.14,【低市值】【亏损】,1,1
002576.SZ,002576.SZ,002576,通达动力,CN,机器人概念,30.59,34.9,98.14,【低市值】【高流通】,0,1
301577.SZ,301577.SZ,301577,美信科技,CN,"数据中心,机器人概念",30.57,-59.25,41.84,【低市值】【亏损】,1,1
300616.SZ,300616.SZ,300616,尚品宅配,CN,"AIGC概念,AI智能体",30.56,-7.87,69.13,【低市值】【亏损】,1,1
605258.SH,605258.SH,605258,协和电子,CN,PCB,30.56,149.47,100.0,【低市值】【高流通】,0,1
603602.SH,603602.SH,603602,纵横通信,CN,"AIGC概念,华为概念,算力概念",30.45,153.3,100.0,【低市值】【高流通】,0,1
920821.BJ,920821.BJ,920821,则成电子,CN,"AI眼镜,PCB",30.44,-280.25,52.65,【低市值】【亏损】,1,1
002861.SZ,002861.SZ,002861,瀛通通讯,CN,"AI眼镜,人工智能",30.44,-28.1,80.61,【低市值】【亏损】【高流通】,1,1
002712.SZ,002712.SZ,002712,思美传媒,CN,"AI应用,人工智能",30.37,232.66,99.38,【低市值】【高流通】,0,1
300800.SZ,300800.SZ,300800,力合科技,CN,AIGC概念,30.33,50.82,98.96,【低市值】【高流通】,0,1
603677.SH,603677.SH,603677,XD奇精机,CN,机器人概念,30.32,64.94,100.0,【低市值】【高流通】,0,1
300912.SZ,300912.SZ,300912,凯龙高科,CN,"人形机器人,机器人概念",30.21,74.69,74.8,【低市值】,0,1
002420.SZ,002420.SZ,002420,毅昌科技,CN,"人形机器人,华为汽车,机器人概念",30.11,40.4,97.15,【低市值】【高流通】,0,1
301159.SZ,301159.SZ,301159,三维天地,CN,"AI应用,AI智能体,人工智能,信创,华为概念,机器人概念",30.04,-48.91,68.54,【低市值】【亏损】,1,1
605069.SH,605069.SH,605069,正和生态,CN,智谱AI概念,30.04,-58.2,100.0,【低市值】【亏损】【高流通】,1,1
300826.SZ,300826.SZ,300826,测绘股份,CN,"华为概念,算力概念,鸿蒙概念",29.98,107.37,96.17,【低市值】【高流通】,0,1
002209.SZ,002209.SZ,002209,达 意 隆,CN,机器人概念,29.97,41.25,78.54,【低市值】,0,1
002806.SZ,002806.SZ,002806,华锋股份,CN,无人驾驶,29.92,-47.07,81.94,【低市值】【亏损】【高流通】,1,1
603725.SH,603725.SH,603725,天安新材,CN,机器人概念,29.91,38.6,94.03,【低市值】【高流通】,0,1
688030.SH,688030.SH,688030,山石网科,CN,华为概念,29.87,-21.65,100.0,【低市值】【亏损】【高流通】,1,1
300995.SZ,300995.SZ,300995,奇德新材,CN,人形机器人,29.85,108.66,71.35,【低市值】,0,1
300543.SZ,300543.SZ,300543,朗科智能,CN,机器人概念,29.81,-90.11,81.67,【低市值】【亏损】【高流通】,1,1
300536.SZ,300536.SZ,300536,农尚环境,CN,"国产芯片,算力概念",29.8,-50.56,99.99,【低市值】【亏损】【高流通】,1,1
688244.SH,688244.SH,688244,永信至诚,CN,"AI应用,人工智能,信创",29.8,-31.74,100.0,【低市值】【亏损】【高流通】,1,1
920533.BJ,920533.BJ,920533,骏创科技,CN,"人形机器人,无人驾驶,机器人概念",29.79,94.43,55.93,【低市值】,0,1
300538.SZ,300538.SZ,300538,同益股份,CN,"华为概念,国产芯片",29.73,89.63,66.51,【低市值】,0,1
003001.SZ,003001.SZ,003001,中岩大地,CN,人工智能,29.73,112.36,61.66,【低市值】,0,1
688619.SH,688619.SH,688619,罗普特,CN,"AI芯片,人工智能,信创,机器人概念",29.71,-74.26,100.0,【低市值】【亏损】【高流通】,1,1
300987.SZ,300987.SZ,300987,川网传媒,CN,"AIGC概念,人工智能",29.65,341.42,100.0,【低市值】【高流通】,0,1
301287.SZ,301287.SZ,301287,康力源,CN,"AI智能体,人工智能,机器人概念",29.65,85.56,25.55,【低市值】【低流通】,0,1
300195.SZ,300195.SZ,300195,长荣股份,CN,"人工智能,信创,数据中心,机器人概念",29.57,-22.28,74.08,【低市值】【亏损】,1,1
688651.SH,688651.SH,688651,盛邦安全,CN,"华为概念,国产芯片",29.41,-46.74,43.04,【低市值】【亏损】,1,1
300907.SZ,300907.SZ,300907,康平科技,CN,机器人概念,29.38,53.42,100.0,【低市值】【高流通】,0,1
002343.SZ,002343.SZ,002343,慈文传媒,CN,"AI眼镜,AI语料",29.37,-55.91,100.0,【低市值】【亏损】【高流通】,1,1
301337.SZ,301337.SZ,301337,亚华电子,CN,"机器人概念,鸿蒙概念",29.28,-83.39,42.5,【低市值】【亏损】,1,1
301022.SZ,301022.SZ,301022,海泰科,CN,"华为汽车,机器人概念",29.26,-136.24,67.53,【低市值】【亏损】,1,1
300025.SZ,300025.SZ,300025,华星创业,CN,华为概念,29.26,-156.04,99.58,【低市值】【亏损】【高流通】,1,1
002172.SZ,002172.SZ,002172,澳洋健康,CN,人工智能,29.17,139.3,99.92,【低市值】【高流通】,0,1
300992.SZ,300992.SZ,300992,泰福泵业,CN,液冷概念,29.17,-80.54,81.28,【低市值】【亏损】【高流通】,1,1
300449.SZ,300449.SZ,300449,汉邦高科,CN,华为概念,29.11,-98.14,100.0,【低市值】【亏损】【高流通】,1,1
688246.SH,688246.SH,688246,嘉和美康,CN,"AI制药（医疗）,AI应用,信创",28.89,-50.45,100.0,【低市值】【亏损】【高流通】,1,1
920005.BJ,920005.BJ,920005,鼎佳精密,CN,AI眼镜,28.84,55.48,25.9,【低市值】【低流通】,0,1
603161.SH,603161.SH,603161,科华控股,CN,华为汽车,28.79,45.86,98.12,【低市值】【高流通】,0,1
688022.SH,688022.SH,688022,瀚川智能,CN,"华为概念,无人驾驶",28.76,-532.97,100.0,【低市值】【亏损】【高流通】,1,1
002857.SZ,002857.SZ,002857,三晖电气,CN,机器人概念,28.74,-29.08,97.98,【低市值】【亏损】【高流通】,1,1
688060.SH,688060.SH,688060,云涌科技,CN,信创,28.67,-71.7,100.0,【低市值】【亏损】【高流通】,1,1
301503.SZ,301503.SZ,301503,智迪科技,CN,"AIPC,人工智能,国产芯片,数据中心,机器人概念",28.66,157.26,40.6,【低市值】,0,1
600265.SH,600265.SH,600265,*ST景谷,CN,算力概念,28.58,-681.49,100.0,【低市值】【亏损】【高流通】,1,1
001324.SZ,001324.SZ,001324,长青科技,CN,机器人概念,28.54,57.48,59.17,【低市值】,0,1
300513.SZ,300513.SZ,300513,恒实科技,CN,"华为概念,国产芯片,机器人概念",28.48,-26.86,91.58,【低市值】【亏损】【高流通】,1,1
603331.SH,603331.SH,603331,百达精工,CN,"人形机器人,机器人概念",28.47,1173.24,100.0,【低市值】【高流通】,0,1
301314.SZ,301314.SZ,301314,科瑞思,CN,机器人概念,28.45,695.96,33.04,【低市值】,0,1
301107.SZ,301107.SZ,301107,瑜欣电子,CN,机器人概念,28.44,62.87,57.82,【低市值】,0,1
603096.SH,603096.SH,603096,新经典,CN,华为概念,28.44,34.45,100.0,【低市值】【高流通】,0,1
300784.SZ,300784.SZ,300784,利安科技,CN,机器人概念,28.38,90.99,29.9,【低市值】【低流通】,0,1
301578.SZ,301578.SZ,301578,辰奕智能,CN,"华为概念,鸿蒙概念",28.3,-161.31,28.43,【低市值】【亏损】【低流通】,1,1
300845.SZ,300845.SZ,300845,捷安高科,CN,人工智能,28.23,-50.66,69.92,【低市值】【亏损】,1,1
002949.SZ,002949.SZ,002949,华阳国际,CN,人工智能,28.21,157.88,77.47,【低市值】,0,1
688071.SH,688071.SH,688071,华依科技,CN,"人形机器人,无人驾驶,机器人概念",28.18,521.59,100.0,【低市值】【高流通】,0,1
688597.SH,688597.SH,688597,煜邦电力,CN,机器人概念,28.09,-31.3,100.0,【低市值】【亏损】【高流通】,1,1
300155.SZ,300155.SZ,300155,安居宝,CN,人工智能,28.06,-82.34,58.7,【低市值】【亏损】,1,1
002858.SZ,002858.SZ,002858,力盛体育,CN,"人工智能,多模态AI",28.03,116.17,89.93,【低市值】【高流通】,0,1
300020.SZ,300020.SZ,300020,ST银江,CN,"人工智能,华为概念,无人驾驶,机器人概念,算力概念",27.97,-9.83,96.46,【低市值】【亏损】【高流通】,1,1
688369.SH,688369.SH,688369,致远互联,CN,"人工智能,信创,华为概念",27.95,-10.75,100.0,【低市值】【亏损】【高流通】,1,1
000826.SZ,000826.SZ,000826,*ST启环,CN,"人工智能,无人驾驶",27.94,-3.85,99.99,【低市值】【亏损】【高流通】,1,1
920510.BJ,920510.BJ,920510,丰光精密,CN,"人形机器人,机器人概念",27.91,-711.76,50.97,【低市值】【亏损】,1,1
300732.SZ,300732.SZ,300732,设研院,CN,"人工智能,数据中心",27.75,-101.8,99.89,【低市值】【亏损】【高流通】,1,1
603982.SH,603982.SH,603982,泉峰汽车,CN,"华为概念,华为汽车",27.75,-6.55,93.0,【低市值】【亏损】【高流通】,1,1
301185.SZ,301185.SZ,301185,鸥玛软件,CN,"AI应用,人工智能,数据中心",27.75,181.31,90.39,【低市值】【高流通】,0,1
920010.BJ,920010.BJ,920010,凯添燃气,CN,"数据中心,算力概念",27.74,73.7,73.99,【低市值】,0,1
688113.SH,688113.SH,688113,联测科技,CN,华为汽车,27.71,24.39,100.0,【低市值】【高流通】,0,1
002388.SZ,002388.SZ,002388,新亚制程,CN,华为概念,27.68,150.65,99.11,【低市值】【高流通】,0,1
920026.BJ,920026.BJ,920026,卓兆点胶,CN,"AI眼镜,机器人概念",27.59,166.3,45.34,【低市值】,0,1
600831.SH,600831.SH,600831,广电网络,CN,"华为概念,数据中心,算力概念",27.44,-3.65,100.0,【低市值】【亏损】【高流通】,1,1
301135.SZ,301135.SZ,301135,瑞德智能,CN,"人工智能,机器人概念",27.43,-189.2,78.27,【低市值】【亏损】,1,1
300612.SZ,300612.SZ,300612,宣亚国际,CN,"AIGC概念,AI应用,AI智能体,人工智能,多模态AI",27.41,-34.77,99.68,【低市值】【亏损】【高流通】,1,1
688132.SH,688132.SH,688132,邦彦技术,CN,"AI应用,AI智能体",27.28,-15.72,100.0,【低市值】【亏损】【高流通】,1,1
300935.SZ,300935.SZ,300935,盈建科,CN,"AI应用,人工智能,信创",27.25,-26.88,75.86,【低市值】【亏损】,1,1
920961.BJ,920961.BJ,920961,创远信科,CN,"华为概念,无人驾驶,机器人概念",27.15,-76.75,72.77,【低市值】【亏损】,1,1
605186.SH,605186.SH,605186,健麾信息,CN,"机器人概念,鸿蒙概念",27.13,198.75,100.0,【低市值】【高流通】,0,1
003004.SZ,003004.SZ,003004,*ST声迅,CN,"人工智能,多模态AI",27.1,-201.01,83.97,【低市值】【亏损】【高流通】,1,1
300211.SZ,300211.SZ,300211,*ST亿通,CN,"人工智能,国产芯片",27.05,-57.05,98.21,【低市值】【亏损】【高流通】,1,1
300371.SZ,300371.SZ,300371,汇中股份,CN,华为概念,27.04,92.69,69.57,【低市值】,0,1
300555.SZ,300555.SZ,300555,ST路通,CN,人工智能,26.94,-94.09,98.99,【低市值】【亏损】【高流通】,1,1
301273.SZ,301273.SZ,301273,瑞晨环保,CN,AI芯片,26.93,-36.87,76.75,【低市值】【亏损】,1,1
301512.SZ,301512.SZ,301512,智信精密,CN,"PCB,机器人概念",26.83,-25.97,46.53,【低市值】【亏损】,1,1
300597.SZ,300597.SZ,300597,吉大通信,CN,数据中心,26.79,-127.43,99.56,【低市值】【亏损】【高流通】,1,1
600615.SH,600615.SH,600615,鑫源智造,CN,"华为汽车,机器人概念",26.78,-160.18,99.84,【低市值】【亏损】【高流通】,1,1
920223.BJ,920223.BJ,920223,荣亿精密,CN,液冷概念,26.74,-164.91,51.87,【低市值】【亏损】,1,1
300778.SZ,300778.SZ,300778,新城市,CN,华为概念,26.58,-39.04,99.97,【低市值】【亏损】【高流通】,1,1
603679.SH,603679.SH,603679,华体科技,CN,"AI应用,人工智能,华为概念,算力概念",26.56,-47.07,100.0,【低市值】【亏损】【高流通】,1,1
300387.SZ,300387.SZ,300387,富邦科技,CN,"人工智能,机器人概念",26.56,24.97,99.97,【低市值】【高流通】,0,1
300412.SZ,300412.SZ,300412,迦南科技,CN,机器人概念,26.53,-71.91,93.99,【低市值】【亏损】【高流通】,1,1
920207.BJ,920207.BJ,920207,众诚科技,CN,"AI应用,人工智能,信创,华为昇腾,华为概念",26.51,-203.86,61.08,【低市值】【亏损】,1,1
300947.SZ,300947.SZ,300947,德必集团,CN,人工智能,26.48,-346.16,99.96,【低市值】【亏损】【高流通】,1,1
300460.SZ,300460.SZ,300460,ST惠伦,CN,"AI眼镜,华为概念,华为海思,数据中心,机器人概念",26.37,-78.86,100.0,【低市值】【亏损】【高流通】,1,1
003032.SZ,003032.SZ,003032,*ST传智,CN,"华为概念,智谱AI概念,鸿蒙概念",26.32,451.32,70.69,【低市值】,0,1
920981.BJ,920981.BJ,920981,晶赛科技,CN,"华为概念,华为海思",26.3,165.36,48.79,【低市值】,0,1
300205.SZ,300205.SZ,300205,*ST天喻,CN,"人工智能,华为概念",26.28,-15.42,100.0,【低市值】【亏损】【高流通】,1,1
301024.SZ,301024.SZ,301024,霍普股份,CN,"人工智能,数据中心",26.23,-34.24,96.82,【低市值】【亏损】【高流通】,1,1
603261.SH,603261.SH,603261,*ST立航,CN,机器人概念,26.19,-53.95,100.0,【低市值】【亏损】【高流通】,1,1
000757.SZ,000757.SZ,000757,浩物股份,CN,"华为概念,华为汽车",26.05,78.69,100.0,【低市值】【高流通】,0,1
001387.SZ,001387.SZ,001387,雪祺电气,CN,PCB,25.99,55.25,62.24,【低市值】,0,1
300419.SZ,300419.SZ,300419,ST浩丰,CN,"人工智能,信创,华为概念",25.93,-71.65,100.0,【低市值】【亏损】【高流通】,1,1
603700.SH,603700.SH,603700,宁水集团,CN,华为概念,25.88,59.93,100.0,【低市值】【高流通】,0,1
920748.BJ,920748.BJ,920748,路桥信息,CN,"人工智能,多模态AI",25.83,-106.52,46.48,【低市值】【亏损】,1,1
300928.SZ,300928.SZ,300928,华安鑫创,CN,无人驾驶,25.82,-36.13,66.99,【低市值】【亏损】,1,1
001373.SZ,001373.SZ,001373,翔腾新材,CN,华为概念,25.76,-68.04,48.24,【低市值】【亏损】,1,1
300030.SZ,300030.SZ,300030,阳普医疗,CN,人工智能,25.72,29.66,88.05,【低市值】【高流通】,0,1
600228.SH,600228.SH,600228,*ST返利,CN,人工智能,25.71,-45.84,99.85,【低市值】【亏损】【高流通】,1,1
002963.SZ,002963.SZ,002963,豪尔赛,CN,国产芯片,25.71,-136.91,81.8,【低市值】【亏损】【高流通】,1,1
920914.BJ,920914.BJ,920914,远航精密,CN,华为概念,25.69,35.25,99.92,【低市值】【高流通】,0,1
600099.SH,600099.SH,600099,林海股份,CN,无人驾驶,25.64,154.0,100.0,【低市值】【高流通】,0,1
920592.BJ,920592.BJ,920592,华信永道,CN,"信创,智谱AI概念",25.43,-87.85,62.24,【低市值】【亏损】,1,1
603506.SH,603506.SH,603506,南都物业,CN,机器人概念,25.41,13.31,100.0,【低市值】【低PE】【高流通】,0,1
688118.SH,688118.SH,688118,普元信息,CN,"AI应用,信创,华为概念,华为欧拉",25.41,-22.25,100.0,【低市值】【亏损】【高流通】,1,1
603023.SH,603023.SH,603023,威帝股份,CN,无人驾驶,25.39,-201.03,100.0,【低市值】【亏损】【高流通】,1,1
301231.SZ,301231.SZ,301231,荣信文化,CN,"AI应用,AI智能体,AI语料,人工智能",25.32,-53.13,77.52,【低市值】【亏损】,1,1
002598.SZ,002598.SZ,002598,ST章鼓,CN,机器人概念,25.25,36.71,91.82,【低市值】【高流通】,0,1
301163.SZ,301163.SZ,301163,宏德股份,CN,机器人概念,25.21,186.56,67.07,【低市值】,0,1
002591.SZ,002591.SZ,002591,恒大高新,CN,"华为概念,算力概念",25.1,100.92,74.45,【低市值】,0,1
300245.SZ,300245.SZ,300245,ST天玑,CN,"信创,华为概念,数据中心,机器人概念",25.08,-35.22,99.78,【低市值】【亏损】【高流通】,1,1
300081.SZ,300081.SZ,300081,ST恒信,CN,"AIGC概念,人工智能,华为概念,算力概念",25.04,-14.66,99.98,【低市值】【亏损】【高流通】,1,1
688288.SH,688288.SH,688288,鸿泉技术,CN,"人工智能,无人驾驶",24.96,-81.37,100.0,【低市值】【亏损】【高流通】,1,1
688201.SH,688201.SH,688201,ST信安,CN,信创,24.96,-43.5,95.39,【低市值】【亏损】【高流通】,1,1
300514.SZ,300514.SZ,300514,友讯达,CN,"华为概念,国产芯片",24.94,-19.34,80.13,【低市值】【亏损】【高流通】,1,1
002717.SZ,002717.SZ,002717,*ST岭南,CN,华为概念,24.94,-4.67,94.41,【低市值】【亏损】【高流通】,1,1
920086.BJ,920086.BJ,920086,科马材料,CN,华为汽车,24.74,25.37,31.96,【低市值】,0,1
300823.SZ,300823.SZ,300823,建科智能,CN,机器人概念,24.64,42.74,64.73,【低市值】,0,1
002253.SZ,002253.SZ,002253,*ST智胜,CN,"人工智能,华为昇腾,华为概念",24.62,-34.28,93.05,【低市值】【亏损】【高流通】,1,1
688092.SH,688092.SH,688092,爱科科技,CN,人形机器人,24.51,103.88,100.0,【低市值】【高流通】,0,1
002514.SZ,002514.SZ,002514,宝馨科技,CN,"华为概念,机器人概念",24.48,-48.76,76.95,【低市值】【亏损】,1,1
003008.SZ,003008.SZ,003008,开普检测,CN,机器人概念,24.44,87.61,74.73,【低市值】,0,1
688638.SH,688638.SH,688638,誉辰智能,CN,"AI眼镜,机器人概念",24.42,-13.35,47.25,【低市值】【亏损】,1,1
300556.SZ,300556.SZ,300556,丝路视觉,CN,华为概念,24.4,52.0,89.26,【低市值】【高流通】,0,1
688038.SH,688038.SH,688038,中科通达,CN,"AI应用,人工智能,信创,华为概念,多模态AI",24.39,-263.23,100.0,【低市值】【亏损】【高流通】,1,1
300949.SZ,300949.SZ,300949,奥雅股份,CN,"AIGC概念,人工智能,算力概念",24.38,-211.62,57.17,【低市值】【亏损】,1,1
300112.SZ,300112.SZ,300112,万讯自控,CN,"人工智能,机器人概念",24.38,-106.35,81.87,【低市值】【亏损】【高流通】,1,1
301001.SZ,301001.SZ,301001,凯淳股份,CN,"AI应用,人工智能",24.31,1373.41,62.88,【低市值】,0,1
300549.SZ,300549.SZ,300549,优德精密,CN,机器人概念,24.28,881.52,75.79,【低市值】,0,1
300675.SZ,300675.SZ,300675,建科院,CN,数据中心,24.17,-30.81,100.0,【低市值】【亏损】【高流通】,1,1
688420.SH,688420.SH,688420,美腾科技,CN,人工智能,24.1,155.65,47.2,【低市值】,0,1
300961.SZ,300961.SZ,300961,深水海纳,CN,鸿蒙概念,24.06,-22.76,85.7,【低市值】【亏损】【高流通】,1,1
301131.SZ,301131.SZ,301131,聚赛龙,CN,"华为汽车,机器人概念",23.77,64.17,71.63,【低市值】,0,1
300645.SZ,300645.SZ,300645,正元智慧,CN,"AI应用,人工智能,华为概念,华为欧拉",23.59,-49.9,98.04,【低市值】【亏损】【高流通】,1,1
920190.BJ,920190.BJ,920190,雷神科技,CN,"AIPC,AI智能体,AI眼镜,人工智能,信创,多模态AI",23.45,39.99,99.44,【低市值】【高流通】,0,1
000856.SZ,000856.SZ,000856,冀东装备,CN,机器人概念,23.38,-42.47,100.0,【低市值】【亏损】【高流通】,1,1
688393.SH,688393.SH,688393,安必平,CN,AI制药（医疗）,23.02,-313.66,100.0,【低市值】【亏损】【高流通】,1,1
002524.SZ,002524.SZ,002524,光正眼科,CN,AI制药（医疗）,22.73,-148.14,99.11,【低市值】【亏损】【高流通】,1,1
300923.SZ,300923.SZ,300923,研奥股份,CN,无人驾驶,22.71,339.01,97.11,【低市值】【高流通】,0,1
920124.BJ,920124.BJ,920124,南特科技,CN,人形机器人,22.7,23.09,51.46,【低市值】,0,1
920579.BJ,920579.BJ,920579,机科股份,CN,"人工智能,机器人概念",22.66,-43.19,34.43,【低市值】【亏损】,1,1
301390.SZ,301390.SZ,301390,经纬股份,CN,"人工智能,华为概念",22.62,-130.93,51.99,【低市值】【亏损】,1,1
688058.SH,688058.SH,688058,宝兰德,CN,"AI应用,人工智能,信创,华为概念,华为欧拉",22.54,-16.33,100.0,【低市值】【亏损】【高流通】,1,1
002592.SZ,002592.SZ,002592,ST八菱,CN,"华为概念,华为汽车",22.5,23.24,92.72,【低市值】【高流通】,0,1
688466.SH,688466.SH,688466,金科环境,CN,AI智能体,22.43,241.5,100.0,【低市值】【高流通】,0,1
920199.BJ,920199.BJ,920199,倍益康,CN,"机器人概念,鸿蒙概念",22.43,1026.7,55.69,【低市值】,0,1
300472.SZ,300472.SZ,300472,*ST新元,CN,"AI眼镜,机器人概念,算力概念",22.35,-27.45,89.35,【低市值】【亏损】【高流通】,1,1
301336.SZ,301336.SZ,301336,趣睡科技,CN,人工智能,22.3,69.08,76.08,【低市值】,0,1
920693.BJ,920693.BJ,920693,阿为特,CN,液冷概念,22.25,1319.19,50.36,【低市值】,0,1
300167.SZ,300167.SZ,300167,ST迪威迅,CN,"人工智能,数据中心,算力概念",22.23,-25.22,90.94,【低市值】【亏损】【高流通】,1,1
920001.BJ,920001.BJ,920001,纬达光电,CN,AI眼镜,22.19,-100.43,57.72,【低市值】【亏损】,1,1
301139.SZ,301139.SZ,301139,元道通信,CN,"信创,华为概念,算力概念",21.96,697.08,62.65,【低市值】,0,1
920924.BJ,920924.BJ,920924,广脉科技,CN,"人工智能,华为概念,算力概念",21.93,137.97,60.93,【低市值】,0,1
002316.SZ,002316.SZ,002316,亚联发展,CN,"人工智能,华为昇腾,华为概念",21.78,381.19,86.69,【低市值】【高流通】,0,1
300605.SZ,300605.SZ,300605,恒锋信息,CN,"人工智能,数据中心",21.75,-39.41,76.53,【低市值】【亏损】,1,1
920564.BJ,920564.BJ,920564,天润科技,CN,"人工智能,华为概念",21.6,-29.85,46.0,【低市值】【亏损】,1,1
688695.SH,688695.SH,688695,中创股份,CN,信创,21.58,-52.19,62.78,【低市值】【亏损】,1,1
300169.SZ,300169.SZ,300169,天晟新材,CN,华为概念,21.06,-823.24,92.56,【低市值】【亏损】【高流通】,1,1
920662.BJ,920662.BJ,920662,方盛股份,CN,液冷概念,20.7,147.75,30.85,【低市值】,0,1
300635.SZ,300635.SZ,300635,中达安,CN,"AI智能体,人工智能,华为概念,数据中心,算力概念",20.64,346.0,86.0,【低市值】【高流通】,0,1
002789.SZ,002789.SZ,002789,*ST建艺,CN,人工智能,20.58,-9.68,98.03,【低市值】【亏损】【高流通】,1,1
920184.BJ,920184.BJ,920184,国源科技,CN,人工智能,20.58,325.97,67.39,【低市值】,0,1
920011.BJ,920011.BJ,920011,晨光电机,CN,机器人概念,20.58,32.37,22.5,【低市值】【低流通】,0,1
000056.SZ,000056.SZ,000056,*ST皇庭,CN,国产芯片,20.58,-15.92,76.42,【低市值】【亏损】,1,1
920171.BJ,920171.BJ,920171,志晟信息,CN,"AI应用,AI智能体",20.5,937.98,67.47,【低市值】,0,1
920689.BJ,920689.BJ,920689,克莱特,CN,数据中心,20.49,40.63,51.68,【低市值】,0,1
920080.BJ,920080.BJ,920080,奥美森,CN,"数据中心,机器人概念",20.47,23.12,27.68,【低市值】【低流通】,0,1
000909.SZ,000909.SZ,000909,*ST数源,CN,"人工智能,无人驾驶",20.4,-75.29,100.0,【低市值】【亏损】【高流通】,1,1
300500.SZ,300500.SZ,300500,启迪设计,CN,"人工智能,数据中心,算力概念",20.37,22.55,96.33,【低市值】【高流通】,0,1
920357.BJ,920357.BJ,920357,雅葆轩,CN,"PCB,华为汽车",20.34,24.51,55.59,【低市值】,0,1
920098.BJ,920098.BJ,920098,科隆新材,CN,"无人驾驶,液冷概念",20.05,60.97,68.1,【低市值】,0,1
688078.SH,688078.SH,688078,龙软科技,CN,"华为概念,机器人概念",19.86,-62.6,100.0,【低市值】【亏损】【高流通】,1,1
920701.BJ,920701.BJ,920701,豪声电子,CN,华为概念,19.81,180.27,73.04,【低市值】,0,1
688096.SH,688096.SH,688096,京源环保,CN,算力概念,19.78,-106.25,100.0,【低市值】【亏损】【高流通】,1,1
600636.SH,600636.SH,600636,*ST国化,CN,"人工智能,鸿蒙概念",19.78,-22.78,100.0,【低市值】【亏损】【高流通】,1,1
300405.SZ,300405.SZ,300405,科隆股份,CN,国产芯片,19.59,400.59,76.95,【低市值】,0,1
688067.SH,688067.SH,688067,爱威科技,CN,人工智能,19.31,65.01,100.0,【低市值】【高流通】,0,1
920699.BJ,920699.BJ,920699,海达尔,CN,华为概念,18.98,47.01,45.75,【低市值】,0,1
300929.SZ,300929.SZ,300929,华骐环保,CN,人工智能,18.75,-155.28,94.87,【低市值】【亏损】【高流通】,1,1
600476.SH,600476.SH,600476,*ST湘邮,CN,人工智能,18.62,177.17,100.0,【低市值】【高流通】,0,1
688004.SH,688004.SH,688004,博汇科技,CN,"人工智能,信创,华为概念",18.59,-59.05,100.0,【低市值】【亏损】【高流通】,1,1
688329.SH,688329.SH,688329,艾隆科技,CN,机器人概念,18.58,-20.1,100.0,【低市值】【亏损】【高流通】,1,1
002691.SZ,002691.SZ,002691,*ST冀凯,CN,机器人概念,18.56,-17.94,98.82,【低市值】【亏损】【高流通】,1,1
920092.BJ,920092.BJ,920092,汉鑫科技,CN,"AI应用,人工智能,信创,华为概念,无人驾驶,算力概念",17.95,-170.62,53.08,【低市值】【亏损】,1,1
920425.BJ,920425.BJ,920425,乐创技术,CN,机器人概念,17.91,21.13,83.47,【低市值】【高流通】,0,1
920690.BJ,920690.BJ,920690,捷众科技,CN,"人形机器人,华为汽车,国产芯片,机器人概念",17.52,30.47,65.01,【低市值】,0,1
920130.BJ,920130.BJ,920130,立方控股,CN,"AI应用,AI智能体,PCB",17.43,-54.17,61.35,【低市值】【亏损】,1,1
920415.BJ,920415.BJ,920415,恒拓开源,CN,人工智能,17.33,325.69,77.03,【低市值】,0,1
920896.BJ,920896.BJ,920896,旺成科技,CN,机器人概念,17.12,30.61,43.77,【低市值】,0,1
300594.SZ,300594.SZ,300594,ST朗进,CN,"国产芯片,数据中心,液冷概念",16.81,-34.82,99.04,【低市值】【亏损】【高流通】,1,1
920242.BJ,920242.BJ,920242,建邦科技,CN,"无人驾驶,机器人概念",16.8,23.71,56.5,【低市值】,0,1
920476.BJ,920476.BJ,920476,海能技术,CN,"人工智能,信创",16.75,-1468.52,94.66,【低市值】【亏损】【高流通】,1,1
688296.SH,688296.SH,688296,和达科技,CN,"AI智能体,人工智能,华为概念",16.61,-32.75,99.53,【低市值】【亏损】【高流通】,1,1
920541.BJ,920541.BJ,920541,铁大科技,CN,"无人驾驶,机器人概念",16.54,21.89,65.88,【低市值】,0,1
920346.BJ,920346.BJ,920346,威贸电子,CN,"人形机器人,华为汽车,数据中心,无人驾驶,机器人概念",16.53,43.53,55.3,【低市值】,0,1
688217.SH,688217.SH,688217,睿昂基因,CN,人工智能,16.49,-82.72,100.0,【低市值】【亏损】【高流通】,1,1
920670.BJ,920670.BJ,920670,数字人,CN,"AI应用,人工智能",15.81,-53.08,62.75,【低市值】【亏损】,1,1
920932.BJ,920932.BJ,920932,科达自控,CN,"人工智能,信创,华为概念,无人驾驶,机器人概念,鸿蒙概念",15.36,-70.37,82.4,【低市值】【亏损】【高流通】,1,1
920429.BJ,920429.BJ,920429,康比特,CN,"AI智能体,人工智能",15.14,-47.59,91.18,【低市值】【亏损】【高流通】,1,1
920906.BJ,920906.BJ,920906,舜宇精工,CN,机器人概念,15.11,876.83,51.34,【低市值】,0,1
603789.SH,603789.SH,603789,*ST星农,CN,"无人驾驶,机器人概念",15.04,-12.23,98.03,【低市值】【亏损】【高流通】,1,1
920570.BJ,920570.BJ,920570,坤博精工,CN,机器人概念,14.81,64.85,48.56,【低市值】,0,1
920395.BJ,920395.BJ,920395,朗鸿科技,CN,华为概念,14.76,37.17,68.65,【低市值】,0,1
920475.BJ,920475.BJ,920475,三友科技,CN,无人驾驶,14.74,106.09,55.61,【低市值】,0,1
920556.BJ,920556.BJ,920556,雅达股份,CN,"华为概念,数据中心",14.58,72.52,72.84,【低市值】,0,1
920263.BJ,920263.BJ,920263,中航泰达,CN,"人工智能,机器人概念",14.53,-19.9,72.6,【低市值】【亏损】,1,1
920496.BJ,920496.BJ,920496,许昌智能,CN,"华为概念,机器人概念",14.32,486.08,87.57,【低市值】【高流通】,0,1
920375.BJ,920375.BJ,920375,派诺科技,CN,"华为概念,数据中心",14.27,-22.72,59.75,【低市值】【亏损】,1,1
920876.BJ,920876.BJ,920876,慧为智能,CN,"信创,鸿蒙概念",14.26,-137.91,61.15,【低市值】【亏损】,1,1
920578.BJ,920578.BJ,920578,巨能股份,CN,机器人概念,14.06,-331.9,30.07,【低市值】【亏损】,1,1
920198.BJ,920198.BJ,920198,微创光电,CN,"人工智能,机器人概念",14.04,-16.93,43.67,【低市值】【亏损】,1,1
920075.BJ,920075.BJ,920075,柏星龙,CN,"AIGC概念,人工智能,多模态AI",14.04,43.97,53.81,【低市值】,0,1
920665.BJ,920665.BJ,920665,科强股份,CN,PCB,13.93,36.71,49.29,【低市值】,0,1
920768.BJ,920768.BJ,920768,拾比佰,CN,华为概念,13.87,22.18,68.93,【低市值】,0,1
920857.BJ,920857.BJ,920857,泓禧科技,CN,"AIPC,机器人概念",13.62,-18.58,100.0,【低市值】【亏损】【高流通】,1,1
920378.BJ,920378.BJ,920378,泰德股份,CN,机器人概念,13.47,181.88,71.62,【低市值】,0,1
920367.BJ,920367.BJ,920367,新赣江,CN,人工智能,13.09,105.28,59.26,【低市值】,0,1
920641.BJ,920641.BJ,920641,格利尔,CN,"数据中心,算力概念",12.94,501.32,60.5,【低市值】,0,1
920856.BJ,920856.BJ,920856,浩淼科技,CN,"无人驾驶,机器人概念",11.44,-87.3,55.78,【低市值】【亏损】,1,1
920508.BJ,920508.BJ,920508,殷图网联,CN,"人工智能,机器人概念",11.43,-123.3,53.18,【低市值】【亏损】,1,1
920370.BJ,920370.BJ,920370,新安洁,CN,人工智能,10.3,-35.35,87.07,【低市值】【亏损】【高流通】,1,1
920030.BJ,920030.BJ,920030,德众汽车,CN,华为汽车,10.16,137.14,62.89,【低市值】,0,1
920469.BJ,920469.BJ,920469,富恒新材,CN,机器人概念,9.8,-16.36,73.4,【低市值】【亏损】,1,1
920090.BJ,920090.BJ,920090,*ST同辉,CN,"人工智能,信创,国产芯片,多模态AI",9.67,-39.14,74.72,【低市值】【亏损】,1,1
920267.BJ,920267.BJ,920267,鑫汇科,CN,国产芯片,9.23,-64.74,59.37,【低市值】【亏损】,1,1
920414.BJ,920414.BJ,920414,欧普泰,CN,人工智能,9.07,-25.29,70.32,【低市值】【亏损】,1,1
002808.SZ,002808.SZ,002808,*ST恒久,CN,信创,7.61,-20.71,69.52,【低市值】【亏损】,1,1
920305.BJ,920305.BJ,920305,*ST云创,CN,"AIGC概念,人工智能,信创,华为概念",4.73,-21.04,61.27,【低市值】【亏损】,1,1
000004.SZ,000004.SZ,000004,*ST国华,CN,"信创,鸿蒙概念",3.65,-14.3,95.4,【低市值】【亏损】【高流通】,1,1
688287.SH,688287.SH,688287,*ST观典,CN,人工智能,3.45,-4.17,100.0,【低市值】【亏损】【高流通】,1,1
920178.BJ,920178.BJ,920178,锐翔智能,CN,华为概念,,,,【数据缺】,0,0
00700.HK,0700.HK,00700,腾讯控股,HK,"无人驾驶,人工智能,数据中心,游戏概念,电子竞技,区块链,AI智能医疗,物联网,云计算,电子商务,网络安全,元宇宙概念,AIGC概念;...",43164.08,17.34,100.0,【低PE】【高流通】,0,0
80700.HK,80700.HK,80700,腾讯控股-R,HK,行业:软件服务,37652.22,16.75,100.0,【低PE】【高流通】,0,0
09988.HK,9988.HK,09988,阿里巴巴-W,HK,"AI应用软件,人工智能,数据中心,云计算,电子商务,元宇宙概念,AIGC概念",25276.38,25.16,100.0,【高流通】,0,0
00939.HK,0939.HK,00939,建设银行,HK,华为鸿蒙概念,23125.47,6.04,91.9,【低PE】【高流通】,0,0
01288.HK,1288.HK,01288,农业银行,HK,华为鸿蒙概念,20788.99,6.31,8.78,【低PE】【低流通】,0,0
00941.HK,0941.HK,00941,中国移动,HK,"数据中心,华为概念,区块链,5G概念,F5G概念,元宇宙概念,AIGC概念",18181.42,11.98,95.83,【低PE】【高流通】,0,0
03988.HK,3988.HK,03988,中国银行,HK,华为鸿蒙概念,16400.61,5.98,25.95,【低PE】【低流通】,0,0
01088.HK,1088.HK,01088,中国神华,HK,华为鸿蒙概念,10423.94,17.67,15.57,【低PE】【低流通】,0,0
01211.HK,1211.HK,01211,比亚迪股份,HK,"新能源汽车,无人驾驶;行业:汽车",9390.71,30.47,40.4,,0,0
01299.HK,1299.HK,01299,友邦保险,HK,AI智能医疗,9037.14,18.63,100.0,【低PE】【高流通】,0,0
81211.HK,81211.HK,81211,比亚迪股份-R,HK,行业:汽车,8191.8,29.74,40.4,,0,0
01810.HK,1810.HK,01810,小米集团-W,HK,"机器人概念,智能家居,区块链,物联网,5G概念,新能源汽车,F5G概念,电子商务,元宇宙概念,AIGC概念;行业:资讯科技器材",8030.43,17.42,82.76,【低PE】【高流通】,0,0
81810.HK,81810.HK,81810,小米集团-WR,HK,新能源汽车;行业:资讯科技器材,7003.95,16.82,82.76,【低PE】【高流通】,0,0
00300.HK,0300.HK,00300,美的集团,HK,机器人概念;行业:家庭电器及用品,6724.09,13.57,8.56,【低PE】【低流通】,0,0
03328.HK,3328.HK,03328,交通银行,HK,华为鸿蒙概念,6291.5,5.83,39.62,【低PE】,0,0
09999.HK,9999.HK,09999,网易-S,HK,"云计算,电子商务,游戏概念,元宇宙概念,AIGC概念;行业:软件服务",5803.78,15.53,6.95,【低PE】【低流通】,0,0
00981.HK,0981.HK,00981,中芯国际,HK,"机器人概念,华为概念,物联网,电子信息,芯片替代,半导体概念;行业:半导体",5781.47,108.44,75.05,,0,0
00388.HK,0388.HK,00388,香港交易所,HK,数据中心,5261.52,27.89,100.0,【高流通】,0,0
03690.HK,3690.HK,03690,美团-W,HK,"电子商务,无人驾驶,人工智能,AIGC概念",5214.28,-20.17,90.62,【亏损】【高流通】,1,0
00728.HK,0728.HK,00728,中国电信,HK,"人工智能,数据中心,华为概念,5G概念,F5G概念,AIGC概念",4703.47,13.26,15.17,【低PE】【低流通】,0,0
00998.HK,0998.HK,00998,中信银行,HK,华为鸿蒙概念,4535.08,5.68,26.74,【低PE】【低流通】,0,0
02513.HK,2513.HK,02513,智谱,HK,"AI应用软件,人工智能;行业:软件服务",4266.72,-82.03,49.64,【亏损】,1,0
00267.HK,0267.HK,00267,中信股份,HK,"华为鸿蒙概念,F5G概念",3784.64,5.82,100.0,【低PE】【高流通】,0,0
02338.HK,2338.HK,02338,潍柴动力,HK,"新能源汽车,智能物流,数据中心",3774.21,29.81,22.3,【低流通】,0,0
03986.HK,3986.HK,03986,兆易创新,HK,"人工智能,半导体概念;行业:半导体",3384.92,104.95,4.74,【低流通】,0,0
09888.HK,9888.HK,09888,百度集团-SW,HK,"元宇宙概念,云计算,数据中心,AIGC概念;行业:媒体及娱乐",3377.21,54.58,80.93,【高流通】,0,0
02601.HK,2601.HK,02601,中国太保,HK,华为概念,3305.55,5.49,28.85,【低PE】【低流通】,0,0
06809.HK,6809.HK,06809,澜起科技,HK,半导体概念;行业:半导体,3304.83,115.33,6.2,【低流通】,0,0
09618.HK,9618.HK,09618,京东集团-SW,HK,"电子商务,AIGC概念",3291.77,15.15,88.58,【低PE】【高流通】,0,0
02328.HK,2328.HK,02328,中国财险,HK,华为鸿蒙概念,3131.78,7.42,31.02,【低PE】,0,0
89888.HK,89888.HK,89888,百度集团-SWR,HK,行业:媒体及娱乐,2950.93,52.8,80.93,【高流通】,0,0
00100.HK,0100.HK,00100,MINIMAX-W,HK,"AI应用软件,人工智能;行业:软件服务",2518.49,-17.29,74.14,【亏损】,1,0
00175.HK,0175.HK,00175,吉利汽车,HK,新能源汽车;行业:汽车,2485.24,14.42,100.0,【低PE】【高流通】,0,0
02611.HK,2611.HK,02611,国泰海通,HK,华为鸿蒙概念,2416.93,9.76,19.89,【低PE】【低流通】,0,0
00762.HK,0762.HK,00762,中国联通,HK,"数据中心,华为概念,5G概念,F5G概念,AIGC概念",2245.9,10.14,100.0,【低PE】【高流通】,0,0
80175.HK,80175.HK,80175,吉利汽车-R,HK,行业:汽车,2159.2,14.07,100.0,【低PE】【高流通】,0,0
01347.HK,1347.HK,01347,华虹半导体,HK,"机器人概念,芯片替代,半导体概念;行业:半导体",2102.53,492.3,76.53,,0,0
00669.HK,0669.HK,00669,创科实业,HK,电子信息;行业:家庭电器及用品,2100.56,22.53,100.0,【高流通】,0,0
09992.HK,9992.HK,09992,泡泡玛特,HK,元宇宙概念;行业:家庭电器及用品,2088.0,14.76,100.0,【低PE】【高流通】,0,0
06690.HK,6690.HK,06690,海尔智家,HK,"电子商务,智能家居,物联网,华为概念;行业:家庭电器及用品",2053.7,9.79,30.43,【低PE】,0,0
00788.HK,0788.HK,00788,中国铁塔,HK,"华为概念,5G概念",1953.69,15.17,26.51,【低PE】【低流通】,0,0
01024.HK,1024.HK,01024,快手-W,HK,"AI应用软件,元宇宙概念,AIGC概念,人工智能;行业:媒体及娱乐",1932.78,9.38,84.22,【低PE】【高流通】,0,0
06818.HK,6818.HK,06818,中国光大银行,HK,华为鸿蒙概念,1855.29,4.37,21.46,【低PE】【低流通】,0,0
06869.HK,6869.HK,06869,长飞光纤光缆,HK,"F5G概念,半导体概念,华为概念,5G概念;行业:资讯科技器材",1852.85,142.82,50.92,,0,0
01772.HK,1772.HK,01772,赣锋锂业,HK,新能源汽车,1817.83,42.74,23.04,【低流通】,0,0
06936.HK,6936.HK,06936,顺丰控股,HK,智能物流,1775.9,13.93,4.76,【低PE】【低流通】,0,0
09973.HK,9973.HK,09973,奇瑞汽车,HK,行业:汽车,1718.19,8.28,40.54,【低PE】,0,0
81024.HK,81024.HK,81024,快手-WR,HK,行业:媒体及娱乐,1686.73,9.06,84.22,【低PE】【高流通】,0,0
03606.HK,3606.HK,03606,福耀玻璃,HK,行业:汽车,1577.59,15.7,23.25,【低PE】【低流通】,0,0
01988.HK,1988.HK,01988,民生银行,HK,华为鸿蒙概念,1576.17,4.77,19.0,【低PE】【低流通】,0,0
02015.HK,2015.HK,02015,理想汽车-W,HK,"新能源汽车,机器人概念;行业:汽车",1513.46,121.57,83.54,【高流通】,0,0
06618.HK,6618.HK,06618,京东健康,HK,AI智能医疗,1476.96,24.82,100.0,【高流通】,0,0
01766.HK,1766.HK,01766,中国中车,HK,"新能源汽车,芯片替代,数据中心",1460.77,9.67,15.23,【低PE】【低流通】,0,0
02050.HK,2050.HK,02050,三花智控,HK,机器人概念,1447.56,31.68,11.32,【低流通】,0,0
00992.HK,0992.HK,00992,联想集团,HK,"人工智能,数据中心,5G概念,智能穿戴,芯片替代;行业:资讯科技器材",1442.66,12.5,100.0,【低PE】【高流通】,0,0
09903.HK,9903.HK,09903,天数智芯,HK,半导体概念;行业:半导体,1424.18,-128.17,96.38,【亏损】【高流通】,1,0
09927.HK,9927.HK,09927,赛力斯,HK,行业:汽车,1312.59,19.77,6.24,【低PE】【低流通】,0,0
01880.HK,1880.HK,01880,中国中免,HK,电子商务,1312.13,28.56,6.03,【低流通】,0,0
80992.HK,80992.HK,80992,联想集团-R,HK,行业:资讯科技器材,1254.11,12.05,100.0,【低PE】【高流通】,0,0
00763.HK,0763.HK,00763,中兴通讯,HK,"人工智能,华为概念,物联网,5G概念,智能穿戴,网络安全,元宇宙概念,芯片替代;行业:资讯科技器材",1250.42,24.78,15.79,【低流通】,0,0
06099.HK,6099.HK,06099,招商证券,HK,华为鸿蒙概念,1220.99,8.21,14.66,【低PE】【低流通】,0,0
09868.HK,9868.HK,09868,小鹏集团-W,HK,"新能源汽车,机器人概念;行业:汽车",1197.49,-94.92,81.79,【亏损】【高流通】,1,0
09866.HK,9866.HK,09866,蔚来-SW,HK,新能源汽车;行业:汽车,1188.36,-6.89,94.0,【亏损】【高流通】,1,0
06082.HK,6082.HK,06082,壁仞科技,HK,半导体概念;行业:软件服务,1187.72,-6.5,49.24,【亏损】,1,0
01888.HK,1888.HK,01888,建滔积层板,HK,"电子信息,华为概念,5G概念",1168.22,47.84,100.0,【高流通】,0,0
09696.HK,9696.HK,09696,天齐锂业,HK,新能源汽车,1153.42,45.78,13.43,【低流通】,0,0
00501.HK,0501.HK,00501,豪威集团,HK,行业:半导体,1127.51,27.43,4.02,【低流通】,0,0
01698.HK,1698.HK,01698,腾讯音乐-SW,HK,AIGC概念;行业:媒体及娱乐,1124.4,9.19,47.11,【低PE】,0,0
09660.HK,9660.HK,09660,地平线机器人-W,HK,"机器人概念,芯片替代,人工智能;行业:软件服务",1080.3,-9.32,85.49,【亏损】【高流通】,1,0
02333.HK,2333.HK,02333,长城汽车,HK,"新能源汽车,无人驾驶,华为概念;行业:汽车",1028.66,10.19,27.1,【低PE】【低流通】,0,0
03296.HK,3296.HK,03296,华勤技术,HK,行业:资讯科技器材,982.97,20.45,5.45,【低流通】,0,0
82333.HK,82333.HK,82333,长城汽车-R,HK,行业:汽车,895.15,9.88,27.09,【低PE】【低流通】,0,0
00670.HK,0670.HK,00670,中国东方航空股份,HK,电子商务,892.34,79.69,22.92,【低流通】,0,0
03317.HK,3317.HK,03317,迅策,HK,行业:软件服务,891.93,-856.47,82.79,【亏损】【高流通】,1,0
00753.HK,0753.HK,00753,中国国航,HK,华为鸿蒙概念,867.19,39.84,28.4,【低流通】,0,0
01879.HK,1879.HK,01879,曦智科技-P,HK,行业:半导体,862.66,-58.04,81.31,【亏损】【高流通】,1,0
00020.HK,0020.HK,00020,商汤-W,HK,"AI应用软件,机器人概念,人工智能,数据中心,元宇宙概念,AIGC概念;行业:软件服务",852.78,-43.62,98.79,【亏损】【高流通】,1,0
00290.HK,0290.HK,00290,国富量子,HK,区块链,842.86,391.59,100.0,【高流通】,0,0
80020.HK,80020.HK,80020,商汤-WR,HK,行业:软件服务,743.01,-42.07,98.79,【亏损】【高流通】,1,0
09626.HK,9626.HK,09626,哔哩哔哩-W,HK,"AI应用软件,元宇宙概念,AIGC概念,人工智能;行业:媒体及娱乐",725.96,54.94,81.25,【高流通】,0,0
00241.HK,0241.HK,00241,阿里健康,HK,AI智能医疗,723.04,34.65,100.0,【高流通】,0,0
02382.HK,2382.HK,02382,舜宇光学科技,HK,"机器人概念,元宇宙概念,华为概念",713.2,13.89,100.0,【低PE】【高流通】,0,0
01157.HK,1157.HK,01157,中联重科,HK,"无人驾驶,物联网",692.75,14.54,17.95,【低PE】【低流通】,0,0
00522.HK,0522.HK,00522,ASMPT,HK,"电子信息,芯片替代,半导体概念;行业:半导体",689.85,64.34,100.0,【高流通】,0,0
09863.HK,9863.HK,09863,零跑汽车,HK,新能源汽车;行业:汽车,676.21,113.44,79.55,,0,0
09698.HK,9698.HK,09698,万国数据-SW,HK,"云计算,数据中心;行业:软件服务",666.54,63.4,11.9,【低流通】,0,0
02577.HK,2577.HK,02577,英诺赛科,HK,行业:半导体,628.67,-67.56,57.43,【亏损】,1,0
02727.HK,2727.HK,02727,上海电气,HK,机器人概念,620.05,42.77,18.82,【低流通】,0,0
00285.HK,0285.HK,00285,比亚迪电子,HK,"电子信息,华为概念;行业:资讯科技器材",607.01,15.6,100.0,【低PE】【高流通】,0,0
06088.HK,6088.HK,06088,鸿腾精密,HK,云计算,597.45,49.19,100.0,【高流通】,0,0
06969.HK,6969.HK,06969,思摩尔国际,HK,消费电子;行业:家庭电器及用品,586.68,49.81,100.0,【高流通】,0,0
02039.HK,2039.HK,02039,中集集团,HK,物联网,584.82,-540.85,56.81,【亏损】,1,0
09880.HK,9880.HK,09880,优必选,HK,"机器人概念,人工智能;行业:软件服务",542.67,-69.7,85.96,【亏损】【高流通】,1,0
02196.HK,2196.HK,02196,复星医药,HK,AI智能医疗,508.75,13.08,20.34,【低PE】【低流通】,0,0
06166.HK,6166.HK,06166,剑桥科技,HK,行业:资讯科技器材,500.76,127.85,21.85,【低流通】,0,0
06198.HK,6198.HK,06198,青岛港,HK,"区块链,华为概念",495.92,8.44,16.93,【低PE】【低流通】,0,0
03898.HK,3898.HK,03898,时代电气,HK,"新能源汽车,无人驾驶,半导体概念,电子信息",494.02,10.79,36.01,【低PE】,0,0
00068.HK,0068.HK,00068,群核科技,HK,行业:软件服务,466.07,-98.38,100.0,【亏损】【高流通】,1,0
02726.HK,2726.HK,02726,瀚天天成,HK,行业:半导体,455.8,3463.06,27.94,【低流通】,0,0
01729.HK,1729.HK,01729,汇聚科技,HK,数据中心;行业:资讯科技器材,452.59,57.75,100.0,【高流通】,0,0
02018.HK,2018.HK,02018,瑞声科技,HK,"机器人概念,华为概念,5G概念,电子信息,智能穿戴,元宇宙概念",437.25,15.72,100.0,【低PE】【高流通】,0,0
00425.HK,0425.HK,00425,敏实集团,HK,无人驾驶;行业:汽车,410.84,13.78,100.0,【低PE】【高流通】,0,0
02228.HK,2228.HK,02228,晶泰控股,HK,"AI应用软件,人工智能,AI智能医疗",410.11,299.34,100.0,【高流通】,0,0
01070.HK,1070.HK,01070,TCL电子,HK,"OLED概念股,消费电子;行业:家庭电器及用品",381.92,15.31,100.0,【低PE】【高流通】,0,0
01585.HK,1585.HK,01585,雅迪控股,HK,新能源汽车;行业:汽车,376.63,11.68,100.0,【低PE】【高流通】,0,0
06821.HK,6821.HK,06821,凯莱英,HK,AI智能医疗,374.59,30.1,7.71,【低流通】,0,0
03969.HK,3969.HK,03969,中国通号,HK,"芯片替代,华为概念",371.7,9.15,18.59,【低PE】【低流通】,0,0
00598.HK,0598.HK,00598,中国外运,HK,"区块链,智能物流",365.14,8.07,28.11,【低PE】【低流通】,0,0
03896.HK,3896.HK,03896,金山云,HK,"人工智能,云计算,AIGC概念;行业:软件服务",354.39,-34.19,100.0,【亏损】【高流通】,1,0
01385.HK,1385.HK,01385,上海复旦,HK,"芯片替代,F5G概念,半导体概念;行业:半导体",343.98,123.9,34.52,,0,0
02026.HK,2026.HK,02026,小马智行-W,HK,行业:软件服务,343.58,-32.96,81.3,【亏损】【高流通】,1,0
02252.HK,2252.HK,02252,微创机器人-B,HK,"机器人概念,AI智能医疗,人工智能",330.23,-119.47,99.94,【亏损】【高流通】,1,0
06810.HK,6810.HK,06810,商米科技-W,HK,行业:资讯科技器材,329.95,133.88,75.51,,0,0
02718.HK,2718.HK,02718,明略科技-W,HK,行业:软件服务,324.67,-4.57,89.8,【亏损】【高流通】,1,0
00921.HK,0921.HK,00921,海信家电,HK,"新能源汽车,智能家居,电子商务;行业:家庭电器及用品",321.56,9.11,33.19,【低PE】,0,0
02631.HK,2631.HK,02631,天岳先进,HK,行业:半导体,318.39,-103.24,11.33,【亏损】【低流通】,1,0
03888.HK,3888.HK,03888,金山软件,HK,"游戏概念,区块链,SaaS概念,华为鸿蒙概念,云计算,软件外包,网络安全,AIGC概念;行业:软件服务",316.16,14.25,100.0,【低PE】【高流通】,0,0
00564.HK,0564.HK,00564,中创智领,HK,"新能源汽车,华为概念;行业:汽车",313.16,6.81,13.62,【低PE】【低流通】,0,0
02400.HK,2400.HK,02400,心动公司,HK,"游戏概念,元宇宙概念,AIGC概念;行业:软件服务",311.71,18.34,100.0,【低PE】【高流通】,0,0
00268.HK,0268.HK,00268,金蝶国际,HK,"AI应用软件,人工智能,数据中心,区块链,SaaS概念,云计算,软件外包;行业:软件服务",303.12,294.67,100.0,【高流通】,0,0
00552.HK,0552.HK,00552,中国通信服务,HK,"电子信息,数据中心,5G概念;行业:资讯科技器材",299.2,7.49,34.53,【低PE】,0,0
02238.HK,2238.HK,02238,广汽集团,HK,"华为鸿蒙概念,新能源汽车,无人驾驶,华为概念;行业:汽车",293.68,-3.04,27.59,【亏损】【低流通】,1,0
00696.HK,0696.HK,00696,中国民航信息网络,HK,数据中心;行业:软件服务,287.65,11.1,31.87,【低PE】,0,0
01415.HK,1415.HK,01415,高伟电子,HK,"电子信息,机器人概念",285.65,18.64,100.0,【低PE】【高流通】,0,0
02357.HK,2357.HK,02357,中航科工,HK,5G概念,279.85,14.32,77.9,【低PE】,0,0
01860.HK,1860.HK,01860,汇量科技,HK,"AI应用软件,人工智能,SaaS概念,云计算,AIGC概念;行业:媒体及娱乐",279.41,58.27,100.0,【高流通】,0,0
06680.HK,6680.HK,06680,金力永磁,HK,机器人概念,276.49,33.49,17.07,【低流通】,0,0
01797.HK,1797.HK,01797,东方甄选,HK,行业:媒体及娱乐,274.23,73.38,100.0,【高流通】,0,0
00874.HK,0874.HK,00874,白云山,HK,电子商务,273.3,8.16,13.53,【低PE】【低流通】,0,0
02525.HK,2525.HK,02525,禾赛-W,HK,行业:软件服务,271.07,56.17,82.82,【高流通】,0,0
00699.HK,0699.HK,00699,均胜电子,HK,行业:汽车,257.27,16.43,10.0,【低PE】【低流通】,0,0
00772.HK,0772.HK,00772,阅文集团,HK,AIGC概念;行业:媒体及娱乐,255.37,-29.72,100.0,【亏损】【高流通】,1,0
09899.HK,9899.HK,09899,网易云音乐,HK,AIGC概念;行业:媒体及娱乐,251.5,8.27,100.0,【低PE】【高流通】,0,0
02676.HK,2676.HK,02676,纳芯微,HK,行业:半导体,251.25,-105.46,12.36,【亏损】【低流通】,1,0
00136.HK,0136.HK,00136,中国儒意,HK,电子商务;行业:媒体及娱乐,246.97,12.42,100.0,【低PE】【高流通】,0,0
02590.HK,2590.HK,02590,极智嘉-W,HK,行业:软件服务,241.38,-2094.93,76.58,【亏损】,1,0
02276.HK,2276.HK,02276,康耐特光学,HK,智能穿戴,238.56,38.63,100.0,【高流通】,0,0
06600.HK,6600.HK,06600,卧安机器人,HK,机器人概念;行业:家庭电器及用品,236.62,-866.12,100.0,【亏损】【高流通】,1,0
01833.HK,1833.HK,01833,平安好医生,HK,AI智能医疗,236.46,56.28,100.0,【高流通】,0,0
00326.HK,0326.HK,00326,中国星集团-二千,HK,行业:媒体及娱乐,236.33,-53.26,100.0,【亏损】【高流通】,1,0
06651.HK,6651.HK,06651,五一视界,HK,"AI应用软件,无人驾驶,机器人概念,人工智能,云计算,AIGC概念;行业:软件服务",235.15,-116.8,95.39,【亏损】【高流通】,1,0
03396.HK,3396.HK,03396,联想控股,HK,"芯片替代,数据中心,物联网,5G概念;行业:资讯科技器材",229.26,19.52,53.98,【低PE】,0,0
09981.HK,9981.HK,09981,沃尔核材,HK,机器人概念,225.1,17.91,10.0,【低PE】【低流通】,0,0
07489.HK,7489.HK,07489,岚图汽车,HK,行业:汽车,223.74,19.86,24.06,【低PE】【低流通】,0,0
02945.HK,2945.HK,02945,中国星集团-一万,HK,行业:媒体及娱乐,222.24,-50.08,100.0,【亏损】【高流通】,1,0
09678.HK,9678.HK,09678,云知声,HK,"人工智能,AIGC概念;行业:软件服务",221.85,-61.35,59.49,【亏损】,1,0
02889.HK,2889.HK,02889,博泰车联,HK,行业:汽车,214.79,-17.74,47.33,【亏损】,1,0
02670.HK,2670.HK,02670,云迹,HK,机器人概念;行业:软件服务,208.42,-63.84,89.75,【亏损】【高流通】,1,0
06682.HK,6682.HK,06682,范式智能,HK,"机器人概念,人工智能;行业:软件服务",206.06,-708.59,64.31,【亏损】,1,0
00800.HK,0800.HK,00800,文远知行-W,HK,行业:软件服务,203.82,-11.12,94.55,【亏损】【高流通】,1,0
06060.HK,6060.HK,06060,众安在线,HK,区块链,201.0,16.48,97.03,【低PE】【高流通】,0,0
02880.HK,2880.HK,02880,辽港股份,HK,区块链,200.36,12.27,21.89,【低PE】【低流通】,0,0
00323.HK,0323.HK,00323,马鞍山钢铁股份,HK,数据中心,197.14,-728.3,22.5,【亏损】【低流通】,1,0
00179.HK,0179.HK,00179,德昌电机控股,HK,"机器人概念,工业4.0;行业:汽车",195.11,9.41,100.0,【低PE】【高流通】,0,0
01357.HK,1357.HK,01357,美图公司,HK,"人工智能,区块链,芯片替代,AIGC概念;行业:媒体及娱乐",191.59,29.69,100.0,【高流通】,0,0
02706.HK,2706.HK,02706,海致科技集团,HK,行业:软件服务,191.33,-84.17,100.0,【亏损】【高流通】,1,0
02038.HK,2038.HK,02038,富智康集团,HK,"智能穿戴,华为概念;行业:资讯科技器材",188.2,45.87,100.0,【高流通】,0,0
00152.HK,0152.HK,00152,深圳国际,HK,智能物流,181.08,8.05,100.0,【低PE】【高流通】,0,0
03355.HK,3355.HK,03355,飞速创新,HK,行业:软件服务,178.5,26.8,100.0,【高流通】,0,0
02658.HK,2658.HK,02658,天域半导体,HK,行业:半导体,177.6,-288.48,15.0,【亏损】【低流通】,1,0
01060.HK,1060.HK,01060,大麦娱乐,HK,"电子商务,AIGC概念;行业:媒体及娱乐",173.87,29.48,100.0,【高流通】,0,0
02692.HK,2692.HK,02692,兆威机电,HK,机器人概念,173.6,64.39,10.0,【低流通】,0,0
00853.HK,0853.HK,00853,微创医疗,HK,AI智能医疗,167.0,44.23,100.0,【高流通】,0,0
01999.HK,1999.HK,01999,敏华控股,HK,行业:家庭电器及用品,166.76,8.06,100.0,【低PE】【高流通】,0,0
00325.HK,0325.HK,00325,布鲁可,HK,行业:家庭电器及用品,163.3,23.27,100.0,【高流通】,0,0
09636.HK,9636.HK,09636,九方智投控股,HK,行业:软件服务,161.51,15.82,100.0,【低PE】【高流通】,0,0
09898.HK,9898.HK,09898,微博-SW,HK,AIGC概念;行业:媒体及娱乐,160.12,4.58,6.33,【低PE】【低流通】,0,0
06127.HK,6127.HK,06127,昭衍新药,HK,AI智能医疗,157.66,28.4,15.88,【低流通】,0,0
02729.HK,2729.HK,02729,凯乐士科技,HK,机器人概念;行业:软件服务,157.55,-82.52,100.0,【亏损】【高流通】,1,0
01066.HK,1066.HK,01066,威高股份,HK,AI智能医疗,157.19,8.81,98.92,【低PE】【高流通】,0,0
01384.HK,1384.HK,01384,滴普科技,HK,行业:软件服务,155.15,-14.99,100.0,【亏损】【高流通】,1,0
02498.HK,2498.HK,02498,速腾聚创,HK,"无人驾驶,机器人概念,人工智能;行业:软件服务",154.98,-95.93,100.0,【亏损】【高流通】,1,0
00303.HK,0303.HK,00303,VTECH HOLDINGS,HK,电子信息;行业:资讯科技器材,154.29,13.75,100.0,【低PE】【高流通】,0,0
02465.HK,2465.HK,02465,龙蟠科技,HK,数据中心,151.95,185.47,17.52,【低流通】,0,0
01686.HK,1686.HK,01686,新意网集团,HK,"云计算,数据中心;行业:软件服务",151.18,14.73,100.0,【低PE】【高流通】,0,0
00856.HK,0856.HK,00856,伟仕佳杰,HK,"电子信息,云计算;行业:软件服务",150.99,11.16,100.0,【低PE】【高流通】,0,0
02580.HK,2580.HK,02580,奥克斯电气,HK,行业:家庭电器及用品,150.41,6.08,100.0,【低PE】【高流通】,0,0
01304.HK,1304.HK,01304,FORTIOR,HK,行业:半导体,147.46,51.25,18.72,【低流通】,0,0
03625.HK,3625.HK,03625,傅里叶,HK,行业:半导体,147.06,-224.49,99.01,【亏损】【高流通】,1,0
06808.HK,6808.HK,06808,高鑫零售,HK,电子商务,145.02,191.54,100.0,【高流通】,0,0
02432.HK,2432.HK,02432,越疆,HK,机器人概念;行业:软件服务,142.55,-154.13,89.51,【亏损】【高流通】,1,0
01114.HK,1114.HK,01114,华晨中国,HK,新能源汽车;行业:汽车,139.75,6.36,100.0,【低PE】【高流通】,0,0
00600.HK,0600.HK,00600,爱芯元智,HK,半导体概念;行业:半导体,139.11,-10.93,100.0,【亏损】【高流通】,1,0
02715.HK,2715.HK,02715,埃斯顿,HK,机器人概念,132.3,92.59,10.0,【低流通】,0,0
00697.HK,0697.HK,00697,首程控股,HK,机器人概念,131.92,42.53,100.0,【高流通】,0,0
09911.HK,9911.HK,09911,赤子城科技,HK,"元宇宙概念,AIGC概念;行业:媒体及娱乐",129.86,12.55,100.0,【低PE】【高流通】,0,0
02661.HK,2661.HK,02661,轻松健康,HK,AI智能医疗;行业:媒体及娱乐,128.78,-30.63,100.0,【亏损】【高流通】,1,0
00811.HK,0811.HK,00811,新华文轩,HK,"电子商务,区块链,AIGC概念;行业:媒体及娱乐",125.36,7.18,35.82,【低PE】,0,0
02533.HK,2533.HK,02533,黑芝麻智能,HK,"无人驾驶,人工智能;行业:软件服务",124.12,-7.87,100.0,【亏损】【高流通】,1,0
01316.HK,1316.HK,01316,耐世特,HK,新能源汽车;行业:汽车,122.98,15.49,100.0,【低PE】【高流通】,0,0
00751.HK,0751.HK,00751,创维集团,HK,"电子信息,消费电子,F5G概念;行业:家庭电器及用品",120.71,30.63,100.0,【高流通】,0,0
01216.HK,1216.HK,01216,中原银行,HK,华为鸿蒙概念,120.61,3.04,19.0,【低PE】【低流通】,0,0
02722.HK,2722.HK,02722,重庆机电,HK,工业4.0,119.75,14.16,29.86,【低PE】【低流通】,0,0
02632.HK,2632.HK,02632,泽景股份,HK,行业:汽车,117.47,-15.69,88.36,【亏损】【高流通】,1,0
00863.HK,0863.HK,00863,OSL集团,HK,区块链,116.39,-30.09,100.0,【亏损】【高流通】,1,0
06636.HK,6636.HK,06636,极视角,HK,行业:软件服务,113.48,-223.91,99.5,【亏损】【高流通】,1,0
09611.HK,9611.HK,09611,龙旗科技,HK,行业:资讯科技器材,112.67,22.61,10.0,【低流通】,0,0
01958.HK,1958.HK,01958,北京汽车,HK,"华为鸿蒙概念,新能源汽车,无人驾驶;行业:汽车",111.41,-6.15,31.45,【亏损】,1,0
01021.HK,1021.HK,01021,华沿机器人,HK,机器人概念,110.08,-332.33,96.76,【亏损】【高流通】,1,0
02391.HK,2391.HK,02391,涂鸦智能-W,HK,"人工智能,AIGC概念;行业:软件服务",109.16,24.23,88.57,【高流通】,0,0
01310.HK,1310.HK,01310,香港宽频,HK,数据中心,105.89,51.16,100.0,【高流通】,0,0
01883.HK,1883.HK,01883,中信国际电讯,HK,"网络安全,5G概念",104.0,11.3,100.0,【低PE】【高流通】,0,0
00038.HK,0038.HK,00038,第一拖拉机股份,HK,"无人驾驶,华为概念",103.38,10.74,34.88,【低PE】,0,0
01478.HK,1478.HK,01478,丘钛科技,HK,"电子信息,华为概念",103.19,6.24,100.0,【低PE】【高流通】,0,0
02665.HK,2665.HK,02665,图达通,HK,行业:软件服务,99.02,-3.88,100.0,【亏损】【高流通】,1,0
06069.HK,6069.HK,06069,盛业,HK,机器人概念,97.23,18.34,100.0,【低PE】【高流通】,0,0
02556.HK,2556.HK,02556,迈富时,HK,"AI应用软件,人工智能,SaaS概念,AIGC概念;行业:软件服务",97.1,98.61,100.0,【高流通】,0,0
01302.HK,1302.HK,01302,先健科技,HK,AI智能医疗,96.8,59.15,100.0,【高流通】,0,0
01313.HK,1313.HK,01313,华润建材科技,HK,智能建筑,94.27,46.65,100.0,【高流通】,0,0
00354.HK,0354.HK,00354,中国软件国际,HK,"数据中心,华为概念,SaaS概念,华为鸿蒙概念,云计算,软件外包,网络安全;行业:软件服务",94.26,26.48,100.0,【高流通】,0,0
06196.HK,6196.HK,06196,郑州银行,HK,华为鸿蒙概念,93.65,4.24,22.22,【低PE】【低流通】,0,0
02687.HK,2687.HK,02687,卓越睿新,HK,行业:软件服务,92.87,64.41,92.93,【高流通】,0,0
02025.HK,2025.HK,02025,瑞丰动力,HK,行业:汽车,89.52,347.53,100.0,【高流通】,0,0
01523.HK,1523.HK,01523,珩湾科技,HK,行业:资讯科技器材,88.46,25.0,100.0,【高流通】,0,0
09890.HK,9890.HK,09890,贪玩,HK,华为鸿蒙概念;行业:软件服务,84.9,5.16,100.0,【低PE】【高流通】,0,0
02285.HK,2285.HK,02285,泉峰控股,HK,行业:家庭电器及用品,84.07,11.07,100.0,【低PE】【高流通】,0,0
02635.HK,2635.HK,02635,诺比侃,HK,"AI应用软件,机器人概念,人工智能;行业:软件服务",83.31,63.85,80.37,【高流通】,0,0
03738.HK,3738.HK,03738,阜博集团,HK,"游戏概念,元宇宙概念,SaaS概念,AIGC概念;行业:软件服务",83.23,41.76,100.0,【高流通】,0,0
02701.HK,2701.HK,02701,国民技术,HK,行业:半导体,83.21,-67.95,14.01,【亏损】【低流通】,1,0
00819.HK,0819.HK,00819,天能动力,HK,新能源汽车,72.52,4.56,100.0,【低PE】【高流通】,0,0
06687.HK,6687.HK,06687,聚水潭,HK,行业:软件服务,72.33,-3.95,100.0,【亏损】【高流通】,1,0
02678.HK,2678.HK,02678,天虹国际集团,HK,智能家居,69.22,6.85,100.0,【低PE】【高流通】,0,0
01896.HK,1896.HK,01896,猫眼娱乐,HK,行业:媒体及娱乐,69.15,11.08,100.0,【低PE】【高流通】,0,0
02273.HK,2273.HK,02273,固生堂,HK,AI智能医疗,68.14,17.45,100.0,【低PE】【高流通】,0,0
02586.HK,2586.HK,02586,多点数智,HK,AI应用软件;行业:软件服务,67.92,45.88,100.0,【高流通】,0,0
03268.HK,3268.HK,03268,美格智能,HK,行业:资讯科技器材,66.74,41.54,13.34,【低流通】,0,0
02656.HK,2656.HK,02656,健康160,HK,AI智能医疗,62.85,-77.78,100.0,【亏损】【高流通】,1,0
01528.HK,1528.HK,01528,红星美凯龙,HK,智能家居,62.69,-0.24,17.02,【亏损】【低流通】,1,0
02192.HK,2192.HK,02192,医脉通,HK,AI智能医疗,62.23,16.81,100.0,【低PE】【高流通】,0,0
02013.HK,2013.HK,02013,微盟集团,HK,"AI应用软件,人工智能,SaaS概念;行业:软件服务",61.98,-25.28,100.0,【亏损】【高流通】,1,0
02158.HK,2158.HK,02158,医渡科技,HK,"人工智能,AI智能医疗,SaaS概念",61.19,-64.1,100.0,【亏损】【高流通】,1,0
01691.HK,1691.HK,01691,JS环球生活,HK,行业:家庭电器及用品,60.11,-31.98,100.0,【亏损】【高流通】,1,0
00650.HK,0650.HK,00650,普达特科技,HK,行业:半导体,60.05,-26.02,100.0,【亏损】【高流通】,1,0
02339.HK,2339.HK,02339,京西国际,HK,行业:汽车,57.89,-138.14,100.0,【亏损】【高流通】,1,0
08279.HK,8279.HK,08279,亚博科技控股,HK,电子竞技,57.78,-54.21,100.0,【亏损】【高流通】,1,0
00215.HK,0215.HK,00215,和记电讯香港,HK,5G概念,56.38,-225.53,100.0,【亏损】【高流通】,1,0
02436.HK,2436.HK,02436,凌雄科技,HK,云计算;行业:资讯科技器材,56.37,375.95,100.0,【高流通】,0,0
00315.HK,0315.HK,00315,数码通电讯,HK,5G概念,55.49,11.09,100.0,【低PE】【高流通】,0,0
01675.HK,1675.HK,01675,亚信科技,HK,软件外包;行业:软件服务,53.39,42.4,100.0,【高流通】,0,0
09959.HK,9959.HK,09959,联易融科技-W,HK,SaaS概念;行业:软件服务,51.92,-10.68,88.29,【亏损】【高流通】,1,0
01050.HK,1050.HK,01050,嘉利国际,HK,电子信息;行业:资讯科技器材,51.56,25.22,100.0,【高流通】,0,0
01809.HK,1809.HK,01809,浦林成山,HK,行业:汽车,51.03,4.24,100.0,【低PE】【高流通】,0,0
01126.HK,1126.HK,01126,德林国际,HK,行业:家庭电器及用品,50.97,7.36,100.0,【低PE】【高流通】,0,0
02451.HK,2451.HK,02451,绿源集团控股,HK,行业:汽车,50.78,26.19,100.0,【高流通】,0,0
02342.HK,2342.HK,02342,京信通信,HK,"华为概念,5G概念;行业:资讯科技器材",49.8,142.19,100.0,【高流通】,0,0
03336.HK,3336.HK,03336,巨腾国际,HK,电子信息;行业:资讯科技器材,48.6,-9.85,100.0,【亏损】【高流通】,1,0
00777.HK,0777.HK,00777,网龙,HK,"电子竞技,游戏概念,元宇宙概念,AIGC概念;行业:软件服务",46.09,27.57,100.0,【高流通】,0,0
00327.HK,0327.HK,00327,百富环球,HK,行业:资讯科技器材,43.22,5.74,100.0,【低PE】【高流通】,0,0
00553.HK,0553.HK,00553,南京熊猫电子股份,HK,"电子信息,消费电子,数据中心,5G概念;行业:软件服务",42.86,122.42,26.48,【低流通】,0,0
01571.HK,1571.HK,01571,信邦控股,HK,行业:汽车,42.56,7.26,100.0,【低PE】【高流通】,0,0
06051.HK,6051.HK,06051,有赞,HK,行业:软件服务,41.56,23.02,100.0,【高流通】,0,0
00909.HK,0909.HK,00909,明源云,HK,"云计算,SaaS概念;行业:软件服务",40.54,119.79,100.0,【高流通】,0,0
00917.HK,0917.HK,00917,趣致集团,HK,人工智能;行业:媒体及娱乐,40.13,12.69,100.0,【低PE】【高流通】,0,0
02431.HK,2431.HK,02431,佑驾创新,HK,行业:软件服务,39.59,-8.94,78.28,【亏损】,1,0
00799.HK,0799.HK,00799,IGG,HK,"游戏概念,AIGC概念;行业:软件服务",38.94,6.71,100.0,【低PE】【高流通】,0,0
01057.HK,1057.HK,01057,浙江世宝,HK,"新能源汽车,无人驾驶;行业:汽车",37.84,19.46,26.35,【低PE】【低流通】,0,0
00558.HK,0558.HK,00558,力劲科技,HK,机器人概念,37.38,10.9,100.0,【低PE】【高流通】,0,0
01515.HK,1515.HK,01515,华润医疗,HK,AI智能医疗,37.34,6.8,100.0,【低PE】【高流通】,0,0
00133.HK,0133.HK,00133,招商局中国基金,HK,华为鸿蒙概念,36.35,2.46,100.0,【低PE】【高流通】,0,0
01184.HK,1184.HK,01184,S.A.S. DRAGON,HK,电子信息,35.8,6.43,100.0,【低PE】【高流通】,0,0
00400.HK,0400.HK,00400,硬蛋创新,HK,"物联网,华为鸿蒙概念,电子信息,电子商务,芯片替代;行业:半导体",35.68,15.01,100.0,【低PE】【高流通】,0,0
00861.HK,0861.HK,00861,神州控股,HK,"数据中心,智能物流,华为鸿蒙概念,云计算,软件外包;行业:软件服务",34.98,100.55,100.0,【高流通】,0,0
06090.HK,6090.HK,06090,不同集团,HK,行业:家庭电器及用品,34.72,48.1,100.0,【高流通】,0,0
00710.HK,0710.HK,00710,京东方精电,HK,"OLED概念股,电子信息;行业:汽车",34.51,9.99,100.0,【低PE】【高流通】,0,0
02488.HK,2488.HK,02488,元征科技,HK,区块链;行业:汽车,34.17,8.96,38.16,【低PE】,0,0
02479.HK,2479.HK,02479,天聚地合,HK,行业:软件服务,32.58,81.84,100.0,【高流通】,0,0
01280.HK,1280.HK,01280,奇点国峰,HK,行业:家庭电器及用品,31.9,-6.89,100.0,【亏损】【高流通】,1,0
02720.HK,2720.HK,02720,乐欣户外,HK,行业:家庭电器及用品,31.44,38.44,100.0,【高流通】,0,0
06608.HK,6608.HK,06608,百融云-W,HK,"人工智能,SaaS概念,AIGC概念;行业:软件服务",31.13,42.02,83.84,【高流通】,0,0
00032.HK,0032.HK,00032,港通控股,HK,电子信息,30.93,4.28,100.0,【低PE】【高流通】,0,0
00167.HK,0167.HK,00167,IDT INT'L,HK,消费电子;行业:家庭电器及用品,30.68,44.4,100.0,【高流通】,0,0
00259.HK,0259.HK,00259,亿都(国际控股),HK,"OLED概念股,消费电子",30.43,0.78,100.0,【低PE】【高流通】,0,0
01762.HK,1762.HK,01762,万咖壹联,HK,华为鸿蒙概念;行业:媒体及娱乐,30.26,46.91,100.0,【高流通】,0,0
00752.HK,0752.HK,00752,PICO FAR EAST,HK,行业:媒体及娱乐,30.17,6.92,100.0,【低PE】【高流通】,0,0
00732.HK,0732.HK,00732,信利国际,HK,"OLED概念股,电子信息",29.98,10.93,100.0,【低市值】【低PE】【高流通】,0,1
00357.HK,0357.HK,00357,美兰空港,HK,智能物流,29.77,-9.64,47.93,【低市值】【亏损】,1,1
09923.HK,9923.HK,09923,移卡,HK,"SaaS概念,AIGC概念",29.26,28.65,100.0,【低市值】【高流通】,0,1
02660.HK,2660.HK,02660,禅游科技,HK,游戏概念;行业:软件服务,28.98,7.53,100.0,【低市值】【低PE】【高流通】,0,1
01812.HK,1812.HK,01812,晨鸣纸业,HK,区块链,28.83,-0.35,17.97,【低市值】【亏损】【低流通】,1,1
06657.HK,6657.HK,06657,百望股份,HK,行业:软件服务,28.35,-265.97,100.0,【低市值】【亏损】【高流通】,1,1
01782.HK,1782.HK,01782,国际商业数字技术,HK,行业:软件服务,27.84,-42.86,100.0,【低市值】【亏损】【高流通】,1,1
00596.HK,0596.HK,00596,浪潮数字企业,HK,"云计算,软件外包;行业:软件服务",27.74,10.55,100.0,【低市值】【低PE】【高流通】,0,1
01345.HK,1345.HK,01345,上海先锋控股,HK,AI智能医疗,27.54,21.75,100.0,【低市值】【高流通】,0,1
01948.HK,1948.HK,01948,优矩控股,HK,AIGC概念;行业:媒体及娱乐,27.54,17.65,100.0,【低市值】【低PE】【高流通】,0,1
00580.HK,0580.HK,00580,赛晶科技,HK,电子信息,26.38,17.28,100.0,【低市值】【低PE】【高流通】,0,1
01300.HK,1300.HK,01300,俊知集团,HK,"电子信息,5G概念;行业:资讯科技器材",26.34,22.62,100.0,【低市值】【高流通】,0,1
02576.HK,2576.HK,02576,太美医疗科技,HK,行业:软件服务,26.15,-55.13,35.56,【低市值】【亏损】,1,1
09669.HK,9669.HK,09669,北森控股,HK,行业:软件服务,25.77,-36.78,100.0,【低市值】【亏损】【高流通】,1,1
02422.HK,2422.HK,02422,润歌互动,HK,行业:媒体及娱乐,25.4,-31.33,100.0,【低市值】【亏损】【高流通】,1,1
00951.HK,0951.HK,00951,超威动力,HK,新能源汽车,25.39,6.36,100.0,【低市值】【低PE】【高流通】,0,1
02549.HK,2549.HK,02549,卡罗特,HK,行业:家庭电器及用品,25.12,8.8,100.0,【低市值】【低PE】【高流通】,0,1
01970.HK,1970.HK,01970,IMAX CHINA,HK,行业:媒体及娱乐,25.02,8.53,100.0,【低市值】【低PE】【高流通】,0,1
01747.HK,1747.HK,01747,HOME CONTROL,HK,消费电子;行业:家庭电器及用品,24.35,44.04,100.0,【低市值】【高流通】,0,1
00085.HK,0085.HK,00085,中电华大科技,HK,"芯片替代,半导体概念;行业:半导体",23.55,10.0,100.0,【低市值】【低PE】【高流通】,0,1
00686.HK,0686.HK,00686,北京能源国际,HK,区块链,23.09,-13.12,100.0,【低市值】【亏损】【高流通】,1,1
02121.HK,2121.HK,02121,创新奇智,HK,"人工智能,AIGC概念;行业:软件服务",22.94,-8.28,100.0,【低市值】【亏损】【高流通】,1,1
01716.HK,1716.HK,01716,毛记葵涌,HK,行业:媒体及娱乐,22.63,808.94,100.0,【低市值】【高流通】,0,1
00434.HK,0434.HK,00434,博雅互动,HK,行业:软件服务,22.44,-9.4,100.0,【低市值】【亏损】【高流通】,1,1
02390.HK,2390.HK,02390,知乎-W,HK,AIGC概念;行业:媒体及娱乐,21.82,-10.22,94.27,【低市值】【亏损】【高流通】,1,1
02361.HK,2361.HK,02361,中康科技控股,HK,SaaS概念;行业:软件服务,21.73,21.01,100.0,【低市值】【高流通】,0,1
02149.HK,2149.HK,02149,贝克微,HK,"芯片替代,半导体概念;行业:半导体",21.36,15.81,28.56,【低市值】【低PE】【低流通】,0,1
01588.HK,1588.HK,01588,畅捷通,HK,软件外包;行业:软件服务,20.91,23.15,42.09,【低市值】,0,1
01611.HK,1611.HK,01611,新火集团,HK,"区块链,数据中心,SaaS概念",20.85,-226.39,100.0,【低市值】【亏损】【高流通】,1,1
00547.HK,0547.HK,00547,数字王国,HK,元宇宙概念;行业:媒体及娱乐,20.75,-8.06,100.0,【低市值】【亏损】【高流通】,1,1
03680.HK,3680.HK,03680,瑞和数智,HK,AIGC概念;行业:软件服务,20.68,-29.41,100.0,【低市值】【亏损】【高流通】,1,1
02495.HK,2495.HK,02495,声通科技,HK,人工智能;行业:软件服务,20.64,13.76,82.36,【低市值】【低PE】【高流通】,0,1
01760.HK,1760.HK,01760,英恒科技,HK,行业:汽车,20.34,31.75,100.0,【低市值】【高流通】,0,1
02416.HK,2416.HK,02416,易点云,HK,云计算;行业:软件服务,19.96,13.86,100.0,【低市值】【低PE】【高流通】,0,1
06696.HK,6696.HK,06696,多想云,HK,AIGC概念;行业:媒体及娱乐,19.76,-7.19,100.0,【低市值】【亏损】【高流通】,1,1
02469.HK,2469.HK,02469,粉笔,HK,AI应用软件,19.43,8.86,100.0,【低市值】【低PE】【高流通】,0,1
09990.HK,9990.HK,09990,祖龙娱乐,HK,"游戏概念,AIGC概念;行业:软件服务",19.2,-47.25,100.0,【低市值】【亏损】【高流通】,1,1
03669.HK,3669.HK,03669,永达汽车,HK,华为鸿蒙概念,19.12,-0.34,100.0,【低市值】【亏损】【高流通】,1,1
06633.HK,6633.HK,06633,青瓷游戏,HK,行业:软件服务,18.94,14.05,100.0,【低市值】【低PE】【高流通】,0,1
00837.HK,0837.HK,00837,谭木匠,HK,行业:家庭电器及用品,18.9,9.98,100.0,【低市值】【低PE】【高流通】,0,1
02571.HK,2571.HK,02571,赛目科技,HK,行业:软件服务,18.72,30.05,25.0,【低市值】【低流通】,0,1
08148.HK,8148.HK,08148,悟喜生活,HK,行业:软件服务,18.56,183.41,100.0,【低市值】【高流通】,0,1
00708.HK,0708.HK,00708,恒大汽车,HK,新能源汽车;行业:汽车,18.43,-0.07,100.0,【低市值】【亏损】【高流通】,1,1
02531.HK,2531.HK,02531,广联科技控股,HK,行业:软件服务,18.33,79.83,100.0,【低市值】【高流通】,0,1
00797.HK,0797.HK,00797,第七大道,HK,行业:软件服务,17.9,43.66,100.0,【低市值】【高流通】,0,1
06858.HK,6858.HK,06858,本间高尔夫,HK,行业:家庭电器及用品,17.87,-19.1,100.0,【低市值】【亏损】【高流通】,1,1
09963.HK,9963.HK,09963,高科桥,HK,行业:资讯科技器材,16.89,-17.18,100.0,【低市值】【亏损】【高流通】,1,1
09881.HK,9881.HK,09881,容大科技,HK,行业:资讯科技器材,16.77,76.77,100.0,【低市值】【高流通】,0,1
02306.HK,2306.HK,02306,乐华娱乐,HK,行业:媒体及娱乐,16.45,23.15,100.0,【低市值】【高流通】,0,1
03798.HK,3798.HK,03798,家乡互动,HK,"华为鸿蒙概念,游戏概念;行业:软件服务",16.35,24.97,100.0,【低市值】【高流通】,0,1
03886.HK,3886.HK,03886,康健国际医疗,HK,AI智能医疗,16.32,113.54,100.0,【低市值】【高流通】,0,1
02385.HK,2385.HK,02385,读书郎,HK,AIGC概念,16.23,-12.41,100.0,【低市值】【亏损】【高流通】,1,1
09680.HK,9680.HK,09680,如祺出行,HK,人工智能,16.17,-4.98,100.0,【低市值】【亏损】【高流通】,1,1
00147.HK,0147.HK,00147,国际商业结算,HK,行业:资讯科技器材,15.94,-6.28,100.0,【低市值】【亏损】【高流通】,1,1
02383.HK,2383.HK,02383,TOM集团,HK,AIGC概念;行业:媒体及娱乐,15.64,-7.63,100.0,【低市值】【亏损】【高流通】,1,1
00305.HK,0305.HK,00305,五菱汽车,HK,新能源汽车;行业:汽车,15.5,17.72,100.0,【低市值】【低PE】【高流通】,0,1
02166.HK,2166.HK,02166,芯智控股,HK,"芯片替代,半导体概念;行业:半导体",15.39,9.54,100.0,【低市值】【低PE】【高流通】,0,1
03650.HK,3650.HK,03650,KEEP,HK,人工智能,15.26,-19.21,100.0,【低市值】【亏损】【高流通】,1,1
09616.HK,9616.HK,09616,东软睿新集团,HK,"华为鸿蒙概念,AIGC概念",15.25,3.4,100.0,【低市值】【低PE】【高流通】,0,1
02512.HK,2512.HK,02512,云工场,HK,行业:软件服务,15.1,118.09,100.0,【低市值】【高流通】,0,1
02473.HK,2473.HK,02473,喜相逢集团,HK,行业:汽车,14.8,29.16,100.0,【低市值】【高流通】,0,1
03700.HK,3700.HK,03700,映宇宙,HK,行业:媒体及娱乐,14.72,5.51,100.0,【低市值】【低PE】【高流通】,0,1
01086.HK,1086.HK,01086,好孩子国际,HK,行业:家庭电器及用品,14.72,6.73,100.0,【低市值】【低PE】【高流通】,0,1
00664.HK,0664.HK,00664,铜师傅,HK,行业:家庭电器及用品,14.65,27.65,96.59,【低市值】【高流通】,0,1
01020.HK,1020.HK,01020,中细软科技,HK,行业:软件服务,14.56,-13.8,100.0,【低市值】【亏损】【高流通】,1,1
03991.HK,3991.HK,03991,长虹佳华,HK,行业:资讯科技器材,14.55,3.63,100.0,【低市值】【低PE】【高流通】,0,1
00978.HK,0978.HK,00978,招商局置地,HK,智能穿戴,14.47,-0.59,100.0,【低市值】【亏损】【高流通】,1,1
00805.HK,0805.HK,00805,新吉奥房车,HK,行业:汽车,14.4,42.2,100.0,【低市值】【高流通】,0,1
02100.HK,2100.HK,02100,百奥家庭互动,HK,游戏概念;行业:软件服务,14.34,-17.25,100.0,【低市值】【亏损】【高流通】,1,1
01728.HK,1728.HK,01728,正通汽车,HK,电子商务,14.32,-0.48,100.0,【低市值】【亏损】【高流通】,1,1
08095.HK,8095.HK,08095,北大青鸟环宇,HK,"网络安全,电子信息",14.08,7.66,53.76,【低市值】【低PE】,0,1
00842.HK,0842.HK,00842,理士国际,HK,新能源汽车,13.85,-7.19,100.0,【低市值】【亏损】【高流通】,1,1
01328.HK,1328.HK,01328,金涌投资,HK,软件外包,13.3,-151.48,100.0,【低市值】【亏损】【高流通】,1,1
00370.HK,0370.HK,00370,港仔机器人,HK,机器人概念,13.22,-8.05,100.0,【低市值】【亏损】【高流通】,1,1
00838.HK,0838.HK,00838,亿和控股,HK,电子信息,13.15,5.38,100.0,【低市值】【低PE】【高流通】,0,1
00511.HK,0511.HK,00511,电视广播,HK,AIGC概念;行业:媒体及娱乐,13.03,21.97,100.0,【低市值】【高流通】,0,1
09991.HK,9991.HK,09991,宝尊电商-W,HK,电子商务,12.73,-4.75,92.3,【低市值】【亏损】【高流通】,1,1
06100.HK,6100.HK,06100,同道猎聘,HK,华为鸿蒙概念,12.57,11.07,100.0,【低市值】【低PE】【高流通】,0,1
00595.HK,0595.HK,00595,AV CONCEPT HOLD,HK,"电子信息,芯片替代;行业:半导体",12.41,20.73,100.0,【低市值】【高流通】,0,1
01617.HK,1617.HK,01617,南方通信,HK,5G概念;行业:资讯科技器材,12.36,36.73,100.0,【低市值】【高流通】,0,1
02251.HK,2251.HK,02251,鹰瞳科技-B,HK,人工智能,12.15,-43.94,100.0,【低市值】【亏损】【高流通】,1,1
00818.HK,0818.HK,00818,高阳科技,HK,芯片替代,12.08,-9.94,100.0,【低市值】【亏损】【高流通】,1,1
02098.HK,2098.HK,02098,卓尔智联,HK,"区块链,智能物流",12.03,7.37,100.0,【低市值】【低PE】【高流通】,0,1
01027.HK,1027.HK,01027,亚洲策略科技,HK,行业:家庭电器及用品,11.48,-102.52,100.0,【低市值】【亏损】【高流通】,1,1
00365.HK,0365.HK,00365,芯成科技,HK,工业4.0,11.2,58.36,100.0,【低市值】【高流通】,0,1
01003.HK,1003.HK,01003,欢喜传媒,HK,行业:媒体及娱乐,11.18,-2.24,100.0,【低市值】【亏损】【高流通】,1,1
00527.HK,0527.HK,00527,瑞风新能源,HK,电子信息,10.97,-6.15,100.0,【低市值】【亏损】【高流通】,1,1
08198.HK,8198.HK,08198,加幂科技,HK,行业:软件服务,10.76,-12.06,100.0,【低市值】【亏损】【高流通】,1,1
00635.HK,0635.HK,00635,彩星集团,HK,行业:家庭电器及用品,10.75,-2.97,100.0,【低市值】【亏损】【高流通】,1,1
02878.HK,2878.HK,02878,晶门半导体,HK,"OLED概念股,电子信息,芯片替代,半导体概念;行业:半导体",10.37,33.07,100.0,【低市值】【高流通】,0,1
03773.HK,3773.HK,03773,银盛数惠,HK,行业:媒体及娱乐,10.29,32.41,100.0,【低市值】【高流通】,0,1
06820.HK,6820.HK,06820,友谊时光,HK,"华为鸿蒙概念,游戏概念;行业:软件服务",10.25,9.94,100.0,【低市值】【低PE】【高流通】,0,1
00493.HK,0493.HK,00493,国美零售,HK,"电子商务,区块链",10.22,-0.16,100.0,【低市值】【亏损】【高流通】,1,1
08370.HK,8370.HK,08370,智升集团控股,HK,行业:家庭电器及用品,10.06,-58.73,100.0,【低市值】【亏损】【高流通】,1,1
01450.HK,1450.HK,01450,交个朋友控股,HK,行业:媒体及娱乐,9.97,9.98,100.0,【低市值】【低PE】【高流通】,0,1
09857.HK,9857.HK,09857,柠萌影视,HK,行业:媒体及娱乐,9.94,28.76,100.0,【低市值】【高流通】,0,1
01022.HK,1022.HK,01022,飞鱼科技,HK,行业:软件服务,9.8,8.4,100.0,【低市值】【低PE】【高流通】,0,1
00623.HK,0623.HK,00623,中视金桥,HK,行业:媒体及娱乐,9.64,10.87,100.0,【低市值】【低PE】【高流通】,0,1
06939.HK,6939.HK,06939,美佳音控股,HK,"芯片替代,半导体概念;行业:半导体",9.39,-10.13,100.0,【低市值】【亏损】【高流通】,1,1
00205.HK,0205.HK,00205,BFB HEALTH,HK,行业:媒体及娱乐,9.26,-167.13,100.0,【低市值】【亏损】【高流通】,1,1
00302.HK,0302.HK,00302,中手游,HK,"游戏概念,元宇宙概念,AIGC概念;行业:软件服务",9.2,-0.56,100.0,【低市值】【亏损】【高流通】,1,1
00360.HK,0360.HK,00360,新焦点,HK,行业:汽车,9.12,-6.42,100.0,【低市值】【亏损】【高流通】,1,1
00536.HK,0536.HK,00536,贸易通,HK,行业:软件服务,9.06,10.78,100.0,【低市值】【低PE】【高流通】,0,1
02543.HK,2543.HK,02543,大行科工,HK,行业:家庭电器及用品,9.04,12.86,27.54,【低市值】【低PE】【低流通】,0,1
01204.HK,1204.HK,01204,博维智慧,HK,行业:软件服务,9.0,110.55,100.0,【低市值】【高流通】,0,1
01274.HK,1274.HK,01274,知行科技,HK,"无人驾驶,人工智能;行业:软件服务",8.91,-1.94,100.0,【低市值】【亏损】【高流通】,1,1
02567.HK,2567.HK,02567,七牛智能,HK,行业:软件服务,8.82,-13.76,100.0,【低市值】【亏损】【高流通】,1,1
02550.HK,2550.HK,02550,宜搜科技,HK,人工智能;行业:媒体及娱乐,8.82,24.49,100.0,【低市值】【高流通】,0,1
00607.HK,0607.HK,00607,丰盛控股,HK,智能建筑,8.79,-0.18,100.0,【低市值】【亏损】【高流通】,1,1
00526.HK,0526.HK,00526,利时集团控股,HK,行业:家庭电器及用品,8.76,7.51,100.0,【低市值】【低PE】【高流通】,0,1
01119.HK,1119.HK,01119,创梦天地,HK,"华为鸿蒙概念,游戏概念,元宇宙概念,AIGC概念;行业:软件服务",8.67,49.15,100.0,【低市值】【高流通】,0,1
00334.HK,0334.HK,00334,华显光电,HK,"OLED概念股,电子信息;行业:资讯科技器材",8.67,5.62,100.0,【低市值】【低PE】【高流通】,0,1
06113.HK,6113.HK,06113,比特策略,HK,行业:媒体及娱乐,8.56,-172.56,100.0,【低市值】【亏损】【高流通】,1,1
00186.HK,0186.HK,00186,敏捷控股,HK,"电子信息,消费电子",8.51,-21.83,100.0,【低市值】【亏损】【高流通】,1,1
02008.HK,2008.HK,02008,凤凰卫视,HK,行业:媒体及娱乐,8.49,-3.74,100.0,【低市值】【亏损】【高流通】,1,1
01410.HK,1410.HK,01410,安领国际,HK,行业:软件服务,8.44,16.31,100.0,【低市值】【低PE】【高流通】,0,1
08017.HK,8017.HK,08017,捷利交易宝,HK,行业:软件服务,8.4,9.14,100.0,【低市值】【低PE】【高流通】,0,1
08395.HK,8395.HK,08395,中显智能齐家控股,HK,行业:家庭电器及用品,8.4,271.16,100.0,【低市值】【高流通】,0,1
01499.HK,1499.HK,01499,欧科云链,HK,区块链,8.38,-71.67,100.0,【低市值】【亏损】【高流通】,1,1
06162.HK,6162.HK,06162,天瑞汽车内饰,HK,行业:汽车,8.3,-150.02,100.0,【低市值】【亏损】【高流通】,1,1
00418.HK,0418.HK,00418,方正控股,HK,软件外包;行业:软件服务,8.09,27.13,100.0,【低市值】【高流通】,0,1
00771.HK,0771.HK,00771,自动系统,HK,软件外包;行业:软件服务,8.06,9.78,100.0,【低市值】【低PE】【高流通】,0,1
02392.HK,2392.HK,02392,玄武云,HK,SaaS概念;行业:软件服务,7.93,-13.19,100.0,【低市值】【亏损】【高流通】,1,1
00673.HK,0673.HK,00673,中国卫生集团,HK,AI智能医疗,7.91,-13.01,100.0,【低市值】【亏损】【高流通】,1,1
01075.HK,1075.HK,01075,首都信息,HK,"AI智能医疗,软件外包;行业:软件服务",7.91,5.77,26.68,【低市值】【低PE】【低流通】,0,1
01608.HK,1608.HK,01608,伟能集团,HK,数据中心,7.62,-3.78,100.0,【低市值】【亏损】【高流通】,1,1
03893.HK,3893.HK,03893,易纬集团,HK,行业:家庭电器及用品,7.6,-5.27,100.0,【低市值】【亏损】【高流通】,1,1
00854.HK,0854.HK,00854,威雅利,HK,"电子信息,芯片替代",7.39,14.51,100.0,【低市值】【低PE】【高流通】,0,1
01720.HK,1720.HK,01720,普天通信集团,HK,5G概念;行业:资讯科技器材,7.37,26.26,100.0,【低市值】【高流通】,0,1
01868.HK,1868.HK,01868,同方友友,HK,行业:家庭电器及用品,7.33,91.36,100.0,【低市值】【高流通】,0,1
01980.HK,1980.HK,01980,天鸽互动,HK,"电子商务,游戏概念,AIGC概念;行业:媒体及娱乐",7.32,-71.07,100.0,【低市值】【亏损】【高流通】,1,1
02415.HK,2415.HK,02415,梅斯健康,HK,AI智能医疗,7.23,36.38,100.0,【低市值】【高流通】,0,1
00099.HK,0099.HK,00099,王氏国际,HK,电子信息,7.18,-4.35,100.0,【低市值】【亏损】【高流通】,1,1
02458.HK,2458.HK,02458,望尘科技控股,HK,行业:软件服务,7.14,6.72,100.0,【低市值】【低PE】【高流通】,0,1
02486.HK,2486.HK,02486,普乐师集团控股,HK,行业:媒体及娱乐,7.09,28.54,100.0,【低市值】【高流通】,0,1
02438.HK,2438.HK,02438,出门问问,HK,人工智能;行业:软件服务,6.81,-8.94,100.0,【低市值】【亏损】【高流通】,1,1
09919.HK,9919.HK,09919,艾德韦宣集团,HK,元宇宙概念;行业:媒体及娱乐,6.78,8.05,100.0,【低市值】【低PE】【高流通】,0,1
00860.HK,0860.HK,00860,APOLLO出行,HK,行业:汽车,6.65,-1.0,100.0,【低市值】【亏损】【高流通】,1,1
02440.HK,2440.HK,02440,迷策略,HK,行业:软件服务,6.63,-3.8,100.0,【低市值】【亏损】【高流通】,1,1
00040.HK,0040.HK,00040,金山科技工业,HK,"电子信息,消费电子;行业:家庭电器及用品",6.59,16.28,100.0,【低市值】【低PE】【高流通】,0,1
00018.HK,0018.HK,00018,东方传媒集团,HK,行业:媒体及娱乐,6.47,22.62,100.0,【低市值】【高流通】,0,1
03315.HK,3315.HK,03315,金邦达宝嘉,HK,行业:软件服务,6.45,14.51,100.0,【低市值】【低PE】【高流通】,0,1
02250.HK,2250.HK,02250,小黄鸭德盈,HK,行业:媒体及娱乐,6.35,-7.24,100.0,【低市值】【亏损】【高流通】,1,1
03638.HK,3638.HK,03638,亨利加集团,HK,行业:资讯科技器材,6.29,-8.21,100.0,【低市值】【亏损】【高流通】,1,1
01640.HK,1640.HK,01640,千循科技,HK,行业:媒体及娱乐,6.23,-45.07,100.0,【低市值】【亏损】【高流通】,1,1
00929.HK,0929.HK,00929,国际精密,HK,行业:汽车,6.1,53.59,100.0,【低市值】【高流通】,0,1
06908.HK,6908.HK,06908,宏光半导体,HK,"芯片替代,半导体概念;行业:半导体",6.09,-4.88,100.0,【低市值】【亏损】【高流通】,1,1
00698.HK,0698.HK,00698,通达集团,HK,"电子信息,智能穿戴",6.08,5.05,100.0,【低市值】【低PE】【高流通】,0,1
01085.HK,1085.HK,01085,亨鑫科技,HK,"电子信息,数据中心;行业:资讯科技器材",6.01,-12.79,100.0,【低市值】【亏损】【高流通】,1,1
01473.HK,1473.HK,01473,环联连讯,HK,行业:资讯科技器材,5.98,19.04,100.0,【低市值】【低PE】【高流通】,0,1
00496.HK,0496.HK,00496,卡森国际,HK,行业:家庭电器及用品,5.97,15.51,100.0,【低市值】【低PE】【高流通】,0,1
06898.HK,6898.HK,06898,中国铝罐,HK,工业4.0,5.95,31.26,100.0,【低市值】【高流通】,0,1
02000.HK,2000.HK,02000,晨讯科技,HK,"智能穿戴,5G概念;行业:资讯科技器材",5.93,-44.6,100.0,【低市值】【亏损】【高流通】,1,1
00391.HK,0391.HK,00391,美亚娱乐资讯,HK,AIGC概念;行业:媒体及娱乐,5.92,-16.01,100.0,【低市值】【亏损】【高流通】,1,1
00846.HK,0846.HK,00846,明发集团,HK,芯片替代,5.79,-0.43,100.0,【低市值】【亏损】【高流通】,1,1
02167.HK,2167.HK,02167,天润云,HK,"SaaS概念,AIGC概念;行业:软件服务",5.74,8.52,100.0,【低市值】【低PE】【高流通】,0,1
00869.HK,0869.HK,00869,彩星玩具,HK,行业:家庭电器及用品,5.66,-36.89,100.0,【低市值】【亏损】【高流通】,1,1
01202.HK,1202.HK,01202,四威科技,HK,行业:资讯科技器材,5.64,170.8,40.07,【低市值】,0,1
08041.HK,8041.HK,08041,中微智码,HK,电子商务,5.57,-17.83,100.0,【低市值】【亏损】【高流通】,1,1
00825.HK,0825.HK,00825,新世界百货中国,HK,电子商务,5.56,14.84,100.0,【低市值】【低PE】【高流通】,0,1
03882.HK,3882.HK,03882,天彩控股,HK,"消费电子,智能穿戴;行业:家庭电器及用品",5.55,-14.17,100.0,【低市值】【亏损】【高流通】,1,1
02501.HK,2501.HK,02501,迈越科技,HK,行业:软件服务,5.55,87.99,100.0,【低市值】【高流通】,0,1
00980.HK,0980.HK,00980,联华超市,HK,电子商务,5.55,-2.5,25.23,【低市值】【亏损】【低流通】,1,1
01692.HK,1692.HK,01692,登辉控股,HK,行业:家庭电器及用品,5.49,8.78,100.0,【低市值】【低PE】【高流通】,0,1
00550.HK,0550.HK,00550,律齐文化,HK,行业:媒体及娱乐,5.38,-98.94,100.0,【低市值】【亏损】【高流通】,1,1
08637.HK,8637.HK,08637,元续科技,HK,行业:半导体,5.37,8.79,100.0,【低市值】【低PE】【高流通】,0,1
00876.HK,0876.HK,00876,佳兆业健康,HK,电子信息,5.29,-11.34,100.0,【低市值】【亏损】【高流通】,1,1
00209.HK,0209.HK,00209,瀛晟科学,HK,行业:家庭电器及用品,5.27,-5.68,100.0,【低市值】【亏损】【高流通】,1,1
01925.HK,1925.HK,01925,旷世芳香,HK,行业:家庭电器及用品,5.18,13.05,100.0,【低市值】【低PE】【高流通】,0,1
00529.HK,0529.HK,00529,SIS INT'L,HK,行业:资讯科技器材,5.17,8.55,100.0,【低市值】【低PE】【高流通】,0,1
08403.HK,8403.HK,08403,德丰宿来,HK,行业:媒体及娱乐,5.16,-27.43,100.0,【低市值】【亏损】【高流通】,1,1
00567.HK,0567.HK,00567,大昌微线集团,HK,电子信息,5.08,-26.34,100.0,【低市值】【亏损】【高流通】,1,1
02230.HK,2230.HK,02230,羚邦集团,HK,行业:媒体及娱乐,5.08,9.13,100.0,【低市值】【低PE】【高流通】,0,1
02405.HK,2405.HK,02405,力盟科技,HK,行业:媒体及娱乐,4.96,-14.05,100.0,【低市值】【亏损】【高流通】,1,1
01909.HK,1909.HK,01909,火岩控股,HK,"游戏概念,AIGC概念;行业:软件服务",4.95,-7.69,100.0,【低市值】【亏损】【高流通】,1,1
02350.HK,2350.HK,02350,数科集团,HK,行业:软件服务,4.88,-73.49,100.0,【低市值】【亏损】【高流通】,1,1
02540.HK,2540.HK,02540,乐思集团,HK,行业:媒体及娱乐,4.8,10.93,100.0,【低市值】【低PE】【高流通】,0,1
01673.HK,1673.HK,01673,华章科技,HK,工业4.0,4.79,-16.05,100.0,【低市值】【亏损】【高流通】,1,1
01282.HK,1282.HK,01282,中泽丰,HK,电子信息,4.7,-3.92,100.0,【低市值】【亏损】【高流通】,1,1
08247.HK,8247.HK,08247,中生北控生物科技,HK,AI智能医疗,4.62,-8.15,44.37,【低市值】【亏损】,1,1
02619.HK,2619.HK,02619,香江电器,HK,行业:家庭电器及用品,4.58,8.16,25.11,【低市值】【低PE】【低流通】,0,1
09955.HK,9955.HK,09955,智云健康,HK,SaaS概念,4.52,-0.44,100.0,【低市值】【亏损】【高流通】,1,1
02101.HK,2101.HK,02101,福禄控股,HK,SaaS概念;行业:媒体及娱乐,4.47,14.77,100.0,【低市值】【低PE】【高流通】,0,1
00229.HK,0229.HK,00229,利民实业,HK,行业:家庭电器及用品,4.46,9.61,100.0,【低市值】【低PE】【高流通】,0,1
01079.HK,1079.HK,01079,松景科技,HK,电子信息;行业:资讯科技器材,4.42,-24.22,100.0,【低市值】【亏损】【高流通】,1,1
00464.HK,0464.HK,00464,中国智能科技,HK,行业:家庭电器及用品,4.39,-9.21,100.0,【低市值】【亏损】【高流通】,1,1
00439.HK,0439.HK,00439,瀚源控股,HK,人工智能;行业:软件服务,4.37,-3.1,100.0,【低市值】【亏损】【高流通】,1,1
00776.HK,0776.HK,00776,帝国科技集团,HK,元宇宙概念;行业:软件服务,4.34,-11.27,100.0,【低市值】【亏损】【高流通】,1,1
08227.HK,8227.HK,08227,海天天线,HK,5G概念;行业:资讯科技器材,4.33,-44.85,33.95,【低市值】【亏损】,1,1
01831.HK,1831.HK,01831,十方控股,HK,行业:媒体及娱乐,4.3,-9.1,100.0,【低市值】【亏损】【高流通】,1,1
01985.HK,1985.HK,01985,美高域,HK,行业:软件服务,4.29,-269.47,100.0,【低市值】【亏损】【高流通】,1,1
06933.HK,6933.HK,06933,新娱科控股,HK,行业:软件服务,4.24,-13.21,100.0,【低市值】【亏损】【高流通】,1,1
00419.HK,0419.HK,00419,弘毅文化集团,HK,行业:软件服务,4.15,-6.22,100.0,【低市值】【亏损】【高流通】,1,1
00082.HK,0082.HK,00082,疯狂体育,HK,行业:媒体及娱乐,4.12,-84.61,100.0,【低市值】【亏损】【高流通】,1,1
06698.HK,6698.HK,06698,星空华文,HK,行业:媒体及娱乐,3.99,-3.05,100.0,【低市值】【亏损】【高流通】,1,1
08645.HK,8645.HK,08645,比特元宇宙,HK,行业:软件服务,3.93,-32.99,100.0,【低市值】【亏损】【高流通】,1,1
06830.HK,6830.HK,06830,华众车载,HK,行业:汽车,3.93,9.86,100.0,【低市值】【低PE】【高流通】,0,1
00320.HK,0320.HK,00320,金宝通,HK,智能建筑,3.92,5.78,100.0,【低市值】【低PE】【高流通】,0,1
00465.HK,0465.HK,00465,富通科技,HK,行业:软件服务,3.92,-5.32,100.0,【低市值】【亏损】【高流通】,1,1
08220.HK,8220.HK,08220,比高集团,HK,行业:媒体及娱乐,3.88,-17.76,100.0,【低市值】【亏损】【高流通】,1,1
08611.HK,8611.HK,08611,九福来,HK,行业:软件服务,3.84,-90.07,100.0,【低市值】【亏损】【高流通】,1,1
01159.HK,1159.HK,01159,智数科技集团,HK,行业:媒体及娱乐,3.84,1.9,100.0,【低市值】【低PE】【高流通】,0,1
00114.HK,0114.HK,00114,HERALD HOLD,HK,行业:家庭电器及用品,3.81,7.63,100.0,【低市值】【低PE】【高流通】,0,1
00894.HK,0894.HK,00894,万裕科技,HK,电子信息,3.79,60.59,100.0,【低市值】【高流通】,0,1
02336.HK,2336.HK,02336,硕奥国际,HK,"电子信息,芯片替代",3.74,-49.92,100.0,【低市值】【亏损】【高流通】,1,1
02457.HK,2457.HK,02457,步阳国际,HK,行业:汽车,3.65,29.8,100.0,【低市值】【高流通】,0,1
00543.HK,0543.HK,00543,太平洋网络,HK,电子商务,3.63,66.67,100.0,【低市值】【高流通】,0,1
02131.HK,2131.HK,02131,云想科技,HK,"SaaS概念,AIGC概念;行业:媒体及娱乐",3.62,-850.83,100.0,【低市值】【亏损】【高流通】,1,1
01130.HK,1130.HK,01130,中国环境资源,HK,行业:汽车,3.6,-22.28,100.0,【低市值】【亏损】【高流通】,1,1
00685.HK,0685.HK,00685,世界华文媒体,HK,行业:媒体及娱乐,3.57,-4.26,100.0,【低市值】【亏损】【高流通】,1,1
01348.HK,1348.HK,01348,滉达富控股,HK,行业:家庭电器及用品,3.57,-19.36,100.0,【低市值】【亏损】【高流通】,1,1
08229.HK,8229.HK,08229,未来数据集团,HK,行业:软件服务,3.52,-8.99,100.0,【低市值】【亏损】【高流通】,1,1
00413.HK,0413.HK,00413,南华集团控股,HK,行业:家庭电器及用品,3.44,-0.24,100.0,【低市值】【亏损】【高流通】,1,1
08050.HK,8050.HK,08050,城市酷选,HK,软件外包,3.44,152.36,100.0,【低市值】【高流通】,0,1
06860.HK,6860.HK,06860,指尖悦动,HK,游戏概念;行业:软件服务,3.43,-8.78,100.0,【低市值】【亏损】【高流通】,1,1
00396.HK,0396.HK,00396,兴利(香港)控股,HK,行业:家庭电器及用品,3.39,431.26,100.0,【低市值】【高流通】,0,1
00150.HK,0150.HK,00150,HYPEBEAST,HK,AIGC概念;行业:媒体及娱乐,3.39,-9.6,100.0,【低市值】【亏损】【高流通】,1,1
00423.HK,0423.HK,00423,经济日报集团,HK,行业:媒体及娱乐,3.37,-13.19,100.0,【低市值】【亏损】【高流通】,1,1
01037.HK,1037.HK,01037,云智汇科技,HK,电子信息;行业:软件服务,3.35,-20.82,100.0,【低市值】【亏损】【高流通】,1,1
00912.HK,0912.HK,00912,信佳国际,HK,"电子信息,消费电子;行业:家庭电器及用品",3.3,10.19,100.0,【低市值】【低PE】【高流通】,0,1
00361.HK,0361.HK,00361,汉成发展控股,HK,行业:家庭电器及用品,3.28,-13.33,100.0,【低市值】【亏损】【高流通】,1,1
01148.HK,1148.HK,01148,新晨动力,HK,行业:汽车,3.27,14.65,100.0,【低市值】【低PE】【高流通】,0,1
02222.HK,2222.HK,02222,雷士国际,HK,智能家居;行业:家庭电器及用品,3.25,3.5,100.0,【低市值】【低PE】【高流通】,0,1
01097.HK,1097.HK,01097,有线宽频,HK,"数据中心,F5G概念;行业:媒体及娱乐",3.21,-0.66,100.0,【低市值】【亏损】【高流通】,1,1
01490.HK,1490.HK,01490,车市科技,HK,SaaS概念;行业:媒体及娱乐,3.21,-83.87,100.0,【低市值】【亏损】【高流通】,1,1
00713.HK,0713.HK,00713,世界(集团),HK,行业:家庭电器及用品,3.05,-1.47,100.0,【低市值】【亏损】【高流通】,1,1
00046.HK,0046.HK,00046,科联系统,HK,软件外包;行业:软件服务,3.01,16.29,100.0,【低市值】【低PE】【高流通】,0,1
01993.HK,1993.HK,01993,雅仕维,HK,行业:媒体及娱乐,3.01,20.42,100.0,【低市值】【高流通】,0,1
01110.HK,1110.HK,01110,金活医药集团,HK,AI智能医疗,2.96,23.67,100.0,【低市值】【高流通】,0,1
01402.HK,1402.HK,01402,超智能控股,HK,软件外包;行业:软件服务,2.94,-189.77,100.0,【低市值】【亏损】【高流通】,1,1
02239.HK,2239.HK,02239,国微控股,HK,"区块链,芯片替代;行业:资讯科技器材",2.92,-7.09,100.0,【低市值】【亏损】【高流通】,1,1
02381.HK,2381.HK,02381,蚬壳电业,HK,行业:家庭电器及用品,2.9,30.6,100.0,【低市值】【高流通】,0,1
01335.HK,1335.HK,01335,顺泰控股,HK,行业:半导体,2.9,-3.82,100.0,【低市值】【亏损】【高流通】,1,1
01917.HK,1917.HK,01917,豆盟科技,HK,行业:媒体及娱乐,2.9,-11.45,100.0,【低市值】【亏损】【高流通】,1,1
06988.HK,6988.HK,06988,乐享集团,HK,"电子商务,云计算,SaaS概念,AIGC概念;行业:媒体及娱乐",2.89,-1.79,100.0,【低市值】【亏损】【高流通】,1,1
00318.HK,0318.HK,00318,黄河实业,HK,行业:软件服务,2.88,26.07,100.0,【低市值】【高流通】,0,1
00953.HK,0953.HK,00953,邵氏兄弟控股,HK,行业:媒体及娱乐,2.84,-18.05,100.0,【低市值】【亏损】【高流通】,1,1
01455.HK,1455.HK,01455,科利实业控股,HK,行业:家庭电器及用品,2.84,12.08,100.0,【低市值】【低PE】【高流通】,0,1
01005.HK,1005.HK,01005,MATRIX HOLDINGS,HK,行业:家庭电器及用品,2.8,-1.71,100.0,【低市值】【亏损】【高流通】,1,1
01808.HK,1808.HK,01808,企展控股,HK,网络安全;行业:软件服务,2.79,1.66,100.0,【低市值】【低PE】【高流通】,0,1
00532.HK,0532.HK,00532,WKK INTL (HOLD),HK,电子信息,2.77,-5.01,100.0,【低市值】【亏损】【高流通】,1,1
06188.HK,6188.HK,06188,迪信通,HK,行业:资讯科技器材,2.75,-0.17,61.82,【低市值】【亏损】,1,1
01745.HK,1745.HK,01745,驴迹科技,HK,行业:软件服务,2.73,4.21,100.0,【低市值】【低PE】【高流通】,0,1
06822.HK,6822.HK,06822,科劲国际,HK,行业:家庭电器及用品,2.73,-2.51,100.0,【低市值】【亏损】【高流通】,1,1
01046.HK,1046.HK,01046,寰宇娱乐文化,HK,行业:媒体及娱乐,2.72,225.72,100.0,【低市值】【高流通】,0,1
02280.HK,2280.HK,02280,慧聪集团,HK,"电子商务,区块链;行业:软件服务",2.7,-1.01,100.0,【低市值】【亏损】【高流通】,1,1
00833.HK,0833.HK,00833,华讯,HK,电子信息;行业:家庭电器及用品,2.7,5.72,100.0,【低市值】【低PE】【高流通】,0,1
01013.HK,1013.HK,01013,伟俊集团控股,HK,行业:资讯科技器材,2.67,-29.06,100.0,【低市值】【亏损】【高流通】,1,1
01418.HK,1418.HK,01418,盛诺集团,HK,行业:家庭电器及用品,2.63,4.35,100.0,【低市值】【低PE】【高流通】,0,1
00927.HK,0927.HK,00927,富士高实业,HK,"电子信息,消费电子;行业:家庭电器及用品",2.61,-4.67,100.0,【低市值】【亏损】【高流通】,1,1
01198.HK,1198.HK,01198,皇朝家居,HK,行业:家庭电器及用品,2.6,-0.39,100.0,【低市值】【亏损】【高流通】,1,1
00422.HK,0422.HK,00422,越南制造加工出口,HK,行业:汽车,2.59,7.15,100.0,【低市值】【低PE】【高流通】,0,1
02125.HK,2125.HK,02125,稻草熊娱乐,HK,行业:媒体及娱乐,2.58,-117.03,100.0,【低市值】【亏损】【高流通】,1,1
08066.HK,8066.HK,08066,品创控股,HK,电子信息;行业:资讯科技器材,2.52,20.21,100.0,【低市值】【高流通】,0,1
00286.HK,0286.HK,00286,爱帝宫,HK,AI智能医疗,2.52,-1.3,100.0,【低市值】【亏损】【高流通】,1,1
01739.HK,1739.HK,01739,齐屹科技,HK,SaaS概念;行业:媒体及娱乐,2.52,-3.69,100.0,【低市值】【亏损】【高流通】,1,1
01362.HK,1362.HK,01362,新龙移动,HK,行业:资讯科技器材,2.49,37.56,100.0,【低市值】【高流通】,0,1
06899.HK,6899.HK,06899,联众,HK,"电子竞技,游戏概念;行业:软件服务",2.48,-2.13,100.0,【低市值】【亏损】【高流通】,1,1
01293.HK,1293.HK,01293,广汇宝信,HK,电子商务,2.44,-0.87,100.0,【低市值】【亏损】【高流通】,1,1
01188.HK,1188.HK,01188,正道集团,HK,行业:汽车,2.44,6.63,100.0,【低市值】【低PE】【高流通】,0,1
02223.HK,2223.HK,02223,卡撒天娇,HK,华为鸿蒙概念;行业:家庭电器及用品,2.37,-19.41,100.0,【低市值】【亏损】【高流通】,1,1
03997.HK,3997.HK,03997,电讯首科,HK,行业:资讯科技器材,2.36,-15.33,100.0,【低市值】【亏损】【高流通】,1,1
01147.HK,1147.HK,01147,伊登软件,HK,行业:软件服务,2.31,20.06,100.0,【低市值】【高流通】,0,1
01708.HK,1708.HK,01708,三宝科技,HK,行业:软件服务,2.3,-2.84,29.13,【低市值】【亏损】【低流通】,1,1
06133.HK,6133.HK,06133,维太创科,HK,"电子信息,5G概念;行业:资讯科技器材",2.29,-11.72,100.0,【低市值】【亏损】【高流通】,1,1
01094.HK,1094.HK,01094,承辉国际,HK,行业:软件服务,2.25,-1.41,100.0,【低市值】【亏损】【高流通】,1,1
03601.HK,3601.HK,03601,鲁大师,HK,游戏概念;行业:软件服务,2.23,7.73,100.0,【低市值】【低PE】【高流通】,0,1
00033.HK,0033.HK,00033,INTL GENIUS,HK,行业:家庭电器及用品,2.23,-14.43,100.0,【低市值】【亏损】【高流通】,1,1
02369.HK,2369.HK,02369,酷派集团,HK,智能穿戴;行业:资讯科技器材,2.22,-2.0,100.0,【低市值】【亏损】【高流通】,1,1
01284.HK,1284.HK,01284,新传企划,HK,行业:媒体及娱乐,2.22,17.42,100.0,【低市值】【低PE】【高流通】,0,1
00343.HK,0343.HK,00343,文化传信,HK,AIGC概念;行业:媒体及娱乐,2.22,-4.69,100.0,【低市值】【亏损】【高流通】,1,1
09600.HK,9600.HK,09600,新纽科技,HK,SaaS概念;行业:软件服务,2.15,-1.03,100.0,【低市值】【亏损】【高流通】,1,1
06033.HK,6033.HK,06033,电讯数码控股,HK,行业:资讯科技器材,2.14,56.17,100.0,【低市值】【高流通】,0,1
00591.HK,0591.HK,00591,中国高精密,HK,工业4.0,2.13,34.03,100.0,【低市值】【高流通】,0,1
02605.HK,2605.HK,02605,METALIGHT,HK,行业:媒体及娱乐,2.13,-1.51,100.0,【低市值】【亏损】【高流通】,1,1
02326.HK,2326.HK,02326,新源万恒控股,HK,电子信息,2.11,-5.56,100.0,【低市值】【亏损】【高流通】,1,1
00092.HK,0092.HK,00092,冠军科技集团,HK,行业:软件服务,2.04,-4.05,100.0,【低市值】【亏损】【高流通】,1,1
01111.HK,1111.HK,01111,华视集团控股,HK,行业:媒体及娱乐,2.04,2.59,100.0,【低市值】【低PE】【高流通】,0,1
02934.HK,2934.HK,02934,圣马丁国际(旧),HK,行业:家庭电器及用品,1.97,-1.72,100.0,【低市值】【亏损】【高流通】,1,1
01460.HK,1460.HK,01460,扬科集团,HK,行业:软件服务,1.97,11.54,100.0,【低市值】【低PE】【高流通】,0,1
01351.HK,1351.HK,01351,辉煌明天,HK,行业:媒体及娱乐,1.95,-3.22,100.0,【低市值】【亏损】【高流通】,1,1
00180.HK,0180.HK,00180,开达集团,HK,行业:家庭电器及用品,1.94,-1.02,100.0,【低市值】【亏损】【高流通】,1,1
01715.HK,1715.HK,01715,智慧健康科技,HK,行业:家庭电器及用品,1.91,-4.86,100.0,【低市值】【亏损】【高流通】,1,1
03830.HK,3830.HK,03830,童园国际,HK,行业:家庭电器及用品,1.86,-21.43,100.0,【低市值】【亏损】【高流通】,1,1
00482.HK,0482.HK,00482,圣马丁国际(新),HK,"电子信息,消费电子;行业:家庭电器及用品",1.85,-1.61,100.0,【低市值】【亏损】【高流通】,1,1
00243.HK,0243.HK,00243,QPL INT'L,HK,行业:半导体,1.84,2.8,100.0,【低市值】【低PE】【高流通】,0,1
06610.HK,6610.HK,06610,飞天云动,HK,元宇宙概念;行业:软件服务,1.81,-0.44,100.0,【低市值】【亏损】【高流通】,1,1
01132.HK,1132.HK,01132,橙天嘉禾,HK,行业:媒体及娱乐,1.79,3.18,100.0,【低市值】【低PE】【高流通】,0,1
01575.HK,1575.HK,01575,皇庭智家,HK,智能家居;行业:家庭电器及用品,1.78,-1.84,100.0,【低市值】【亏损】【高流通】,1,1
02330.HK,2330.HK,02330,中国上城,HK,电子信息,1.77,-3.17,100.0,【低市值】【亏损】【高流通】,1,1
06928.HK,6928.HK,06928,万马控股,HK,AIGC概念;行业:汽车,1.75,-7.81,100.0,【低市值】【亏损】【高流通】,1,1
08005.HK,8005.HK,08005,裕兴科技,HK,"消费电子,电子信息,区块链,数据中心;行业:家庭电器及用品",1.72,-2.67,100.0,【低市值】【亏损】【高流通】,1,1
01163.HK,1163.HK,01163,虎视传媒,HK,行业:媒体及娱乐,1.7,27.65,100.0,【低市值】【高流通】,0,1
00164.HK,0164.HK,00164,中国宝力科技,HK,行业:媒体及娱乐,1.68,-19.35,100.0,【低市值】【亏损】【高流通】,1,1
00947.HK,0947.HK,00947,摩比发展,HK,"电子信息,华为概念,5G概念;行业:资讯科技器材",1.68,-1.62,100.0,【低市值】【亏损】【高流通】,1,1
02203.HK,2203.HK,02203,脑洞科技,HK,半导体概念;行业:半导体,1.67,-4.84,100.0,【低市值】【亏损】【高流通】,1,1
00381.HK,0381.HK,00381,权识国际,HK,行业:家庭电器及用品,1.66,-1.36,100.0,【低市值】【亏损】【高流通】,1,1
01105.HK,1105.HK,01105,星岛,HK,行业:媒体及娱乐,1.66,-2.13,100.0,【低市值】【亏损】【高流通】,1,1
08106.HK,8106.HK,08106,芯化兰德,HK,行业:软件服务,1.65,136.98,56.36,【低市值】,0,1
01063.HK,1063.HK,01063,新确科技,HK,电子信息;行业:资讯科技器材,1.62,5.33,100.0,【低市值】【低PE】【高流通】,0,1
08368.HK,8368.HK,08368,中国创意控股,HK,行业:媒体及娱乐,1.62,3.27,100.0,【低市值】【低PE】【高流通】,0,1
08635.HK,8635.HK,08635,大象控股集团,HK,行业:软件服务,1.61,-8.87,100.0,【低市值】【亏损】【高流通】,1,1
00684.HK,0684.HK,00684,亚伦国际,HK,行业:家庭电器及用品,1.6,-1.88,100.0,【低市值】【亏损】【高流通】,1,1
01753.HK,1753.HK,01753,兑吧,HK,SaaS概念;行业:媒体及娱乐,1.56,-1.3,100.0,【低市值】【亏损】【高流通】,1,1
01002.HK,1002.HK,01002,威铖国际,HK,电子信息,1.56,50.63,100.0,【低市值】【高流通】,0,1
01206.HK,1206.HK,01206,同方泰德,HK,智能建筑;行业:软件服务,1.56,-0.28,100.0,【低市值】【亏损】【高流通】,1,1
08205.HK,8205.HK,08205,交大慧谷,HK,"网络安全,电子信息;行业:软件服务",1.54,-14.73,27.27,【低市值】【亏损】【低流通】,1,1
01059.HK,1059.HK,01059,看通集团,HK,行业:软件服务,1.54,7.83,100.0,【低市值】【低PE】【高流通】,0,1
08147.HK,8147.HK,08147,汇思太平洋,HK,行业:家庭电器及用品,1.53,-17.05,100.0,【低市值】【亏损】【高流通】,1,1
02086.HK,2086.HK,02086,高维科技,HK,行业:资讯科技器材,1.5,-29.54,100.0,【低市值】【亏损】【高流通】,1,1
01679.HK,1679.HK,01679,瑞斯康集团,HK,芯片替代;行业:软件服务,1.49,-5.69,100.0,【低市值】【亏损】【高流通】,1,1
08143.HK,8143.HK,08143,金威医疗,HK,AI智能医疗,1.49,-7.29,100.0,【低市值】【亏损】【高流通】,1,1
00759.HK,0759.HK,00759,CEC INT'L HOLD,HK,电子信息,1.48,-4.31,100.0,【低市值】【亏损】【高流通】,1,1
08082.HK,8082.HK,08082,擎华控股,HK,行业:媒体及娱乐,1.47,-2.98,100.0,【低市值】【亏损】【高流通】,1,1
01949.HK,1949.HK,01949,佰达国际控股,HK,行业:软件服务,1.4,-5.46,100.0,【低市值】【亏损】【高流通】,1,1
02078.HK,2078.HK,02078,荣阳实业,HK,电子信息,1.39,-2.35,100.0,【低市值】【亏损】【高流通】,1,1
08379.HK,8379.HK,08379,盈证国际,HK,行业:资讯科技器材,1.39,-11600.0,100.0,【低市值】【亏损】【高流通】,1,1
00484.HK,0484.HK,00484,云游控股,HK,行业:资讯科技器材,1.36,-2.6,100.0,【低市值】【亏损】【高流通】,1,1
01123.HK,1123.HK,01123,中港照相,HK,消费电子;行业:家庭电器及用品,1.36,-179.59,100.0,【低市值】【亏损】【高流通】,1,1
06918.HK,6918.HK,06918,奇士达,HK,行业:家庭电器及用品,1.36,-1.48,100.0,【低市值】【亏损】【高流通】,1,1
08529.HK,8529.HK,08529,优博控股,HK,行业:半导体,1.31,10.21,100.0,【低市值】【低PE】【高流通】,0,1
01087.HK,1087.HK,01087,威讯控股,HK,电子信息;行业:资讯科技器材,1.3,-2.38,100.0,【低市值】【亏损】【高流通】,1,1
01616.HK,1616.HK,01616,一元宇宙,HK,行业:媒体及娱乐,1.29,-3.1,100.0,【低市值】【亏损】【高流通】,1,1
08547.HK,8547.HK,08547,PACIFIC LEGEND,HK,行业:家庭电器及用品,1.29,-7.61,100.0,【低市值】【亏损】【高流通】,1,1
08093.HK,8093.HK,08093,瓦普思瑞元宇宙,HK,行业:媒体及娱乐,1.29,-4.25,100.0,【低市值】【亏损】【高流通】,1,1
00048.HK,0048.HK,00048,中国汽车内饰,HK,行业:汽车,1.23,-5.33,100.0,【低市值】【亏损】【高流通】,1,1
08062.HK,8062.HK,08062,俊盟国际,HK,行业:软件服务,1.22,-96.76,100.0,【低市值】【亏损】【高流通】,1,1
08186.HK,8186.HK,08186,曼妠,HK,行业:家庭电器及用品,1.2,70.75,100.0,【低市值】【高流通】,0,1
00110.HK,0110.HK,00110,中国长远,HK,行业:资讯科技器材,1.18,-8.14,100.0,【低市值】【亏损】【高流通】,1,1
01000.HK,1000.HK,01000,北青传媒,HK,行业:媒体及娱乐,1.18,-1.47,27.97,【低市值】【亏损】【低流通】,1,1
08317.HK,8317.HK,08317,财华社集团,HK,行业:媒体及娱乐,1.14,57.8,100.0,【低市值】【高流通】,0,1
00072.HK,0072.HK,00072,超媒体控股,HK,行业:媒体及娱乐,1.12,-2.77,100.0,【低市值】【亏损】【高流通】,1,1
08100.HK,8100.HK,08100,名科国际,HK,软件外包;行业:软件服务,1.11,-20.4,100.0,【低市值】【亏损】【高流通】,1,1
08028.HK,8028.HK,08028,天时资源,HK,软件外包,1.11,-9.65,100.0,【低市值】【亏损】【高流通】,1,1
08311.HK,8311.HK,08311,圆美光电,HK,电子信息;行业:资讯科技器材,1.1,-8.79,100.0,【低市值】【亏损】【高流通】,1,1
00889.HK,0889.HK,00889,连达科技控股,HK,电子信息,1.1,-4.56,100.0,【低市值】【亏损】【高流通】,1,1
08267.HK,8267.HK,08267,蓝港互动,HK,区块链;行业:软件服务,1.09,-9.57,100.0,【低市值】【亏损】【高流通】,1,1
08031.HK,8031.HK,08031,易通讯集团,HK,软件外包,1.08,-12.6,100.0,【低市值】【亏损】【高流通】,1,1
01740.HK,1740.HK,01740,新石文化,HK,行业:媒体及娱乐,1.08,-5.41,100.0,【低市值】【亏损】【高流通】,1,1
00007.HK,0007.HK,00007,智富资源投资,HK,行业:家庭电器及用品,1.07,-1.59,100.0,【低市值】【亏损】【高流通】,1,1
08446.HK,8446.HK,08446,耀星科技集团,HK,行业:媒体及娱乐,1.06,4.08,100.0,【低市值】【低PE】【高流通】,0,1
00485.HK,0485.HK,00485,中国华星,HK,电子信息,1.02,-4.73,100.0,【低市值】【亏损】【高流通】,1,1
01933.HK,1933.HK,01933,元力控股,HK,行业:软件服务,1.01,-0.98,100.0,【低市值】【亏损】【高流通】,1,1
01991.HK,1991.HK,01991,大洋集团,HK,电子信息;行业:媒体及娱乐,1.0,-1.75,100.0,【低市值】【亏损】【高流通】,1,1
00491.HK,0491.HK,00491,英皇文化产业,HK,行业:媒体及娱乐,1.0,-0.75,100.0,【低市值】【亏损】【高流通】,1,1
09958.HK,9958.HK,09958,力天影业,HK,行业:媒体及娱乐,0.96,-2.02,100.0,【低市值】【亏损】【高流通】,1,1
02310.HK,2310.HK,02310,时代环球集团,HK,电子信息,0.96,-68.74,100.0,【低市值】【亏损】【高流通】,1,1
09918.HK,9918.HK,09918,丽年国际,HK,行业:家庭电器及用品,0.95,-3.05,100.0,【低市值】【亏损】【高流通】,1,1
00765.HK,0765.HK,00765,PERFECTECH INTL,HK,行业:家庭电器及用品,0.94,-12.14,100.0,【低市值】【亏损】【高流通】,1,1
01647.HK,1647.HK,01647,雄岸科技,HK,区块链,0.91,23.75,100.0,【低市值】【高流通】,0,1
08319.HK,8319.HK,08319,思博系统,HK,行业:软件服务,0.9,7.25,100.0,【低市值】【低PE】【高流通】,0,1
02022.HK,2022.HK,02022,游莱互动,HK,游戏概念;行业:软件服务,0.9,-3.11,100.0,【低市值】【亏损】【高流通】,1,1
01213.HK,1213.HK,01213,万保刚集团,HK,电子信息,0.9,-9.23,100.0,【低市值】【亏损】【高流通】,1,1
08081.HK,8081.HK,08081,白居易控股,HK,软件外包,0.88,-1.47,100.0,【低市值】【亏损】【高流通】,1,1
00948.HK,0948.HK,00948,阿尔法企业,HK,电子信息,0.87,-0.44,100.0,【低市值】【亏损】【高流通】,1,1
01613.HK,1613.HK,01613,协同通信,HK,"智能家居,5G概念;行业:软件服务",0.86,-2.72,100.0,【低市值】【亏损】【高流通】,1,1
01143.HK,1143.HK,01143,中国储能科技发展,HK,"电子信息,消费电子;行业:家庭电器及用品",0.86,-1.94,100.0,【低市值】【亏损】【高流通】,1,1
00571.HK,0571.HK,00571,丰德丽控股,HK,行业:媒体及娱乐,0.84,2.15,100.0,【低市值】【低PE】【高流通】,0,1
08406.HK,8406.HK,08406,中国口腔产业,HK,行业:家庭电器及用品,0.84,-1.77,100.0,【低市值】【亏损】【高流通】,1,1
08606.HK,8606.HK,08606,倢冠控股,HK,行业:软件服务,0.82,32.89,100.0,【低市值】【高流通】,0,1
08172.HK,8172.HK,08172,拉近网娱,HK,行业:媒体及娱乐,0.8,-4.17,100.0,【低市值】【亏损】【高流通】,1,1
00984.HK,0984.HK,00984,永旺,HK,电子商务,0.78,-0.24,100.0,【低市值】【亏损】【高流通】,1,1
08043.HK,8043.HK,08043,ATLINKS,HK,行业:资讯科技器材,0.77,-17.74,100.0,【低市值】【亏损】【高流通】,1,1
02127.HK,2127.HK,02127,汇森股份,HK,行业:家庭电器及用品,0.77,-0.04,100.0,【低市值】【亏损】【高流通】,1,1
08033.HK,8033.HK,08033,爱达利网络,HK,软件外包;行业:软件服务,0.75,6.78,100.0,【低市值】【低PE】【高流通】,0,1
02028.HK,2028.HK,02028,映美控股,HK,电子信息;行业:资讯科技器材,0.75,-1.37,100.0,【低市值】【亏损】【高流通】,1,1
01912.HK,1912.HK,01912,康特隆,HK,"芯片替代,半导体概念;行业:半导体",0.74,-1.31,100.0,【低市值】【亏损】【高流通】,1,1
01961.HK,1961.HK,01961,多牛科技,HK,游戏概念;行业:软件服务,0.73,-1.12,100.0,【低市值】【亏损】【高流通】,1,1
01326.HK,1326.HK,01326,传递娱乐,HK,行业:媒体及娱乐,0.7,-0.21,100.0,【低市值】【亏损】【高流通】,1,1
00261.HK,0261.HK,00261,GBA集团,HK,电子信息,0.7,-0.63,100.0,【低市值】【亏损】【高流通】,1,1
01792.HK,1792.HK,01792,CMON,HK,行业:家庭电器及用品,0.69,-0.45,100.0,【低市值】【亏损】【高流通】,1,1
01237.HK,1237.HK,01237,中科生物,HK,行业:家庭电器及用品,0.69,1.4,100.0,【低市值】【低PE】【高流通】,0,1
01315.HK,1315.HK,01315,绿色经济,HK,智能建筑,0.67,3.75,100.0,【低市值】【低PE】【高流通】,0,1
02358.HK,2358.HK,02358,久融控股,HK,"电子信息,消费电子;行业:家庭电器及用品",0.66,-1.97,100.0,【低市值】【亏损】【高流通】,1,1
08051.HK,8051.HK,08051,讯智海,HK,行业:资讯科技器材,0.66,8.15,100.0,【低市值】【低PE】【高流通】,0,1
01269.HK,1269.HK,01269,首控集团,HK,行业:汽车,0.65,-0.17,100.0,【低市值】【亏损】【高流通】,1,1
02363.HK,2363.HK,02363,通达宏泰,HK,行业:资讯科技器材,0.63,-2.66,100.0,【低市值】【亏损】【高流通】,1,1
08249.HK,8249.HK,08249,瑞远智控,HK,电子信息,0.62,-43.03,25.81,【低市值】【亏损】【低流通】,1,1
08290.HK,8290.HK,08290,亚势备份,HK,软件外包;行业:软件服务,0.6,348.84,100.0,【低市值】【高流通】,0,1
08118.HK,8118.HK,08118,中资国际控股,HK,行业:家庭电器及用品,0.6,-1.32,100.0,【低市值】【亏损】【高流通】,1,1
01632.HK,1632.HK,01632,民商创科,HK,行业:软件服务,0.59,-1.05,100.0,【低市值】【亏损】【高流通】,1,1
08627.HK,8627.HK,08627,旅橙文化,HK,行业:媒体及娱乐,0.57,-6.23,100.0,【低市值】【亏损】【高流通】,1,1
00248.HK,0248.HK,00248,香港通讯国际控股,HK,行业:软件服务,0.57,-1.74,100.0,【低市值】【亏损】【高流通】,1,1
08071.HK,8071.HK,08071,中彩网通控股,HK,行业:软件服务,0.56,-11.35,100.0,【低市值】【亏损】【高流通】,1,1
08159.HK,8159.HK,08159,新华联合投资,HK,电子信息;行业:资讯科技器材,0.55,-1.27,100.0,【低市值】【亏损】【高流通】,1,1
08057.HK,8057.HK,08057,麦迪森控股,HK,芯片替代,0.54,-2.98,100.0,【低市值】【亏损】【高流通】,1,1
08131.HK,8131.HK,08131,辰罡科技,HK,软件外包;行业:软件服务,0.53,8.7,100.0,【低市值】【低PE】【高流通】,0,1
08286.HK,8286.HK,08286,长城微光,HK,行业:资讯科技器材,0.53,-1.94,35.85,【低市值】【亏损】,1,1
00986.HK,0986.HK,00986,杜甫酒业集团,HK,电子信息,0.5,1.82,100.0,【低市值】【低PE】【高流通】,0,1
08113.HK,8113.HK,08113,时腾科技,HK,电子信息,0.5,14.45,100.0,【低市值】【低PE】【高流通】,0,1
00515.HK,0515.HK,00515,中华银科技,HK,电子信息,0.49,-0.93,100.0,【低市值】【亏损】【高流通】,1,1
00328.HK,0328.HK,00328,ALCO HOLDINGS,HK,"电子信息,消费电子;行业:资讯科技器材",0.48,-0.81,100.0,【低市值】【亏损】【高流通】,1,1
08238.HK,8238.HK,08238,惠陶集团,HK,行业:媒体及娱乐,0.48,-7.35,100.0,【低市值】【亏损】【高流通】,1,1
00426.HK,0426.HK,00426,万华媒体,HK,行业:媒体及娱乐,0.45,-1.62,100.0,【低市值】【亏损】【高流通】,1,1
08280.HK,8280.HK,08280,中国数字视频,HK,AIGC概念;行业:媒体及娱乐,0.44,-2.3,100.0,【低市值】【亏损】【高流通】,1,1
08392.HK,8392.HK,08392,舍图控股,HK,行业:家庭电器及用品,0.44,-111.68,100.0,【低市值】【亏损】【高流通】,1,1
08136.HK,8136.HK,08136,英马斯集团,HK,行业:家庭电器及用品,0.43,7.23,100.0,【低市值】【低PE】【高流通】,0,1
08545.HK,8545.HK,08545,佰悦集团,HK,行业:家庭电器及用品,0.42,-16.78,100.0,【低市值】【亏损】【高流通】,1,1
01561.HK,1561.HK,01561,联洋智能控股,HK,行业:软件服务,0.4,-19.3,100.0,【低市值】【亏损】【高流通】,1,1
01849.HK,1849.HK,01849,秀商时代控股,HK,AIGC概念;行业:媒体及娱乐,0.4,-2.74,100.0,【低市值】【亏损】【高流通】,1,1
08036.HK,8036.HK,08036,电子交易集团,HK,行业:软件服务,0.39,-10.56,100.0,【低市值】【亏损】【高流通】,1,1
08500.HK,8500.HK,08500,天泓文创,HK,行业:媒体及娱乐,0.39,-2.06,100.0,【低市值】【亏损】【高流通】,1,1
08153.HK,8153.HK,08153,嘉鼎国际集团,HK,行业:媒体及娱乐,0.39,-0.92,100.0,【低市值】【亏损】【高流通】,1,1
01010.HK,1010.HK,01010,天玺曜11,HK,芯片替代,0.38,-0.87,100.0,【低市值】【亏损】【高流通】,1,1
08130.HK,8130.HK,08130,大地国际集团,HK,AI智能医疗,0.36,-0.59,100.0,【低市值】【亏损】【高流通】,1,1
08048.HK,8048.HK,08048,御德国际控股,HK,软件外包,0.35,-4.89,100.0,【低市值】【亏损】【高流通】,1,1
08006.HK,8006.HK,08006,华泰瑞银,HK,行业:媒体及娱乐,0.35,-3.57,100.0,【低市值】【亏损】【高流通】,1,1
08003.HK,8003.HK,08003,世大控股,HK,行业:媒体及娱乐,0.33,1.04,100.0,【低市值】【低PE】【高流通】,0,1
08282.HK,8282.HK,08282,智傲控股,HK,行业:软件服务,0.32,49.41,100.0,【低市值】【高流通】,0,1
08419.HK,8419.HK,08419,AV策划推广,HK,消费电子;行业:家庭电器及用品,0.32,-5.67,100.0,【低市值】【亏损】【高流通】,1,1
08092.HK,8092.HK,08092,ITE HOLDINGS,HK,行业:软件服务,0.31,14.15,100.0,【低市值】【低PE】【高流通】,0,1
08076.HK,8076.HK,08076,新利软件,HK,软件外包;行业:软件服务,0.3,-2.27,100.0,【低市值】【亏损】【高流通】,1,1
08420.HK,8420.HK,08420,NEXION TECH,HK,网络安全;行业:软件服务,0.3,-7.88,100.0,【低市值】【亏损】【高流通】,1,1
08337.HK,8337.HK,08337,直通电讯,HK,电子信息,0.27,-2.97,100.0,【低市值】【亏损】【高流通】,1,1
08178.HK,8178.HK,08178,中国信息科技,HK,电子商务;行业:软件服务,0.27,-0.27,100.0,【低市值】【亏损】【高流通】,1,1
00176.HK,0176.HK,00176,先机企业集团,HK,"电子信息,消费电子;行业:家庭电器及用品",0.26,-0.1,100.0,【低市值】【亏损】【高流通】,1,1
08401.HK,8401.HK,08401,源想集团,HK,行业:媒体及娱乐,0.26,-6.94,100.0,【低市值】【亏损】【高流通】,1,1
08429.HK,8429.HK,08429,华美乐乐,HK,行业:媒体及娱乐,0.25,-2.48,100.0,【低市值】【亏损】【高流通】,1,1
08245.HK,8245.HK,08245,烽翼集团,HK,行业:资讯科技器材,0.25,-1.75,100.0,【低市值】【亏损】【高流通】,1,1
08112.HK,8112.HK,08112,基石金融,HK,行业:媒体及娱乐,0.24,-1.3,100.0,【低市值】【亏损】【高流通】,1,1
08121.HK,8121.HK,08121,国恩控股,HK,行业:媒体及娱乐,0.24,-7.09,100.0,【低市值】【亏损】【高流通】,1,1
08018.HK,8018.HK,08018,汇财金融投资,HK,电子信息;行业:软件服务,0.22,-1.68,100.0,【低市值】【亏损】【高流通】,1,1
08091.HK,8091.HK,08091,奥传思维控股,HK,行业:媒体及娱乐,0.22,-3.19,100.0,【低市值】【亏损】【高流通】,1,1
08103.HK,8103.HK,08103,HMVOD视频,HK,软件外包;行业:媒体及娱乐,0.22,-1.78,100.0,【低市值】【亏损】【高流通】,1,1
08222.HK,8222.HK,08222,壹照明,HK,行业:家庭电器及用品,0.16,-3.4,100.0,【低市值】【亏损】【高流通】,1,1
00299.HK,0299.HK,00299,宝新置地,HK,软件外包,0.12,-0.03,100.0,【低市值】【亏损】【高流通】,1,1
08385.HK,8385.HK,08385,万里印刷,HK,行业:媒体及娱乐,0.1,-0.24,100.0,【低市值】【亏损】【高流通】,1,1
00724.HK,0724.HK,00724,瑞鑫国际集团,HK,"电子信息,半导体概念;行业:半导体",0.09,-0.82,100.0,【低市值】【亏损】【高流通】,1,1
NVDA,NVDA,NVDA,NVIDIA Corporation,US,算力/GPU/AI芯片,4823.33,40.5,95.97,【高流通】,0,0
GOOGL,GOOGL,GOOGL,Alphabet Inc.,US,GCP/Gemini,4672.81,29.42,186.37,,0,0
GOOG,GOOG,GOOG,Alphabet Inc.,US,GCP/Gemini-C,4635.81,29.23,199.59,,0,0
AAPL,AAPL,AAPL,Apple Inc.,US,Apple Intelligence,4110.62,33.93,99.96,【高流通】,0,0
MSFT,MSFT,MSFT,Microsoft Corporation,US,Azure/OpenAI,3076.82,24.68,99.85,【高流通】,0,0
AMZN,AMZN,AMZN,"Amazon.com, Inc.",US,AWS/Bedrock,2886.66,32.07,90.89,【高流通】,0,0
TSM,TSM,TSM,Taiwan Semiconductor Manufactur,US,算力/晶圆代工,2062.48,34.13,455.79,,0,0
AVGO,AVGO,AVGO,Broadcom Inc.,US,算力/ASIC/网络,1994.62,81.96,98.75,【高流通】,0,0
META,META,META,"Meta Platforms, Inc.",US,Llama/广告AI,1545.25,22.12,99.85,【高流通】,0,0
TSLA,TSLA,TSLA,"Tesla, Inc.",US,FSD/Optimus,1467.81,358.55,74.98,,0,0
LLY,LLY,LLY,Eli Lilly and Company,US,礼来AI,862.01,34.25,99.39,【高流通】,0,0
MU,MU,MU,"Micron Technology, Inc.",US,算力/HBM存储,611.47,25.58,99.63,【高流通】,0,0
AMD,AMD,AMD,"Advanced Micro Devices, Inc.",US,算力/GPU/CPU,587.83,138.67,99.46,【高流通】,0,0
TCEHY,TCEHY,TCEHY,Tencent Holding Ltd.,US,腾讯ADR,553.47,17.34,69.04,【低PE】,0,0
ASML,ASML,ASML,ASML Holding N.V. - New York Re,US,半导体设备,550.0,47.17,99.96,【高流通】,0,0
INTC,INTC,INTC,Intel Corporation,US,算力/CPU/IDM,500.64,,99.82,【高流通】,0,0
ORCL,ORCL,ORCL,Oracle Corporation,US,OCI/AI数据库,494.19,30.85,59.42,,0,0
NFLX,NFLX,NFLX,"Netflix, Inc.",US,AI内容,387.65,29.7,99.35,【高流通】,0,0
CSCO,CSCO,CSCO,"Cisco Systems, Inc.",US,网络,362.8,33.04,99.83,【高流通】,0,0
PLTR,PLTR,PLTR,Palantir Technologies Inc.,US,AIP,345.36,228.68,91.48,【高流通】,0,0
BABA,BABA,BABA,Alibaba Group Holding Limited,US,阿里/通义,324.49,23.19,732.86,,0,0
LRCX,LRCX,LRCX,Lam Research Corporation,US,半导体设备,320.95,48.51,99.59,【高流通】,0,0
AMAT,AMAT,AMAT,"Applied Materials, Inc.",US,半导体设备,308.78,39.82,99.56,【高流通】,0,0
GE,GE,GE,GE Aerospace,US,工业/航空AI,299.35,35.59,99.62,【高流通】,0,0
GEV,GEV,GEV,GE Vernova Inc.,US,AI电力设备,285.64,31.05,99.8,【高流通】,0,0
TXN,TXN,TXN,Texas Instruments Incorporated,US,算力/模拟,255.69,48.03,99.76,【高流通】,0,0
KLAC,KLAC,KLAC,KLA Corporation,US,半导体设备,226.82,48.78,99.42,【高流通】,0,0
ARM,ARM,ARM,Arm Holdings plc,US,算力/IP,224.16,277.72,12.86,【低流通】,0,0
IBM,IBM,IBM,International Business Machines,US,watsonx,218.24,20.53,99.79,【高流通】,0,0
ANET,ANET,ANET,"Arista Networks, Inc.",US,网络交换机,217.46,62.8,82.62,【高流通】,0,0
NEE,NEE,NEE,"NextEra Energy, Inc.",US,清洁能源,202.17,24.61,99.79,【高流通】,0,0
SAP,SAP,SAP,SAP  SE,US,AI ERP,201.31,23.36,88.98,【高流通】,0,0
BHP,BHP,BHP,BHP Group Limited,US,铜矿巨头,200.84,19.67,193.85,【低PE】,0,0
NVO,NVO,NVO,Novo Nordisk A/S,US,AI糖尿病,194.57,12.16,94.89,【低PE】【高流通】,0,0
ADI,ADI,ADI,"Analog Devices, Inc.",US,算力/模拟,194.15,72.44,99.63,【高流通】,0,0
QCOM,QCOM,QCOM,QUALCOMM Incorporated,US,算力/AI手机芯片,186.59,19.06,99.78,【低PE】【高流通】,0,0
DIS,DIS,DIS,Walt Disney Company (The),US,AI媒体,182.61,15.18,99.84,【低PE】【高流通】,0,0
APH,APH,APH,Amphenol Corporation,US,高速连接器,174.95,40.77,99.43,【高流通】,0,0
SHOP,SHOP,SHOP,Shopify Inc.,US,AI电商,165.76,135.82,100.24,,0,0
ETN,ETN,ETN,"Eaton Corporation, PLC",US,电气/数据中心,165.11,40.64,99.81,【高流通】,0,0
RIO,RIO,RIO,Rio Tinto Plc,US,铜矿巨头,163.56,16.52,88.01,【低PE】【高流通】,0,0
STX,STX,STX,Seagate Technology Holdings PLC,US,存储,163.0,68.97,99.67,【高流通】,0,0
ISRG,ISRG,ISRG,"Intuitive Surgical, Inc.",US,手术机器人,162.13,55.56,99.38,【高流通】,0,0
APP,APP,APP,Applovin Corporation,US,AI广告,154.68,45.86,79.23,,0,0
UBER,UBER,UBER,"Uber Technologies, Inc.",US,AI/自驾,154.61,15.88,100.47,【低PE】,0,0
CRM,CRM,CRM,"Salesforce, Inc.",US,Agentforce,150.37,23.6,109.33,,0,0
PFE,PFE,PFE,"Pfizer, Inc.",US,辉瑞AI,149.77,19.36,99.83,【低PE】【高流通】,0,0
WDC,WDC,WDC,Western Digital Corporation,US,存储,147.54,25.84,100.16,,0,0
PANW,PANW,PANW,"Palo Alto Networks, Inc.",US,网安AI,146.86,101.17,99.77,【高流通】,0,0
MRVL,MRVL,MRVL,"Marvell Technology, Inc.",US,算力/ASIC/网络,144.24,53.73,99.57,【高流通】,0,0
PDD,PDD,PDD,PDD Holdings Inc.,US,拼多多AI,141.94,10.33,218.76,【低PE】,0,0
SCCO,SCCO,SCCO,Southern Copper Corporation,US,铜,141.41,28.67,11.13,【低流通】,0,0
DELL,DELL,DELL,Dell Technologies Inc.,US,AI服务器,136.65,24.21,92.23,【高流通】,0,0
GLW,GLW,GLW,Corning Incorporated,US,光纤/玻璃,135.95,76.45,91.9,【高流通】,0,0
HON,HON,HON,Honeywell International Inc.,US,工业自动化,134.65,33.89,94.84,【高流通】,0,0
BKNG,BKNG,BKNG,Booking Holdings Inc. Common St,US,AI旅行,131.44,22.38,99.67,【高流通】,0,0
VRT,VRT,VRT,"Vertiv Holdings, LLC",US,数据中心电源/液冷,126.11,82.7,98.37,【高流通】,0,0
CRWD,CRWD,CRWD,"CrowdStrike Holdings, Inc.",US,网安AI,115.56,,98.15,【高流通】,0,0
CEG,CEG,CEG,Constellation Energy Corporatio,US,核电/AI,111.52,41.65,93.53,【高流通】,0,0
PWR,PWR,PWR,"Quanta Services, Inc.",US,电力工程,111.37,102.09,98.99,【高流通】,0,0
INTU,INTU,INTU,Intuit Inc.,US,金融AI,111.04,25.98,97.74,【高流通】,0,0
SO,SO,SO,Southern Company (The),US,电力,109.02,24.73,99.78,【高流通】,0,0
VRTX,VRTX,VRTX,Vertex Pharmaceuticals Incorpor,US,Vertex AI药,107.83,27.71,99.56,【高流通】,0,0
EQIX,EQIX,EQIX,"Equinix, Inc.",US,IDC REIT,107.08,75.24,99.61,【高流通】,0,0
ADBE,ADBE,ADBE,Adobe Inc.,US,Firefly,101.34,14.62,99.69,【低PE】【高流通】,0,0
DUK,DUK,DUK,Duke Energy Corporation (Holdin,US,电力,100.08,20.38,99.67,【高流通】,0,0
CDNS,CDNS,CDNS,"Cadence Design Systems, Inc.",US,EDA,94.13,79.29,99.42,【高流通】,0,0
NOW,NOW,NOW,"ServiceNow, Inc.",US,AI Agent,94.01,54.26,99.71,【高流通】,0,0
MELI,MELI,MELI,"MercadoLibre, Inc.",US,LATAM AI,93.79,46.94,92.78,【高流通】,0,0
SNPS,SNPS,SNPS,"Synopsys, Inc.",US,EDA,93.68,75.23,99.44,【高流通】,0,0
WMB,WMB,WMB,"Williams Companies, Inc. (The)",US,管道,92.37,35.3,99.32,【高流通】,0,0
SPOT,SPOT,SPOT,Spotify Technology S.A.,US,AI音乐,90.78,29.24,76.07,,0,0
AMT,AMT,AMT,American Tower Corporation (REI,US,通信塔/IDC,84.61,29.34,99.7,【高流通】,0,0
ABNB,ABNB,ABNB,"Airbnb, Inc.",US,AI旅行,84.22,35.24,97.14,【高流通】,0,0
BE,BE,BE,Bloom Energy Corporation,US,燃料电池,82.64,,94.18,【高流通】,0,0
EPD,EPD,EPD,Enterprise Products Partners L.,US,管道,82.21,14.09,67.0,【低PE】,0,0
FCX,FCX,FCX,"Freeport-McMoRan, Inc.",US,铜,81.18,29.92,96.97,【高流通】,0,0
MPWR,MPWR,MPWR,"Monolithic Power Systems, Inc.",US,AI电源,77.78,113.67,96.1,【高流通】,0,0
EMR,EMR,EMR,Emerson Electric Company,US,工业自动化/AI,77.25,33.69,99.63,【高流通】,0,0
NET,NET,NET,"Cloudflare, Inc.",US,边缘AI,76.86,,98.79,【高流通】,0,0
DASH,DASH,DASH,"DoorDash, Inc.",US,AI物流,76.63,82.57,90.75,【高流通】,0,0
CIEN,CIEN,CIEN,Ciena Corporation,US,光网络,75.69,345.35,99.43,【高流通】,0,0
NTES,NTES,NTES,"NetEase, Inc.",US,网易AI,75.29,15.38,272.78,【低PE】,0,0
NXPI,NXPI,NXPI,NXP Semiconductors N.V.,US,算力/汽车AI,74.54,28.25,99.83,【高流通】,0,0
AEP,AEP,AEP,American Electric Power Company,US,电力,74.42,20.59,99.35,【高流通】,0,0
MMM,MMM,MMM,3M Company,US,工业(蹭),74.32,27.46,99.83,【高流通】,0,0
KMI,KMI,KMI,"Kinder Morgan, Inc.",US,管道/AI电力,72.37,21.83,87.06,【高流通】,0,0
DLR,DLR,DLR,"Digital Realty Trust, Inc.",US,IDC REIT,71.27,53.24,94.25,【高流通】,0,0
NU,NU,NU,Nu Holdings Ltd.,US,巴西金融AI,70.19,24.9,93.91,【高流通】,0,0
ET,ET,ET,Energy Transfer LP,US,管道,68.6,16.48,89.86,【低PE】【高流通】,0,0
GM,GM,GM,General Motors Company,US,通用智驾,68.32,27.65,99.65,【高流通】,0,0
LITE,LITE,LITE,Lumentum Holdings Inc.,US,光通信,67.83,277.76,99.15,【高流通】,0,0
FTNT,FTNT,FTNT,"Fortinet, Inc.",US,网安,63.17,35.66,85.17,【高流通】,0,0
CRWV,CRWV,CRWV,"CoreWeave, Inc.",US,GPU云,62.86,,64.38,【亏损】,1,0
MSTR,MSTR,MSTR,Strategy Inc,US,MicroStrategy,62.08,,94.99,【高流通】,0,0
COHR,COHR,COHR,Coherent Corp.,US,光通信,61.78,323.04,94.2,【高流通】,0,0
TEL,TEL,TEL,TE Connectivity plc,US,连接器,60.55,21.19,99.82,【高流通】,0,0
KEYS,KEYS,KEYS,Keysight Technologies Inc.,US,测试设备,60.44,62.15,99.39,【高流通】,0,0
OXY,OXY,OXY,Occidental Petroleum Corporatio,US,石油(纯蹭),58.22,43.49,99.06,【高流通】,0,0
OKE,OKE,OKE,"ONEOK, Inc.",US,管道,56.93,16.11,99.7,【低PE】【高流通】,0,0
D,D,D,"Dominion Energy, Inc.",US,电力,56.2,18.43,99.78,【低PE】【高流通】,0,0
NTDOY,NTDOY,NTDOY,"Nintendo Co., Ltd.",US,AI游戏,55.61,24.12,24.57,【低流通】,0,0
TRGP,TRGP,TRGP,"Targa Resources, Inc.",US,天然气/AI电力,54.66,29.95,98.56,【高流通】,0,0
TER,TER,TER,"Teradyne, Inc.",US,半导体设备,54.08,64.09,99.78,【高流通】,0,0
ETR,ETR,ETR,Entergy Corporation,US,电力/数据中心,53.31,29.7,99.47,【高流通】,0,0
SE,SE,SE,Sea Limited,US,东南亚AI,52.8,34.21,56.01,,0,0
VST,VST,VST,Vistra Corp.,US,独立发电/AI,52.57,71.56,92.84,【高流通】,0,0
CCJ,CCJ,CCJ,Cameco Corporation,US,铀矿,52.53,121.82,99.75,【高流通】,0,0
MCHP,MCHP,MCHP,Microchip Technology Incorporat,US,算力/MCU,50.84,,97.94,【高流通】,0,0
EA,EA,EA,Electronic Arts Inc.,US,AI游戏,50.57,75.69,89.81,【高流通】,0,0
COIN,COIN,COIN,"Coinbase Global, Inc.",US,Coinbase(AI辅助),50.5,42.88,98.58,【高流通】,0,0
DDOG,DDOG,DDOG,"Datadog, Inc.",US,可观测/AIOps,50.02,453.32,98.37,【高流通】,0,0
STM,STM,STM,STMicroelectronics N.V.,US,算力/模拟,49.55,348.44,71.74,,0,0
SNOW,SNOW,SNOW,Snowflake Inc.,US,数据云,48.74,,97.04,【高流通】,0,0
CLS,CLS,CLS,"Celestica, Inc.",US,AI服务器ODM,48.17,50.78,98.85,【高流通】,0,0
ASMIY,ASMIY,ASMIY,ASM International N.V.,US,半导体设备,47.81,41.49,95.15,【高流通】,0,0
F,F,F,Ford Motor Company,US,福特AI,47.65,,98.34,【高流通】,0,0
EXC,EXC,EXC,Exelon Corporation,US,电力,47.58,17.03,99.79,【低PE】【高流通】,0,0
EBAY,EBAY,EBAY,eBay Inc.,US,AI电商,46.21,24.03,99.57,【高流通】,0,0
ROK,ROK,ROK,"Rockwell Automation, Inc.",US,工业自动化,45.81,46.51,99.67,【高流通】,0,0
RKLB,RKLB,RKLB,Rocket Lab Corporation,US,商业航天/AI,45.56,,91.45,【高流通】,0,0
BIDU,BIDU,BIDU,"Baidu, Inc.",US,百度/文心,42.83,73.18,774.41,,0,0
JD,JD,JD,"JD.com, Inc.",US,京东AI,40.92,15.85,199.3,【低PE】,0,0
ON,ON,ON,ON Semiconductor Corporation,US,算力/电源,40.52,355.28,99.75,【高流通】,0,0
TTWO,TTWO,TTWO,"Take-Two Interactive Software,",US,AI游戏,40.0,,99.53,【高流通】,0,0
NBIS,NBIS,NBIS,Nebius Group N.V.,US,GPU云,39.09,1404.45,96.63,【高流通】,0,0
CCI,CCI,CCI,Crown Castle Inc.,US,通信塔,38.95,37.66,99.7,【高流通】,0,0
WEC,WEC,WEC,"WEC Energy Group, Inc.",US,电力,38.26,24.37,99.67,【高流通】,0,0
HPE,HPE,HPE,Hewlett Packard Enterprise Comp,US,AI服务器,37.91,,99.55,【高流通】,0,0
IRM,IRM,IRM,Iron Mountain Incorporated (Del,US,IDC/数据,37.84,138.25,99.04,【高流通】,0,0
CCL,CCL,CCL,Carnival Corporation,US,邮轮(蹭),36.93,11.74,103.79,【低PE】,0,0
PCG,PCG,PCG,Pacific Gas & Electric Co.,US,电力,36.23,12.75,99.69,【低PE】【高流通】,0,0
JBL,JBL,JBL,Jabil Inc.,US,AI服务器代工,36.13,46.09,98.03,【高流通】,0,0
SYM,SYM,SYM,Symbotic Inc.,US,仓储机器人,35.47,,87.51,【高流通】,0,0
ALAB,ALAB,ALAB,"Astera Labs, Inc.",US,PCIe/CXL,34.72,166.13,81.95,【高流通】,0,0
CRDO,CRDO,CRDO,Credo Technology Group Holding,US,高速铜缆/AEC,34.01,100.75,89.88,【高流通】,0,0
FLEX,FLEX,FLEX,Flex Ltd.,US,AI服务器代工,33.72,41.12,99.3,【高流通】,0,0
WDAY,WDAY,WDAY,"Workday, Inc.",US,HR AI,32.63,49.02,99.16,【高流通】,0,0
NRG,NRG,NRG,"NRG Energy, Inc.",US,发电,32.57,38.34,100.67,,0,0
RBLX,RBLX,RBLX,Roblox Corporation,US,AI元宇宙,32.3,,95.99,【亏损】【高流通】,1,0
RDDT,RDDT,RDDT,"Reddit, Inc.",US,AI数据/广告,32.04,47.57,96.31,【高流通】,0,0
ZM,ZM,ZM,"Zoom Communications, Inc.",US,AI视频,30.48,16.74,97.84,【低PE】【高流通】,0,0
DOV,DOV,DOV,Dover Corporation,US,工业,30.41,28.26,99.43,【高流通】,0,0
EXPE,EXPE,EXPE,"Expedia Group, Inc.",US,AI旅行,30.23,25.65,100.64,,0,0
TDY,TDY,TDY,Teledyne Technologies Incorpora,US,国防AI,29.67,32.47,98.97,【高流通】,0,0
TECK,TECK,TECK,Teck Resources Ltd,US,铜,28.39,21.0,97.12,【高流通】,0,0
TWLO,TWLO,TWLO,Twilio Inc.,US,AI客服,27.83,277.79,96.08,【高流通】,0,0
ASTS,ASTS,ASTS,"AST SpaceMobile, Inc.",US,卫星AI,27.51,,84.75,【亏损】【高流通】,1,0
FN,FN,FN,Fabrinet,US,光通信代工,25.31,67.55,99.8,【高流通】,0,0
VRSN,VRSN,VRSN,"VeriSign, Inc.",US,域名/网安,24.79,30.1,99.37,【高流通】,0,0
TEAM,TEAM,TEAM,Atlassian Corporation,US,AI协作,23.44,,97.88,【高流通】,0,0
FSLR,FSLR,FSLR,"First Solar, Inc.",US,光伏(数据中心电力),22.75,13.68,94.54,【低PE】【高流通】,0,0
ZS,ZS,ZS,"Zscaler, Inc.",US,网安AI,22.48,,64.81,,0,0
PSTG,PSTG,PSTG,"Everpure, Inc.",US,闪存存储,22.41,123.27,94.57,【高流通】,0,0
NTAP,NTAP,NTAP,"NetApp, Inc.",US,存储,22.2,18.81,99.37,【低PE】【高流通】,0,0
FUTU,FUTU,FUTU,Futu Holdings Limited,US,富途AI金融,21.71,15.12,499.42,【低PE】,0,0
ENTG,ENTG,ENTG,"Entegris, Inc.",US,半导体材料,21.66,81.78,99.54,【高流通】,0,0
MTSI,MTSI,MTSI,MACOM Technology Solutions Hold,US,射频/光通信,21.32,128.01,90.16,【高流通】,0,0
MDB,MDB,MDB,"MongoDB, Inc.",US,向量DB,21.17,,97.09,【高流通】,0,0
STLA,STLA,STLA,Stellantis N.V.,US,Stellantis,20.66,,84.26,【高流通】,0,0
RIVN,RIVN,RIVN,"Rivian Automotive, Inc.",US,Rivian,19.88,,63.21,【亏损】,1,0
BWXT,BWXT,BWXT,"BWX Technologies, Inc.",US,核工程,19.82,60.25,99.37,【高流通】,0,0
BEKE,BEKE,BEKE,KE Holdings Inc,US,贝壳AI,19.03,44.89,188.77,,0,0
MRNA,MRNA,MRNA,"Moderna, Inc.",US,mRNA AI,17.99,,93.33,【亏损】【高流通】,1,0
LI,LI,LI,Li Auto Inc.,US,理想,17.96,109.81,130.36,,0,0
IOT,IOT,IOT,Samsara Inc.,US,物联网AI,17.71,,95.99,【高流通】,0,0
AMKR,AMKR,AMKR,"Amkor Technology, Inc.",US,半导体封测,17.62,40.86,54.18,,0,0
TLN,TLN,TLN,Talen Energy Corporation,US,核电,17.01,,85.44,【高流通】,0,0
IONQ,IONQ,IONQ,"IonQ, Inc.",US,量子,16.94,,98.18,【亏损】【高流通】,1,0
TOST,TOST,TOST,"Toast, Inc.",US,餐饮AI,16.88,51.98,93.62,【高流通】,0,0
LSCC,LSCC,LSCC,Lattice Semiconductor Corporati,US,FPGA,16.56,6048.0,99.05,【高流通】,0,0
SMCI,SMCI,SMCI,"Super Micro Computer, Inc.",US,AI服务器,16.27,19.77,83.2,【低PE】【高流通】,0,0
DIDIY,DIDIY,DIDIY,DiDi Global Inc.,US,滴滴ADR,16.18,119.67,13.93,【低流通】,0,0
AKAM,AKAM,AKAM,"Akamai Technologies, Inc.",US,边缘,15.29,33.83,96.21,【高流通】,0,0
IREN,IREN,IREN,IREN LIMITED,US,AI算力/挖矿,15.15,31.71,91.26,【高流通】,0,0
XPEV,XPEV,XPEV,XPeng Inc.,US,小鹏,15.13,,181.43,,0,0
GRAB,GRAB,GRAB,Grab Holdings Limited,US,东南亚AI,15.05,61.17,67.45,,0,0
NIO,NIO,NIO,NIO Inc.,US,蔚来,14.81,,80.41,【亏损】【高流通】,1,0
SITM,SITM,SITM,SiTime Corporation,US,时钟芯片,14.75,,85.08,【高流通】,0,0
AAOI,AAOI,AAOI,"Applied Optoelectronics, Inc.",US,光通信,14.68,,90.35,【高流通】,0,0
LOGI,LOGI,LOGI,Logitech International S.A. - R,US,罗技AI硬件,14.58,20.86,99.74,【高流通】,0,0
ONTO,ONTO,ONTO,Onto Innovation Inc.,US,半导体量检测,14.57,105.37,99.22,【高流通】,0,0
TME,TME,TME,Tencent Music Entertainment Gro,US,腾讯音乐AI,14.34,8.75,162.84,【低PE】,0,0
TYL,TYL,TYL,"Tyler Technologies, Inc.",US,政府AI,14.15,46.28,99.43,【高流通】,0,0
OKTA,OKTA,OKTA,"Okta, Inc.",US,身份AI,13.4,57.85,99.29,【高流通】,0,0
PINS,PINS,PINS,"Pinterest, Inc.",US,AI广告,12.96,33.15,114.19,,0,0
HUBS,HUBS,HUBS,"HubSpot, Inc.",US,AI营销,12.35,278.94,98.84,【高流通】,0,0
OKLO,OKLO,OKLO,Oklo Inc.,US,SMR核能,12.24,,83.73,【亏损】【高流通】,1,0
CHKP,CHKP,CHKP,Check Point Software Technologi,US,网安,11.94,11.78,76.26,【低PE】,0,0
U,U,U,Unity Software Inc.,US,AI游戏引擎,11.84,,81.48,【高流通】,0,0
KTOS,KTOS,KTOS,Kratos Defense & Security Solut,US,国防AI,11.63,477.31,89.47,【高流通】,0,0
TTD,TTD,TTD,"The Trade Desk, Inc.",US,程序化广告AI,11.53,26.92,98.95,【高流通】,0,0
GDDY,GDDY,GDDY,GoDaddy Inc.,US,AI域名,11.51,13.75,99.08,【低PE】【高流通】,0,0
DT,DT,DT,"Dynatrace, Inc.",US,AI可观测,11.34,62.68,99.41,【高流通】,0,0
RBRK,RBRK,RBRK,"Rubrik, Inc.",US,AI数据安全,11.33,,96.14,【高流通】,0,0
ZBRA,ZBRA,ZBRA,Zebra Technologies Corporation,US,扫描AI,11.17,27.79,100.76,,0,0
CFLT,CFLT,CFLT,"Confluent, Inc.",US,数据流,11.13,,98.59,【高流通】,0,0
GLXY,GLXY,GLXY,Galaxy Digital Inc.,US,Galaxy Digital,10.97,,97.6,【高流通】,0,0
FORM,FORM,FORM,"FormFactor, Inc.",US,半导体测试,10.72,158.01,99.03,【高流通】,0,0
SNAP,SNAP,SNAP,Snap Inc.,US,AI广告,10.62,,77.0,,0,0
WULF,WULF,WULF,TeraWulf Inc.,US,TeraWulf算力,10.5,,65.78,,0,0
SWKS,SWKS,SWKS,"Skyworks Solutions, Inc.",US,射频,10.44,26.59,99.5,【高流通】,0,0
BSY,BSY,BSY,"Bentley Systems, Incorporated",US,AI工程软件,10.18,39.48,51.04,,0,0
SMTC,SMTC,SMTC,Semtech Corporation,US,高速接口,10.04,,99.25,【高流通】,0,0
CART,CART,CART,Maplebear Inc.,US,AI杂货,9.99,26.37,68.2,,0,0
TEM,TEM,TEM,"Tempus AI, Inc.",US,Tempus AI,9.87,,64.96,【亏损】,1,0
PRIM,PRIM,PRIM,Primoris Services Corporation,US,电力工程,9.78,36.0,98.51,【高流通】,0,0
APLD,APLD,APLD,Applied Digital Corporation,US,Applied Digital,9.59,,88.84,【亏损】【高流通】,1,0
AVAV,AVAV,AVAV,"AeroVironment, Inc.",US,无人机AI,9.36,,73.93,,0,0
CGNX,CGNX,CGNX,Cognex Corporation,US,机器视觉,9.34,82.26,94.64,【高流通】,0,0
DOCU,DOCU,DOCU,"DocuSign, Inc.",US,AI合同,9.32,32.41,98.92,【高流通】,0,0
BILI,BILI,BILI,Bilibili Inc.,US,哔哩哔哩,9.14,52.26,85.82,【高流通】,0,0
JOBY,JOBY,JOBY,"Joby Aviation, Inc.",US,eVTOL,9.09,,67.35,【亏损】,1,0
YMM,YMM,YMM,Full Truck Alliance Co. Ltd.,US,满帮AI,9.01,14.11,1623.76,【低PE】,0,0
EDU,EDU,EDU,New Oriental Education & Techno,US,新东方AI,8.97,19.93,687.51,【低PE】,0,0
AYI,AYI,AYI,Acuity Inc.,US,电气,8.77,21.22,98.69,【高流通】,0,0
CAMT,CAMT,CAMT,Camtek Ltd.,US,半导体量检测,8.69,177.73,62.51,,0,0
QRVO,QRVO,QRVO,"Qorvo, Inc.",US,射频,8.67,25.76,90.99,【高流通】,0,0
HUT,HUT,HUT,Hut 8 Corp.,US,Hut8算力,8.66,,75.58,【亏损】,1,0
GDS,GDS,GDS,GDS Holdings Limited,US,GDS数据中心,8.5,66.27,553.01,,0,0
CRUS,CRUS,CRUS,"Cirrus Logic, Inc.",US,音频,8.38,21.7,99.14,【高流通】,0,0
NXE,NXE,NXE,Nexgen Energy Ltd.,US,铀,8.18,,96.66,【亏损】【高流通】,1,0
QBTS,QBTS,QBTS,D-Wave Quantum Inc.,US,D-Wave,7.59,,98.03,【亏损】【高流通】,1,0
MBLY,MBLY,MBLY,Mobileye Global Inc.,US,智驾,7.36,,68.52,,0,0
UEC,UEC,UEC,Uranium Energy Corp.,US,铀,7.32,,98.23,【亏损】【高流通】,1,0
SLAB,SLAB,SLAB,"Silicon Laboratories, Inc.",US,IoT芯片,7.2,,98.27,【高流通】,0,0
PAYC,PAYC,PAYC,"Paycom Software, Inc.",US,HR AI,7.16,16.33,95.28,【低PE】【高流通】,0,0
CIFR,CIFR,CIFR,Cipher Digital Inc.,US,Cipher算力,6.92,,81.28,【高流通】,0,0
TAL,TAL,TAL,TAL Education Group,US,好未来,6.8,12.14,27.29,【低PE】【低流通】,0,0
MYRG,MYRG,MYRG,"MYR Group, Inc.",US,电力建设,6.75,47.9,98.17,【高流通】,0,0
KVYO,KVYO,KVYO,"Klaviyo, Inc. Series A",US,客户AI,6.69,,100.6,,0,0
NICE,NICE,NICE,NICE Ltd,US,AI客服,6.6,11.68,100.93,【低PE】,0,0
CORZ,CORZ,CORZ,"Core Scientific, Inc.",US,Core Scientific,6.42,,73.95,,0,0
PEGA,PEGA,PEGA,Pegasystems Inc.,US,AI流程,6.05,19.57,53.16,【低PE】,0,0
FROG,FROG,FROG,JFrog Ltd.,US,DevOps,6.04,,86.83,【高流通】,0,0
ETSY,ETSY,ETSY,"Etsy, Inc.",US,AI电商,5.99,24.2,87.68,【高流通】,0,0
PCTY,PCTY,PCTY,Paylocity Holding Corporation,US,HR AI,5.96,25.79,80.27,【高流通】,0,0
OTEX,OTEX,OTEX,Open Text Corporation,US,AI内容,5.9,13.57,98.3,【低PE】【高流通】,0,0
CGON,CGON,CGON,"CG Oncology, Inc.",US,AI生物,5.83,,78.45,【亏损】,1,0
RGTI,RGTI,RGTI,"Rigetti Computing, Inc.",US,量子,5.82,,98.46,【亏损】【高流通】,1,0
PATH,PATH,PATH,"UiPath, Inc.",US,RPA+AI,5.59,20.52,92.71,【高流通】,0,0
LYFT,LYFT,LYFT,"Lyft, Inc.",US,AI/自驾,5.51,2.12,83.11,【低PE】【高流通】,0,0
UUUU,UUUU,UUUU,Energy Fuels Inc,US,铀,5.38,,96.21,【高流通】,0,0
GLBE,GLBE,GLBE,Global-E Online Ltd.,US,AI跨境电商,5.28,80.67,62.07,,0,0
ATAT,ATAT,ATAT,Atour Lifestyle Holdings Limite,US,亚朵AI,5.25,22.34,197.42,,0,0
IPGP,IPGP,IPGP,IPG Photonics Corporation,US,激光,5.22,170.65,64.22,,0,0
DUOL,DUOL,DUOL,"Duolingo, Inc.",US,AI教育,5.2,12.98,99.33,【低PE】【高流通】,0,0
S,S,S,"SentinelOne, Inc.",US,网安AI,5.07,,97.42,【高流通】,0,0
ESTC,ESTC,ESTC,Elastic N.V.,US,搜索AI,5.03,,80.05,【高流通】,0,0
CRSP,CRSP,CRSP,CRISPR Therapeutics AG,US,CRISPR,4.98,,99.09,【亏损】【高流通】,1,0
DIOD,DIOD,DIOD,Diodes Incorporated,US,半导体,4.98,75.69,97.78,【高流通】,0,0
WIX,WIX,WIX,Wix.com Ltd.,US,AI建站,4.7,91.59,80.21,【高流通】,0,0
PI,PI,PI,"Impinj, Inc.",US,RFID/IoT,4.48,,96.82,【高流通】,0,0
ENPH,ENPH,ENPH,"Enphase Energy, Inc.",US,储能,4.46,33.51,96.98,【高流通】,0,0
ACHR,ACHR,ACHR,Archer Aviation Inc.,US,eVTOL,4.4,,83.61,【亏损】【高流通】,1,0
FSLY,FSLY,FSLY,"Fastly, Inc.",US,边缘AI,4.39,,91.85,【高流通】,0,0
MARA,MARA,MARA,"MARA Holdings, Inc.",US,Marathon算力,4.36,,97.68,【亏损】【高流通】,1,0
LMND,LMND,LMND,"Lemonade, Inc.",US,AI保险,4.35,,92.62,【亏损】【高流通】,1,0
PLUG,PLUG,PLUG,"Plug Power, Inc.",US,燃料电池,4.32,,95.45,【亏损】【高流通】,1,0
PONY,PONY,PONY,Pony AI Inc.,US,小马智行,4.29,,80.71,【亏损】【高流通】,1,0
CRNX,CRNX,CRNX,"Crinetics Pharmaceuticals, Inc.",US,AI药,4.11,,91.29,【亏损】【高流通】,1,0
LUNR,LUNR,LUNR,"Intuitive Machines, Inc.",US,太空AI,4.1,,80.83,【高流通】,0,0
GTLB,GTLB,GTLB,GitLab Inc.,US,AI DevOps,4.09,,97.61,【高流通】,0,0
POWI,POWI,POWI,"Power Integrations, Inc.",US,AI电源,4.08,188.0,97.61,【高流通】,0,0
SOUN,SOUN,SOUN,"SoundHound AI, Inc.",US,语音AI,4.07,,98.29,【亏损】【高流通】,1,0
LEU,LEU,LEU,Centrus Energy Corp.,US,浓缩铀,4.06,52.85,96.55,【高流通】,0,0
NVTS,NVTS,NVTS,Navitas Semiconductor Corporati,US,功率/AI电源,4.03,,88.02,【亏损】【高流通】,1,0
SMR,SMR,SMR,NuScale Power Corporation,US,NuScale,3.93,,96.35,【亏损】【高流通】,1,0
BILL,BILL,BILL,"BILL Holdings, Inc.",US,AI财务,3.87,,89.2,【高流通】,0,0
PALAF,PALAF,PALAF,Paladin Energy Ltd.,US,铀(OTC),3.84,,96.99,【高流通】,0,0
SYNA,SYNA,SYNA,Synaptics Incorporated,US,触控,3.76,,98.11,【高流通】,0,0
MNDY,MNDY,MNDY,monday.com Ltd.,US,AI协作,3.75,32.47,81.15,【高流通】,0,0
OII,OII,OII,"Oceaneering International, Inc.",US,海工机器人,3.7,11.03,98.38,【低PE】【高流通】,0,0
BMI,BMI,BMI,"Badger Meter, Inc.",US,智能水表,3.56,27.6,99.35,【高流通】,0,0
BOX,BOX,BOX,"Box, Inc.",US,内容AI,3.46,43.12,103.11,,0,0
ACMR,ACMR,ACMR,"ACM Research, Inc.",US,半导体设备,3.45,38.07,88.12,【高流通】,0,0
HSAI,HSAI,HSAI,Hesai Group,US,禾赛激光雷达,3.44,50.02,97.49,【高流通】,0,0
DNN,DNN,DNN,Denison Mines Corp,US,铀,3.39,,99.55,【亏损】【高流通】,1,0
CLBT,CLBT,CLBT,Cellebrite DI Ltd.,US,AI执法,3.33,43.06,49.27,,0,0
BTU,BTU,BTU,Peabody Energy Corporation,US,煤炭(数据中心电力),3.23,,88.84,【高流通】,0,0
BEAM,BEAM,BEAM,Beam Therapeutics Inc.,US,碱基编辑,3.15,,85.57,【亏损】【高流通】,1,0
AMBA,AMBA,AMBA,"Ambarella, Inc.",US,AI视觉SoC,3.13,,94.29,【高流通】,0,0
UPST,UPST,UPST,"Upstart Holdings, Inc.",US,AI金融,3.13,72.76,83.94,【高流通】,0,0
QLYS,QLYS,QLYS,"Qualys, Inc.",US,网安,3.12,16.27,100.42,【低PE】,0,0
CLSK,CLSK,CLSK,"CleanSpark, Inc.",US,CleanSpark,3.11,,96.54,【亏损】【高流通】,1,0
BHE,BHE,BHE,"Benchmark Electronics, Inc.",US,电子代工,3.03,89.89,97.78,【高流通】,0,0
PLAB,PLAB,PLAB,"Photronics, Inc.",US,光罩,2.96,21.44,97.55,【高流通】,0,0
EXTR,EXTR,EXTR,"Extreme Networks, Inc.",US,网络,2.95,185.79,96.4,【高流通】,0,0
AEHR,AEHR,AEHR,Aehr Test Systems,US,半导体测试,2.93,,95.31,【高流通】,0,0
BTDR,BTDR,BTDR,Bitdeer Technologies Group,US,Bitdeer,2.88,,65.59,【亏损】,1,0
CALX,CALX,CALX,"Calix, Inc",US,光接入,2.78,88.84,90.43,【高流通】,0,0
BRZE,BRZE,BRZE,"Braze, Inc.",US,客户AI,2.67,,81.49,【高流通】,0,0
TDC,TDC,TDC,Teradata Corporation,US,Teradata,2.64,20.71,86.28,【高流通】,0,0
ERO,ERO,ERO,Ero Copper Corp.,US,铜,2.63,9.96,97.53,【低PE】【高流通】,0,0
WRD,WRD,WRD,WERIDE INC.,US,WeRide,2.56,,201.09,【亏损】,1,0
TENB,TENB,TENB,"Tenable Holdings, Inc.",US,AI网安,2.43,,98.86,【高流通】,0,0
LCID,LCID,LCID,"Lucid Group, Inc.",US,Lucid,2.39,,35.83,【亏损】,1,0
VNET,VNET,VNET,"VNET Group, Inc.",US,世纪互联,2.37,,292.86,,0,0
ALRM,ALRM,ALRM,"Alarm.com Holdings, Inc.",US,智能家居,2.33,19.16,95.57,【低PE】【高流通】,0,0
ICHR,ICHR,ICHR,Ichor Holdings,US,半导体设备,2.24,,97.38,【高流通】,0,0
COHU,COHU,COHU,"Cohu, Inc.",US,半导体测试,2.15,,96.95,【高流通】,0,0
HIMX,HIMX,HIMX,"Himax Technologies, Inc.",US,显示驱动,2.15,47.35,141.65,,0,0
EVCM,EVCM,EVCM,EverCommerce Inc.,US,AI软件,2.14,121.1,6.45,【低流通】,0,0
QUBT,QUBT,QUBT,Quantum Computing Inc.,US,量子,2.08,,88.47,【亏损】【高流通】,1,0
NCNO,NCNO,NCNO,"nCino, Inc.",US,金融AI,2.08,362.6,91.37,【高流通】,0,0
WB,WB,WB,Weibo Corporation,US,微博,2.05,4.92,53.1,【低PE】,0,0
BL,BL,BL,"BlackLine, Inc.",US,AI财务,2.02,86.95,76.73,,0,0
BBAI,BBAI,BBAI,"BigBear.ai, Inc.",US,小盘AI,1.98,,98.63,【亏损】【高流通】,1,0
RXRX,RXRX,RXRX,"Recursion Pharmaceuticals, Inc.",US,Recursion,1.79,,97.77,【亏损】【高流通】,1,0
WOLF,WOLF,WOLF,"Wolfspeed, Inc.",US,碳化硅,1.78,,58.4,【亏损】,1,0
FIVN,FIVN,FIVN,"Five9, Inc.",US,AI联络中心,1.7,34.22,87.76,【高流通】,0,0
OUST,OUST,OUST,"Ouster, Inc.",US,Ouster激光雷达,1.68,,94.42,【亏损】【高流通】,1,0
ASAN,ASAN,ASAN,"Asana, Inc.",US,AI协作,1.66,,58.17,,0,0
YELP,YELP,YELP,Yelp Inc.,US,AI点评,1.61,12.9,103.2,【低PE】,0,0
NTLA,NTLA,NTLA,"Intellia Therapeutics, Inc.",US,基因编辑AI,1.58,,94.12,【亏损】【高流通】,1,0
KARO,KARO,KARO,Karooooo Ltd.,US,AI客服,1.56,25.2,24.29,【低流通】,0,0
TUYA,TUYA,TUYA,Tuya Inc.,US,涂鸦智能,1.45,26.22,39.03,,0,0
INOD,INOD,INOD,Innodata Inc.,US,AI数据,1.44,47.85,95.85,【高流通】,0,0
ABCL,ABCL,ABCL,AbCellera Biologics Inc.,US,AbCellera,1.35,,67.45,【亏损】,1,0
TRIP,TRIP,TRIP,"TripAdvisor, Inc.",US,AI旅行,1.35,37.29,98.64,【高流通】,0,0
AI,AI,AI,"C3.ai, Inc.",US,C3.ai,1.33,,95.34,【亏损】【高流通】,1,0
BKSY,BKSY,BKSY,BlackSky Technology Inc.,US,卫星AI,1.32,,84.96,【亏损】【高流通】,1,0
CXM,CXM,CXM,"Sprinklr, Inc.",US,客户AI,1.29,57.67,89.38,【高流通】,0,0
VRNT,VRNT,VRNT,Verint Systems Inc.,US,客户AI,1.24,28.1,94.42,【高流通】,0,0
PRGS,PRGS,PRGS,Progress Software Corporation,US,AI数据基础设施,1.22,14.85,98.87,【低PE】【高流通】,0,0
TIGR,TIGR,TIGR,UP Fintech Holding Limited,US,老虎AI金融,1.21,7.28,1205.39,【低PE】,0,0
IQ,IQ,IQ,"iQIYI, Inc.",US,爱奇艺AI,1.18,,681.91,,0,0
AEVA,AEVA,AEVA,"Aeva Technologies, Inc.",US,Aeva激光雷达,1.04,,48.24,【亏损】,1,0
COUR,COUR,COUR,"Coursera, Inc.",US,AI教育,1.04,,81.59,【高流通】,0,0
SDGR,SDGR,SDGR,"Schrodinger, Inc.",US,Schrödinger,0.93,,89.42,【低市值】【亏损】【高流通】,1,1
INDI,INDI,INDI,"indie Semiconductor, Inc.",US,汽车AI芯片,0.92,,96.89,【低市值】【高流通】,0,1
ABSI,ABSI,ABSI,Absci Corporation,US,Absci,0.76,,92.27,【低市值】【亏损】【高流通】,1,1
HUYA,HUYA,HUYA,HUYA Inc.,US,虎牙AI,0.73,,94.26,【低市值】【高流通】,0,1
SERV,SERV,SERV,Serve Robotics Inc.,US,Serve Robotics,0.71,,91.79,【低市值】【亏损】【高流通】,1,1
URG,URG,URG,Ur Energy Inc,US,铀,0.71,,93.37,【低市值】【高流通】,0,1
BMBL,BMBL,BMBL,Bumble Inc.,US,AI约会,0.63,,75.88,【低市值】,0,1
PD,PD,PD,"PagerDuty, Inc.",US,AI运维,0.62,3.93,94.86,【低市值】【低PE】【高流通】,0,1
RR,RR,RR,Richtech Robotics Inc.,US,Richtech机器人,0.57,,76.91,【低市值】【亏损】,1,1
DDL,DDL,DDL,Dingdong (Cayman) Limited,US,量子之歌,0.57,18.5,97.08,【低市值】【低PE】【高流通】,0,1
BTBT,BTBT,BTBT,"Bit Digital, Inc.",US,Bit Digital,0.51,,98.1,【低市值】【亏损】【高流通】,1,1
ZURA,ZURA,ZURA,Zura Bio Limited,US,AI生物,0.49,,57.7,【低市值】【亏损】,1,1
NNDM,NNDM,NNDM,Nano Dimension Ltd.,US,3D打印,0.41,,94.51,【低市值】【高流通】,0,1
YEXT,YEXT,YEXT,"Yext, Inc.",US,位置AI,0.41,58.71,84.0,【低市值】【高流通】,0,1
NCMI,NCMI,NCMI,"National CineMedia, Inc.",US,广告(蹭),0.32,,69.39,【低市值】,0,1
API,API,API,"Agora, Inc.",US,工业AI,0.32,46.88,373.48,【低市值】,0,1
ZH,ZH,ZH,Zhihu Inc.,US,知乎,0.28,,117.55,【低市值】,0,1
NIU,NIU,NIU,Niu Technologies,US,智能两轮,0.24,,111.16,【低市值】,0,1
ARQQ,ARQQ,ARQQ,Arqit Quantum Inc.,US,量子,0.23,,34.03,【低市值】【亏损】,1,1
QSI,QSI,QSI,Quantum-Si Incorporated,US,量子,0.21,,90.59,【低市值】【亏损】【高流通】,1,1
DOYU,DOYU,DOYU,DouYu International Holdings Li,US,斗鱼,0.15,,41.97,【低市值】,0,1
INVZ,INVZ,INVZ,Innoviz Technologies Ltd.,US,Innoviz,0.14,,91.19,【低市值】【亏损】【高流通】,1,1
CHGG,CHGG,CHGG,"Chegg, Inc.",US,AI教育,0.13,,89.89,【低市值】【亏损】【高流通】,1,1
NDLS,NDLS,NDLS,Noodles & Company,US,noodles(蹭),0.07,,55.96,【低市值】,0,1
KNDI,KNDI,KNDI,"Kandi Technologies Group, Inc.",US,电动车,0.07,,69.94,【低市值】,0,1
KOSS,KOSS,KOSS,Koss Corporation,US,消费电子(蹭),0.04,,58.08,【低市值】【亏损】,1,1
YQ,YQ,YQ,17 Education & Technology Group,US,一起教育,0.02,,4217.61,【低市值】【亏损】,1,1
PRSO,PRSO,PRSO,Peraso Inc.,US,AI芯片,0.01,,96.43,【低市值】【亏损】【高流通】,1,1
ANSS,ANSS,ANSS,,US,仿真EDA,,,,【数据缺/已退市?】,0,0
POET,POET,POET,,US,光通信,,,,【数据缺/已退市?】,0,0
JNPR,JNPR,JNPR,,US,网络,,,,【数据缺/已退市?】,0,0
INFN,INFN,INFN,,US,光网络,,,,【数据缺/已退市?】,0,0
CYBR,CYBR,CYBR,,US,身份AI,,,,【数据缺/已退市?】,0,0
ENV,ENV,ENV,,US,财富管理AI,,,,【数据缺/已退市?】,0,0
PRO,PRO,PRO,,US,价格AI,,,,【数据缺/已退市?】,0,0
ALTR,ALTR,ALTR,,US,FPGA(已私有化),,,,【数据缺/已退市?】,0,0
ESPRESSO,ESPRESSO,ESPRESSO,,US,placeholder,,,,【数据缺/已退市?】,0,0
PWSC,PWSC,PWSC,,US,教育AI,,,,【数据缺/已退市?】,0,0
CRGE,CRGE,CRGE,,US,电池/AI数据中心,,,,【数据缺/已退市?】,0,0
DADA,DADA,DADA,,US,达达AI,,,,【数据缺/已退市?】,0,0
ZK,ZK,ZK,,US,Zeekr,,,,【数据缺/已退市?】,0,0
LAZR,LAZR,LAZR,,US,Luminar,,,,【数据缺/已退市?】,0,0
IRBT,IRBT,IRBT,,US,iRobot,,,,【数据缺/已退市?】,0,0
KLG,KLG,KLG,,US,消费(蹭),,,,【数据缺/已退市?】,0,0
IVN,IVN,IVN,352885,US,铜,,,,【数据缺/已退市?】,0,0
EXAI,EXAI,EXAI,,US,Exscientia,,,,【数据缺/已退市?】,0,0
SQSP,SQSP,SQSP,,US,AI建站,,,,【数据缺/已退市?】,0,0
OLO,OLO,OLO,,US,餐饮AI,,,,【数据缺/已退市?】,0,0
MTCH,MTCH,MTCH,"Match Group, Inc.",US,AI约会,,16.25,,【低PE】【数据缺/已退市?】,0,0
IIVI,IIVI,IIVI,,US,COHR前身,,,,【数据缺/已退市?】,0,0
